“X–Ό,“db,Z,ƒAƒNƒZƒX,‰c‹ΖΤ,’θ‹x“ϊ,‚¨“X‚Μƒz[ƒ€ƒy[ƒW,x•¥‚Ά•ϋ–@
”‰_‚¤‚¦‚Έ,“‹“s–Ϊ•‹ζ”‰_1-3-9,03-5726-9359,‰ωΞ—Ώ—
΄,“‹“sΆ“c’J‹ζO¬’ƒ‰®1-40-4,03-6805-4138,‰ωΞ—Ώ—
—Ώ’ΰ  Ky‰€,“‹“s•¶sFμ1018”Τ’n,042-551-0035,‰ωΞ—Ώ—
“ϊ–{—Ώ— ¬ι‚«‚½R –{“X,“‹“sΆ“c’J‹ζ¬ι6-16-14,03-3789-1911,‰ωΞ—Ώ—
‚Β‚«‚¶A‚ή‚η “’“‡“X/ƒzƒeƒ‹“‹ƒK[ƒfƒ“ƒpƒƒX,“‹“s•¶‹‹ζ“’“‡1-7-5 ƒzƒeƒ‹“‹ƒK[ƒfƒ“ƒpƒƒX1F,03-3818-1531,‰ωΞ—Ώ—
“ϊ–{—Ώ— ‚ή‚Ζ‚¤,“‹“s’†‰›‹ζ‹βΐ6-4-16,03-3571-0723,‰ωΞ—Ώ—
“ϊ–{—Ώ— °R,“‹“s`‹ζO“c2-17-29 ƒOƒ‰ƒ“ƒfO“c B1F,050-8890-1695,‰ωΞ—Ώ—
H\“ρƒJ ’†“‡• Ό–ƒ•z,“‹“s`‹ζΌ–ƒ•z4-2-10,03-3486-5560,‰ωΞ—Ώ—
‚¨‚έ‚Μ,“‹“s™•ΐ‹ζΌ‰¬“μ‚R’–Ϊ‚V|‚U,03-5370-3318,‰ωΞ—Ώ—
‰ωΞ—Ώ—‚¨‚έ‚Μ,“‹“s™•ΐ‹ζΌ‰¬“μ‚R’–Ϊ‚V|‚U,03-5370-3318,‰ωΞ—Ώ—
‚©‚Η‚β‰ΰ“@,“‹“s`‹ζΌ–ƒ•z1-5-18,03-6447-2100,‰ωΞ—Ώ—
aH“m Π,“‹“s`‹ζΌ–ƒ•z1-4-22 ƒ”ƒFƒbƒZƒ‹Ό–ƒ•z 101,03-5843-1796,‰ωΞ—Ώ—
κκ(‚©‚Έ‚Ά‚Ώ),“‹“s`‹ζΌV‹΄1-11-6 IT1ƒrƒ‹ 1F,03-6206-6826,‰ωΞ—Ώ—
aH {‰ωΞ O“‡‰®,“‹“s–k‹ζ“c’[5-8-15 2F,03-3821-6005,‰ωΞ—Ώ—
„–B ‹{–{,“‹“s`‹ζΕ‘ε–ε1-10-11 Ε‘ε–εƒZƒ“ƒ^[ƒrƒ‹B1,03-3434-5411,‰ωΞ—Ώ—
Vh ‚Θ‚Ύ–/ƒnƒCƒAƒbƒgƒ[ƒWƒFƒ“ƒV[“‹,“‹“sVh‹ζΌVh2-7-2 ƒnƒCƒAƒbƒg ƒ[ƒWƒFƒ“ƒV[ “‹ 3F,03-6304-5211,‰ωΞ—Ώ—
΄ ‚½‚©΄,“‹“s]“‹ζ΄2-15-4 ƒxƒCƒEƒBƒ“ƒhƒE΄”’‰Ν 1F,03-6240-3037,‰ωΞ—Ώ—
”’‹ΰ‘δ‚±‚Ξ‚β‚µ,“‹“s`‹ζ”’‹ΰ‘δ5-11-3 ƒoƒ‹ƒrƒ]ƒ“91 102,03-5420-5884,‰ωΞ—Ώ—
a‡εYp,“‹“s`‹ζΌ–ƒ•z4-15-18 ‚–Ψƒrƒ‹ 1F,03-6434-1271,‰ωΞ—Ώ—
“V•y—Η –ƒ•z‚ζ‚±“c Vh•Κ“@,“‹“sVh‹ζΌVh1-19-13 Β—ιƒrƒ‹ 3F,03-6258-1168,‰ωΞ—Ώ—
σ‘’‚ή‚η,“‹“s‘δ“‹ζσ‘3-34-9,03-3872-4640,‰ωΞ—Ώ—
‰Τ‰ω“Ή,“‹“s`‹ζV‹΄‚R’–Ϊ‚X|‚U,03-3578-1068,‰ωΞ—Ώ—
‰B‚κ–[ ’¬“c“X,“‹“s’¬“cs΄’¬“c6-13-17 ƒA[ƒoƒ“ƒ~ƒTƒƒrƒ‹ 3F,042-710-5326,‰ωΞ—Ώ—
‚«‚­‰Ζ –{“X,“‹“s’†‰›‹ζ“ϊ–{‹΄l`’¬1-5-10,03-3664-9032,‰ωΞ—Ώ—
‚ά‚ι•x,“‹“sVh‹ζ‘ά’¬3-4 ƒNƒ[ƒ‹_yβ14 1F,03-6273-1003,‰ωΞ—Ώ—
‘½m–{,“‹“sVh‹ζr–Ψ’¬3-21 ‹{“ΰƒrƒ‹2F,03-6380-5797,‰ωΞ—Ώ—
δ—Ώ— β‚®‚Ώ,“‹“s™•ΐ‹ζγ‰¬1-13-7,03-3393-4564,‰ωΞ—Ώ—
‹gΛ ‹gΛ›“X,“‹“s•‘ –μs‹gΛ›–{’¬1-31-12 ‘ζ“ρ‘ε‰hƒrƒ‹ 2F,0422-27-2228,‰ωΞ—Ώ—
‚ ‚«‚Μ,“‹“sΆ“c’J‹ζo“°3-1-2 ƒ”ƒFƒ‹ƒfƒ…[ƒ‹o“°1K,03-5799-4767,‰ωΞ—Ώ—
‰ωΞ—Ώ—’Λ‰zι“μx“X,“‹“sVh‹ζs’J‘δ’¬‚P‚S|‚P‚O‚P,0120-841385,‰ωΞ—Ώ—
“ϊ–{—Ώ— ‚³‚­‚½‚έ,“‹“s™•ΐ‹ζ”~—Ά1-7-14,03-6454-6631,‰ωΞ—Ώ—
aH ‚ή‚³‚µ–μ/ƒTƒ“ƒVƒƒƒCƒ“ƒVƒeƒBƒvƒƒ“ƒXƒzƒeƒ‹,“‹“s–L“‡‹ζ“’r‘ά3-1-5 ƒTƒ“ƒVƒƒƒCƒ“ƒVƒeƒBƒvƒƒ“ƒXƒzƒeƒ‹ B1,03-5954-2257,‰ωΞ—Ώ—
δaH‚έ‚¤‚η,“‹“s`‹ζ“μΒR3-2-3 ƒJƒgƒƒAƒrƒ‹ 3F,090-2282-3411,‰ωΞ—Ώ—
‹I”φδ’¬ •“c‰Ζ,“‹“sη‘γ“c‹ζ‹I”φδ’¬1-13,03-3261-8577,‰ωΞ—Ώ—
’ƒ—Ύ ‹{β,“‹“s`‹ζZ–{–Ψ6-12-2 Z–{–Ψƒqƒ‹ƒY ƒƒWƒfƒ“ƒXB“ 3F,03-6447-1160,‰ωΞ—Ώ—
{E‘NEa‘VE“΅,“‹“s”‰¤qs‚ί‚¶‚λ‘δ1’–Ϊ100-1,042-662-8868,‰ωΞ—Ώ—
‰ωΞ¬Ί,“‹“sVh‹ζα‹{’¬‚P‚R,03-3235-3332,‰ωΞ—Ώ—
‰ωΞ ¬Ί,“‹“sVh‹ζα‹{’¬35-4,03-3235-3332,‰ωΞ—Ώ—
R—Άμ‘½©,“‹“sVh‹ζ‚“c”nκ‚R’–Ϊ‚R‚X|‚P‚V,03-3364-2957,‰ωΞ—Ώ—
l‹G{Ψ NAKANO,“‹“sΆ“c’J‹ζ‘Ύq“°3-11-4,03-4296-2420,‰ωΞ—Ώ—
”’“ψ,“‹“sη‘γ“c‹ζ‹γ’i“μ2-5-5 Ξμƒrƒ‹ƒfƒBƒ“ƒO 1F,03-3261-5872,‰ωΞ—Ώ—
—Ώ— ‹gΛ›‚ν‚ι‚Β,“‹“s•‘ –μs‹gΛ›–{’¬1-18-2 M-9ƒrƒ‹ 9F,0422-27-2593,‰ωΞ—Ώ—
…‹YΑ,“‹“s’†‰›‹ζ“ϊ–{‹΄Ί’¬2-5-10 B1F,03-6262-0826,‰ωΞ—Ώ—
N–Ψ,“‹“s’†‰›‹ζ’z’n3-7-2 ‘ζά‹βΐƒEƒFƒXƒg’z’nƒrƒ‹ 2F,03-6264-3773,‰ωΞ—Ώ—
‰ωΞ‚β‚Θ‚¬‚β,“‹“sΆ“c’J‹ζ‹Κμ‚R’–Ϊ‚Q‚T|‚P‚T,03-3700-0005,‰ωΞ—Ώ—
‚β‚Θ‚¬‚β,“‹“sΆ“c’J‹ζ‹Κμ‚R’–Ϊ‚Q‚T|‚P‚T,03-3700-0005,‰ωΞ—Ώ—
‰ωΞκ‹σ,“‹“s‘δ“‹ζ’r”V’[2-4-23,03-5685-0170,‰ωΞ—Ώ—
‰ωΞ ‘ε΄,“‹“sVh‹ζr–Ψ’¬1 ’†—Ρƒrƒ‹2F,03-6380-5223,‰ωΞ—Ώ—
‰ωΞ ‘ε΄,“‹“sVh‹ζr–Ψ’¬1 ‚Θ‚©‚Ξ‚β‚µƒrƒ‹ 2F,03-6380-5223,‰ωΞ—Ώ—
‹βΐ”ε,“‹“s’†‰›‹ζ‹βΐ8-5-24 ‹βΐBOSSƒrƒ‹ B1F,03-6821-2096,‰ωΞ—Ώ—
“ϊ–{—Ώ— —ί“Ώ,“‹“s’†‰›‹ζ‹βΐ5-7-10 EXITMELSA 8F,03-6263-9962,‰ωΞ—Ώ—
‹βΐ K‚Μ‰H,“‹“s’†‰›‹ζ‹βΐ5-5-14 JPR‹βΐ•ΐ–Ψ’Κ‚θƒrƒ‹ 8F,03-6264-6177,‰ωΞ—Ώ—
“ϊ–{—Ώ— llA2,“‹“sa’J‹ζb”δυ2-13-10 ƒƒ“ƒuƒ‰ƒ“ƒgL”φ 1F,03-6277-3150,‰ωΞ—Ώ—
‰ωΞ ’—― Τβ“X,“‹“s`‹ζ³Τβ1-5-8,03-3403-3984,‰ωΞ—Ώ—
‰ωΞ ’—―,“‹“s`‹ζ³Τβ1-5-8 Υ‰®‘ζ“ρƒrƒ‹ B1F,03-3403-3984,‰ωΞ—Ώ—
κΞO’Ή •Κ“@,“‹“s“‹“s`‹ζΌ–ƒ•z1-8-12 ARISTOΌ–ƒ•z 1F,03-6434-9495,‰ωΞ—Ώ—
ƒƒCƒ“‰ωΞ ‹βΐ ’shiya,“‹“s’†‰›‹ζ‹βΐ3-8-13 KOSEI BLD. B1F,03-3535-2227,‰ωΞ—Ώ—
Τβ ‚Ζ‚Ζ‚β‹›V,“‹“s`‹ζΤβ5-1-34 ƒNƒEƒH[ƒ^[ƒnƒEƒX1F,03-3585-4701,‰ωΞ—Ώ—
κ‹{Α,“‹“sΆ“c’J‹ζ¬ι6-22-7,03-3484-5878,‰ωΞ—Ώ—
“ϊ–{—Ώ— ‚έ‚β‚ά/‹‰¤ƒvƒ‰ƒUƒzƒeƒ‹”‰¤q,“‹“s”‰¤qs®’¬14-1 ‹‰¤ƒvƒ‰ƒUƒzƒeƒ‹”‰¤q 15F,042-656-6721,‰ωΞ—Ώ—
’Γ‚Μηβ ¬Δ,“‹“sVh‹ζr–Ψ’¬15 ƒTƒ“ƒVƒƒƒg[l’J203,03-6273-0195,‰ωΞ—Ώ—
“ϊ–{‹΄…“V‹{ µ“”Ι,“‹“s’†‰›‹ζ“ϊ–{‹΄ak’¬2-2-4 1F,03-6661-7104,‰ωΞ—Ώ—
_yβ ‚½‚ρ‚½‚©,“‹“sVh‹ζ“V_’¬63-13 _yβƒƒ]ƒ“1F,03-5227-5225,‰ωΞ—Ώ—
–ς¤–x‚ά‚²‚±‚λ—Ώ— –€‘½Θ,“‹“s’†‰›‹ζ““ϊ–{‹΄2-6-7 –{Τƒrƒ‹ 1F,03-5829-6356,‰ωΞ—Ώ—
“ϊ–{—Ώ— TAIKO,“‹“sΌ“‹s“μ’¬5-3-5,042-427-5212,‰ωΞ—Ώ—
Ό–ƒ•z aH ‚¨‚¬,“‹“s`‹ζΌ–ƒ•z2-11-2 SHINKOHΌ–ƒ•zƒrƒ‹ 1F,03-6758-0100,‰ωΞ—Ώ—
”’‹ΰ ‰“ϊ(‚¦‚ρ‚©),“‹“s`‹ζ”’‹ΰ1-25-26 ƒtƒBƒ‰[ƒWƒ…”’‹ΰ 1F,090-5246-7878,‰ωΞ—Ώ—
“ϊ–{—Ώ— ‘ε“‡,“‹“s‘«—§‹ζΓη’J–{’¬2-2-15,03-3855-0212,‰ωΞ—Ώ—
‹βΐ•Sy,“‹“s’†‰›‹ζ‹βΐ7-2-8 ‚’J‹βΐƒrƒ‹ 2F,03-3289-5060,‰ωΞ—Ώ—
•Δ‘Ί,“‹“s’†‰›‹ζ‹βΐ7-17-18,03-3541-1723,‰ωΞ—Ώ—
‰ωΞμ’[,“‹“s’†‰›‹ζ‹βΐ8-8-7 ‘ζ3ƒ\ƒƒƒhƒrƒ‹2F,03-3572-4050,‰ωΞ—Ώ—
’ί‰δ “‹Τβ“X,“‹“s`‹ζΤβ7-10-8 ]Λ΄ƒrƒ‹•ΚΩ 1F,03-6441-2533,‰ωΞ—Ώ—
Ό–ƒ•z‘ε’|,“‹“s`‹ζΌ–ƒ•z1-4-23 ƒRƒAΌ–ƒ•z 1F,03-6459-2833,‰ωΞ—Ώ—
Ό–ƒ•z–μϋ,“‹“s`‹ζΌ–ƒ•z1-10-16 ƒƒCƒ„ƒ‹ƒrƒ‹ 1F,03-5414-5570,‰ωΞ—Ώ—
‹G‚Μ’λ σ‘“X,“‹“s‘δ“‹ζσ‘2-7-26 δh –μ”Tσ‘•Κ“@ 1F,03-5830-1522,‰ωΞ—Ώ—
“ϊ–{—Ώ— ‰q“΅,“‹“s‘ε“c‹ζ—“c3-17-16,03-6715-9727,‰ωΞ—Ώ—
”όH”όπ Ν,“‹“s™•ΐ‹ζΌ‰¬–k3-18-16 ƒtƒ[ƒ_ƒ€ƒrƒ‹ 2F,03-6768-1129,‰ωΞ—Ώ—
ƒgƒNƒXƒG,“‹“s–Ϊ•‹ζ’†‰›’¬1-5-10 ƒƒOƒOpƒrƒ‹ 1F,090-5282-9441,‰ωΞ—Ώ—
‚έ‚­‚θ,“‹“s’†‰›‹ζ‹βΐ1-27-11 ‹βΐ¨ƒrƒ‹ B1F,03-6264-4489,‰ωΞ—Ώ—
ς’|,“‹“s“‹“s—ϋ”n‹ζχ‘δ6-43-3,03-3557-7305,‰ωΞ—Ώ—
‹βΐ‚Σ‚¶‚½,“‹“s’†‰›‹ζ‹βΐ7-5-15 AG1 2F,03-3572-6462,‰ωΞ—Ώ—
„–B‚έ‚Θ‚Ζ/ƒA[ƒgƒzƒeƒ‹“ϊ•ι—Άƒ‰ƒ“ƒOƒEƒbƒh,“‹“srμ‹ζ““ϊ•ι—Ά5-50-5 ƒA[ƒgƒzƒeƒ‹“ϊ•ι—Άƒ‰ƒ“ƒOƒEƒbƒh B1F,03-3803-2310,‰ωΞ—Ώ—
‚¨—Ώ— ”T‚Ά‚λ,“‹“s•iμ‹ζ“‘εδ6-2-3 “KƒnƒCƒc 102,03-6680-1610,‰ωΞ—Ώ—
V‚Ξ‚µ ‹ΰ“c’†,“‹“s’†‰›‹ζ‹βΐ7-18-17,03-3541-2556,‰ωΞ—Ώ—
„–B‚έ‚β‚Θ‚,“‹“s•iμ‹ζΌά”½“c1-17-6 ƒ†[ƒXƒNƒGƒAΌά”½“c 2F,03-6420-3868,‰ωΞ—Ώ—
‹G‚Μ’λ •Κ’ΰ,“‹“sη‘γ“c‹ζ_“c’WH’¬1-11-8 ’WH’¬UKƒrƒ‹2K,03-3251-9100,‰ωΞ—Ώ—
β’†Α/”–F‰€,“‹“s`‹ζ”’‹ΰ‘δ1-1-1 ”–F‰€“ΰ,03-3441-8888,‰ωΞ—Ώ—
‚ν“Ήs,“‹“s’†‰›‹ζ‹βΐ6-3-17 —IΊƒrƒ‹ 1F,03-3571-9247,‰ωΞ—Ώ—
Τβ ‚Ά‚Γ‚έ,“‹“s`‹ζΤβ6-11-11,03-3582-0101,‰ωΞ—Ώ—
t‰ΔH“~ ‹G‚Μ’λ ‹βΐ“X,“‹“s’†‰›‹ζ‹βΐ8-5-21,03-6253-7148,‰ωΞ—Ώ—
“ϊ–{‚Ξ‚µ ‚β‚Τ‹v ‹βΐ“X,“‹“s’†‰›‹ζ‹βΐ3-3-6 ‹βΐƒ‚ƒƒ^ƒrƒ‹ B1F,03-6228-7829,‰ωΞ—Ώ—
aH“ϊa ‚¨‚³‚―‚Ζ ‰ΰƒ–Φ,“‹“sη‘γ“c‹ζ‰ΰ‚Φ3-2-6 “‹‹δy•”ƒrƒ‹ƒfƒBƒ“ƒO 3F,03-6205-7900,‰ωΞ—Ώ—
„–B‰Ζ κ’Ό,“‹“s‘δ“‹ζσ‘3-8-6,03-3874-3033,‰ωΞ—Ώ—
‹βΐ‚Σ‚¶‚β‚ά,“‹“s’†‰›‹ζ‹βΐ3-3-6 ‹βΐƒ‚ƒƒ^ƒrƒ‹ 7F,03-6263-2435,‰ωΞ—Ώ—
‹βΐ ‚δ‚©‚θ ‡,“‹“s’†‰›‹ζ‹βΐ8-4-24 ‹βΐ“΅δƒrƒ‹ 2F,03-3569-0013,‰ωΞ—Ώ—
„–B ‚©‚°/—R‰•Κ“@ ‘γ“c,“‹“sΆ“c’J‹ζ‘γ“c2’–Ϊ31-26 —R‰•Κ“@ ‘γ“c 1F,03-5431-3101,‰ωΞ—Ώ—
‰Ψ–P,“‹“s•iμ‹ζ‰`΄‚S’–Ϊ‚R|‚P‚V,03-3781-3330,‰ωΞ—Ώ—
”\“o‹ΰ‘ς‚ΜK ‹βΐ ‚Σ‚ι“c,“‹“s’†‰›‹ζ‹βΐ5-10-11 μ“‡ƒrƒ‹ B1F1F,080-9825-7505,‰ωΞ—Ώ—
Εΰ_,“‹“s’†‰›‹ζ‹βΐ8-12-5 •υ“cƒrƒ‹ B1F,03-6278-0488,‰ωΞ—Ώ—
—[,“‹“s–Ϊ•‹ζγ–Ϊ•2-44-3 ‘ζ2–ƒ¶ƒrƒ‹1F,03-3791-5671,‰ωΞ—Ώ—
‹βΐ K‚Μ‰H,“‹“s’†‰›‹ζ‹βΐ5-5-14 JPR‹βΐ•ΐ–Ψ’Κ‚θƒrƒ‹ 8F,03-6264-6177,‰ωΞ—Ώ—
“ϊ–{—Ώ— llA2,“‹“sa’J‹ζb”δυ2-13-10 ƒƒ“ƒuƒ‰ƒ“ƒgL”φ 1F,03-6277-3150,‰ωΞ—Ώ—
‰ωΞ ’—― Τβ“X,“‹“s`‹ζ³Τβ1-5-8,03-3403-3984,‰ωΞ—Ώ—
‰ωΞ ’—―,“‹“s`‹ζ³Τβ1-5-8 Υ‰®‘ζ“ρƒrƒ‹ B1F,03-3403-3984,‰ωΞ—Ώ—
κΞO’Ή •Κ“@,“‹“s“‹“s`‹ζΌ–ƒ•z1-8-12 ARISTOΌ–ƒ•z 1F,03-6434-9495,‰ωΞ—Ώ—
ƒƒCƒ“‰ωΞ ‹βΐ ’shiya,“‹“s’†‰›‹ζ‹βΐ3-8-13 KOSEI BLD. B1F,03-3535-2227,‰ωΞ—Ώ—
Τβ ‚Ζ‚Ζ‚β‹›V,“‹“s`‹ζΤβ5-1-34 ƒNƒEƒH[ƒ^[ƒnƒEƒX1F,03-3585-4701,‰ωΞ—Ώ—
{E‘NEa‘VE“΅,“‹“s”‰¤qs‚ί‚¶‚λ‘δ1’–Ϊ100-1,042-662-8868,‰ωΞ—Ώ—
‰ωΞ¬Ί,“‹“sVh‹ζα‹{’¬‚P‚R,03-3235-3332,‰ωΞ—Ώ—
‰ωΞ ¬Ί,“‹“sVh‹ζα‹{’¬35-4,03-3235-3332,‰ωΞ—Ώ—
R—Άμ‘½©,“‹“sVh‹ζ‚“c”nκ‚R’–Ϊ‚R‚X|‚P‚V,03-3364-2957,‰ωΞ—Ώ—
l‹G{Ψ NAKANO,“‹“sΆ“c’J‹ζ‘Ύq“°3-11-4,03-4296-2420,‰ωΞ—Ώ—
”’“ψ,“‹“sη‘γ“c‹ζ‹γ’i“μ2-5-5 Ξμƒrƒ‹ƒfƒBƒ“ƒO 1F,03-3261-5872,‰ωΞ—Ώ—
—Ώ— ‹gΛ›‚ν‚ι‚Β,“‹“s•‘ –μs‹gΛ›–{’¬1-18-2 M-9ƒrƒ‹ 9F,0422-27-2593,‰ωΞ—Ώ—
‹βΐ a‚η‚ρ •ΚΩ,“‹“s’†‰›‹ζ‹βΐ6-7-6 ‹βΐΧ–μƒrƒ‹ 6F,03-5568-7450,‰ωΞ—Ώ—
‹βΐ ‰F,“‹“s’†‰›‹ζ‹βΐ1-8-7 VORT‹βΐDDI3F,03-6228-6020,‰ωΞ—Ώ—
‚¨‚Ι‚­ ‰Τ–φ,“‹“s’†‰›‹ζ‹βΐ1-14-6VORT‹βΐbriller7K,03-6264-4129,‰ωΞ—Ώ—
‚¬‚ρ‚΄ ‹MM,“‹“s’†‰›‹ζ‹βΐ7-5-4 –Ρ—ƒrƒ‹ B1F,03-3571-4845,‰ωΞ—Ώ—
‹I•—,“‹“sa’J‹ζb”δυ1-31-10 ƒ^[ƒƒ‹b”δυ1F,03-5422-7792,‰ωΞ—Ώ—
“ϊ–{—Ώ—‚Ω‚¤‚¨‚¤,“‹“s’†‰›‹ζ‹βΐ4-13-11 Ό’|‹δy•”ƒrƒ‹ 3F,03-3545-8600,‰ωΞ—Ώ—
b”δυ ω‰,“‹“sa’J‹ζb”δυ2-17-18 ’†‘Ίƒrƒ‹ 1F,03-3444-1233,‰ωΞ—Ώ—
δ—Ώ— ‚Ν‚ά‚Ή‚Ά,“‹“s’†‰›‹ζ“ϊ–{‹΄l`’¬2-29-8,03-6231-1198,‰ωΞ—Ώ—
–k‘½©R—Ά,“‹“sVh‹ζ‚“c”nκ‚R’–Ϊ‚R‚X|‚P‚V,03-3367-2946,‰ωΞ—Ώ—
δ—Ώ— S”n,“‹“s’†‰›‹ζ“ϊ–{‹΄l`’¬2-10-11 KYOE PLAZA 3F,080-4320-3002,‰ωΞ—Ώ—
O•l‰®,“‹“s™•ΐ‹ζ‚‰~›–k‚R’–Ϊ‚R‚R|‚Q,03-3336-3472,‰ωΞ—Ώ—
“ϊ–{—Ώ— –φ‰,“‹“s’†‰›‹ζ“ϊ–{‹΄l`’¬2-10-11 KYOE PLAZA“ϊ–{‹΄l`’¬7F,03-6264-9508,‰ωΞ—Ώ—
‹v’O,“‹“s’†‰›‹ζV•x2-5-5 V•xMSƒrƒ‹ 1F,03-5543-0335,‰ωΞ—Ώ—
‹βΐ ς,“‹“s’†‰›‹ζ‹βΐ7-5-4 ƒ‰ƒ”ƒBƒA[ƒ‹βΐƒrƒ‹ B1F,03-6263-9993,‰ωΞ—Ώ—
‰Μ•‘κ‹,“‹“sVh‹ζ‰Μ•‘κ’¬2-22-5 –X‰‘Vhƒrƒ‹2 3F C†Ί,090-5622-3780,‰ωΞ—Ώ—
έ—R,“‹“s’†–μ‹ζ“’†–μ5-25-6ƒ}[ƒgƒ‹ƒR[ƒg“’†–μƒOƒ‰ƒ“1F,03-3360-5736,‰ωΞ—Ώ—
“V»›¬–μ,“‹“s`‹ζ“μ–ƒ•z4-14-4 ‘ζ2Kƒrƒ‹ 1F,03-3280-2639,‰ωΞ—Ώ—
ΒΊaH “R “‹‰w‘O“X,“‹“s’†‰›‹ζ“ϊ–{‹΄3’–Ϊ3”Τ15† ƒzƒeƒ‹ ƒ‚ƒ“ƒe ƒGƒ‹ƒ}[ƒi“‹,03-3281-5581,‰ωΞ—Ώ—
‹βΐ‚­‚Η‚¤,“‹“s’†‰›‹ζ‹βΐ5-14-14 ƒTƒ“ƒƒbƒg‹βΐƒrƒ‹III 3F,03-3545-1091,‰ωΞ—Ώ—
@ Olµ,“‹“s’†‰›‹ζ‹βΐ7-3-13 ƒjƒ…[ƒMƒ“ƒUƒrƒ‹ B1F,050-3184-0977,‰ωΞ—Ώ—
‘ μ,“‹“s]Λμ‹ζ“μ¬β‚W’–Ϊ‚P‚Q|‚U,03-3650-1661,‰ωΞ—Ώ—
ƒ_ƒ‚ƒ“ƒf,“‹“s•¶‹‹ζη‘Κ–Ψ2-11-17 ƒ‚ƒ“ƒeƒxƒ‹ƒfη‘Κ–Ψ101,03-6876-0332,‰ωΞ—Ώ—
³,“‹“s`‹ζ‚—Φ2-1-1,03-3441-5121,‰ωΞ—Ώ—
–Ψ”’¬ “΅“ΰ,“‹“s’†‰›‹ζ‹βΐ4-13-7 –Ψ”’¬π 3F,03-6264-2313,‰ωΞ—Ώ—
η‰H’ί/ƒzƒeƒ‹ƒjƒ…[ƒI[ƒ^ƒj “‹,“‹“sη‘γ“c‹ζ‹I”φδ’¬4-1 ƒzƒeƒ‹ƒjƒ…[ƒI[ƒ^ƒj ƒK[ƒfƒ“ƒR[ƒg ƒƒrƒBK,03-3221-2780,‰ωΞ—Ώ—
b”δυ ‚µ‚°“c,“‹“sa’J‹ζb”δυΌ1-9-7 ƒOƒ‰ƒ“ƒxƒ‹b”δυΌ 9F,03-6712-7655,‰ωΞ—Ώ—
ΒR m,“‹“s`‹ζ“μΒR3-9-1,03-6721-1131,‰ωΞ—Ώ—
κ‹{Α,“‹“sΆ“c’J‹ζ¬ι6-22-7,03-3484-5878,‰ωΞ—Ώ—
“ϊ–{—Ώ— ‚έ‚β‚ά/‹‰¤ƒvƒ‰ƒUƒzƒeƒ‹”‰¤q,“‹“s”‰¤qs®’¬14-1 ‹‰¤ƒvƒ‰ƒUƒzƒeƒ‹”‰¤q 15F,042-656-6721,‰ωΞ—Ώ—
’Γ‚Μηβ ¬Δ,“‹“sVh‹ζr–Ψ’¬15 ƒTƒ“ƒVƒƒƒg[l’J203,03-6273-0195,‰ωΞ—Ώ—
“ϊ–{‹΄…“V‹{ µ“”Ι,“‹“s’†‰›‹ζ“ϊ–{‹΄ak’¬2-2-4 1F,03-6661-7104,‰ωΞ—Ώ—
_yβ ‚½‚ρ‚½‚©,“‹“sVh‹ζ“V_’¬63-13 _yβƒƒ]ƒ“1F,03-5227-5225,‰ωΞ—Ώ—
–ς¤–x‚ά‚²‚±‚λ—Ώ— –€‘½Θ,“‹“s’†‰›‹ζ““ϊ–{‹΄2-6-7 –{Τƒrƒ‹ 1F,03-5829-6356,‰ωΞ—Ώ—
Τβ ‚Π‚©‚ν,“‹“s`‹ζΤβ6-15-1 ƒ~ƒcƒƒrƒ‹1F,03-3586-3008,‰ωΞ—Ώ—
ΒΊ‹π‰® ”Τ‰® —“c‰w‘O“X,“‹“s‘ε“c‹ζΌ—“c7-3-3 ‘ζ1‘ηνƒrƒ‹ B2F,03-3739-7366,‰ωΞ—Ώ—
‹G‚Μ’λ Τβ“X,“‹“s`‹ζΤβ2-8-19,03-6277-7020,‰ωΞ—Ώ—
KAISEKI MIRIN,“‹“s—ϋ”n‹ζ“‘ες2-9-7 ƒƒ]ƒ“ƒhƒtƒHƒ“ƒe[ƒ“ 1F,03-6904-5616,‰ωΞ—Ώ—
“ϊ–{—Ώ—‚»‚η,“‹“s`‹ζ“μΒR7’–Ϊ13-13 ƒtƒHƒƒXƒgƒrƒ‹1F,03-6450-6106,‰ωΞ—Ώ—
‚¤‚Β‚Βμ,“‹“s]Λμ‹ζΌ“‡3-15-8,090-3960-7172,‰ωΞ—Ώ—
“–ƒ•z •s•——¬,“‹“s`‹ζ“–ƒ•z2-33-5 ‘ζlΌβƒrƒ‹1F,03-3505-5686,‰ωΞ—Ώ—
‘Vi …υΑ,“‹“s“‹“s`‹ζ“–ƒ•z2-14-8 ƒtƒBƒ‹¥ƒp[ƒN“–ƒ•z1K,070-4488-3877,‰ωΞ—Ώ—
a‹M,“‹“s’†‰›‹ζ‹βΐ5-14-9 Ξa“cƒrƒ‹4K,03-5565-3488,‰ωΞ—Ώ—
—L²μ ΄…/ƒOƒ‰ƒ“ƒhƒvƒƒ“ƒXƒzƒeƒ‹‚—Φ,“‹“s`‹ζ “μ–ƒ•z 3-5-40,03-3473-1111,‰ωΞ—Ώ—
‹βΐξ—t,“‹“s’†‰›‹ζ‹βΐ8-12-15,03-6260-6568,‰ωΞ—Ώ—
’Λ‰z,“‹“sVh‹ζ¶–ε’¬‚R,03-5360-6176,‰ωΞ—Ώ—
‰ωΞ‚θ‚ρ‚Ζ,“‹“s—§μs‰Hί’¬3-29-8,042-521-3180,‰ωΞ—Ώ—
‹Ό”‰ωΞ –³Α,“‹“s—§μs’¬1-28-5,042-524-0512,‰ωΞ—Ώ—
aH“ϊa ‚¨‚³‚―‚Ζ “ϊ–{‹΄O‰z‘O,“‹“s“‹“s’†‰›‹ζ“ϊ–{‹΄Ί’¬“ρ’–Ϊ4”Τ3† “ϊ–{‹΄Ί’¬–μ‘Ίƒrƒ‹(YUITO)3K,03-6665-0288,‰ωΞ—Ώ—
‚ΰ‚λ‚έ‰Ζ,“‹“s’†‰›‹ζ“ϊ–{‹΄Ί’¬4-3-14 “ϊ–{‹΄–k‘Ίƒrƒ‹ 6F,03-3272-6638,‰ωΞ—Ώ—
—Ώ— ƒVƒtƒN JIYUGAOKA,“‹“s–Ϊ•‹ζ©—R‚‹u1-23-2 DEAR©—R‚‹u 2F,090-3220-5429,‰ωΞ—Ώ—
‘½m–{,“‹“sVh‹ζ_yβ3-1 yqβƒvƒƒCƒX 3F,03-6380-5797,‰ωΞ—Ώ—
μ‘zΑ ‚³‚³–Ψ,“‹“sVh‹ζ_yβ3-6 η‘γ“cƒrƒ‹ 1F,03-3268-8580,‰ωΞ—Ώ—
“ϊ–{‚Μ–΅ a,“‹“sVh‹ζ‚“c”nκ2’–Ϊ8-3 ²X–Ψƒrƒ‹ 2F,03-3200-9818,‰ωΞ—Ώ—
’›/ƒUEƒyƒjƒ“ƒVƒ…ƒ‰“‹,“‹“sη‘γ“c‹ζ—Ly’¬1’–Ϊ8-1 ƒU¥ƒyƒjƒ“ƒVƒ…ƒ‰“‹ 4F,03-6270-2990,‰ωΞ—Ώ—
ƒgƒNƒXƒG,“‹“s–Ϊ•‹ζ’†‰›’¬1-5-10 ƒƒOƒOpƒrƒ‹ 1F,090-5282-9441,‰ωΞ—Ώ—
‚έ‚­‚θ,“‹“s’†‰›‹ζ‹βΐ1-27-11 ‹βΐ¨ƒrƒ‹ B1F,03-6264-4489,‰ωΞ—Ώ—
ς’|,“‹“s“‹“s—ϋ”n‹ζχ‘δ6-43-3,03-3557-7305,‰ωΞ—Ώ—
‹βΐ‚Σ‚¶‚½,“‹“s’†‰›‹ζ‹βΐ7-5-15 AG1 2F,03-3572-6462,‰ωΞ—Ώ—
„–B‚έ‚Θ‚Ζ/ƒA[ƒgƒzƒeƒ‹“ϊ•ι—Άƒ‰ƒ“ƒOƒEƒbƒh,“‹“srμ‹ζ““ϊ•ι—Ά5-50-5 ƒA[ƒgƒzƒeƒ‹“ϊ•ι—Άƒ‰ƒ“ƒOƒEƒbƒh B1F,03-3803-2310,‰ωΞ—Ώ—
‚¨—Ώ— ”T‚Ά‚λ,“‹“s•iμ‹ζ“‘εδ6-2-3 “KƒnƒCƒc 102,03-6680-1610,‰ωΞ—Ώ—
V‚Ξ‚µ ‹ΰ“c’†,“‹“s’†‰›‹ζ‹βΐ7-18-17,03-3541-2556,‰ωΞ—Ώ—
„–B‚έ‚β‚Θ‚,“‹“s•iμ‹ζΌά”½“c1-17-6 ƒ†[ƒXƒNƒGƒAΌά”½“c 2F,03-6420-3868,‰ωΞ—Ώ—
‹G‚Μ’λ •Κ’ΰ,“‹“sη‘γ“c‹ζ_“c’WH’¬1-11-8 ’WH’¬UKƒrƒ‹2K,03-3251-9100,‰ωΞ—Ώ—
β’†Α/”–F‰€,“‹“s`‹ζ”’‹ΰ‘δ1-1-1 ”–F‰€“ΰ,03-3441-8888,‰ωΞ—Ώ—
‚ν“Ήs,“‹“s’†‰›‹ζ‹βΐ6-3-17 —IΊƒrƒ‹ 1F,03-3571-9247,‰ωΞ—Ώ—
Τβ ‚Ά‚Γ‚έ,“‹“s`‹ζΤβ6-11-11,03-3582-0101,‰ωΞ—Ώ—
t‰ΔH“~ ‹G‚Μ’λ ‹βΐ“X,“‹“s’†‰›‹ζ‹βΐ8-5-21,03-6253-7148,‰ωΞ—Ώ—
“ϊ–{‚Ξ‚µ ‚β‚Τ‹v ‹βΐ“X,“‹“s’†‰›‹ζ‹βΐ3-3-6 ‹βΐƒ‚ƒƒ^ƒrƒ‹ B1F,03-6228-7829,‰ωΞ—Ώ—
aH“ϊa ‚¨‚³‚―‚Ζ ‰ΰƒ–Φ,“‹“sη‘γ“c‹ζ‰ΰ‚Φ3-2-6 “‹‹δy•”ƒrƒ‹ƒfƒBƒ“ƒO 3F,03-6205-7900,‰ωΞ—Ώ—
„–B‰Ζ κ’Ό,“‹“s‘δ“‹ζσ‘3-8-6,03-3874-3033,‰ωΞ—Ώ—
aΨ ’Ϋ,“‹“s`‹ζZ–{–Ψ3-6-1 ’O”g’JZΚ‹ƒrƒ‹ƒfƒBƒ“ƒO B1F,03-5545-5627,‰ωΞ—Ώ—
‰ωΞ ‚–μ,“‹“s`‹ζV‹΄1-11-1 JOYƒrƒ‹ 2F,03-5537-3804,‰ωΞ—Ώ—
‚–μE‰ωΞ,“‹“s`‹ζV‹΄‚P’–Ϊ‚P‚P|‚P,03-5537-3804,‰ωΞ—Ώ—
’ƒ—Ύ bΑ/ƒOƒ‰ƒ“ƒhƒvƒƒ“ƒXƒzƒeƒ‹‚—Φ,“‹“s`‹ζ‚—Φ3-13-1 ƒOƒ‰ƒ“ƒhƒvƒƒ“ƒXƒzƒeƒ‹‚—Φ ’λ‰€“ΰ,03-3442-1111,‰ωΞ—Ώ—
q‹{,“‹“s`‹ζΕ‘ε–ε2-2-16,03-3431-4119,‰ωΞ—Ώ—
σ‘ π‘V κ•¶ •ΚΩ,“‹“s‘δ“‹ζσ‘3-32-2,03-3871-1015,‰ωΞ—Ώ—
‹βΐ‚Ζ‚ΰ‚µ‚²‚λ,“‹“s“‹“s’†‰›‹ζ‹βΐ6-3-15‹βΐΊaƒC[ƒeƒBƒ“ƒOƒrƒ‹B1,03-4400-0331,‰ωΞ—Ώ—
κ•xm,“‹“s•¶‹‹ζη‘Κ–Ψ3-34-10 ‘ζκσδƒrƒ‹1F,080-2105-9859,‰ωΞ—Ώ—
ΒΊ‹π‰® ”Τ‰® Τβ“X,“‹“s`‹ζΤβ2-14-34 ΤβƒpƒƒXƒrƒ‹ 1F¥2F,03-3585-8781,‰ωΞ—Ώ—
Τβ‚¨‚¬”T,“‹“s`‹ζΤβ6-3-13 1F,03-6277-8274,‰ωΞ—Ώ—
”φθK—²,“‹“s`‹ζ–ƒ•z\”Τ3-3-13 M2KƒXƒe[ƒWIII B1F,03-5413-4129,‰ωΞ—Ώ—
—¬Ξ,“‹“s’†‰›‹ζ‹βΐ2-13-6 ““ρƒrƒ‹2F,03-3543-0404,‰ωΞ—Ώ—
‹βΐ•Δ—Ώ’ΰ ”‘γ–Ϊ‹V•Ί‰q,“‹“s’†‰›‹ζ‹βΐ5-4-15 ƒGƒtƒ[ƒ‹βΐ1F,03-6280-6383,‰ωΞ—Ώ—
‹βΐ…–μ,“‹“s’†‰›‹ζ‹βΐ1-19-14 L“Ώƒrƒ‹ 1F,03-6228-6265,‰ωΞ—Ώ—
Όγ‘εΞ‹EΌγ“Ψ •Υ,“‹“s`‹ζΤβ3-9-16,03-6441-2960,‰ωΞ—Ώ—
Τβl‹GΑ ‚ζ‚¤‰x ‚©‚Ι ‚Σ‚®,“‹“s`‹ζΤβ6’–Ϊ 12”Τ11† Τβb—zƒrƒ‹1K,03-5563-2707,‰ωΞ—Ώ—
“–ƒ•z ‚Ά‚Ώμ,“‹“s`‹ζ“–ƒ•z1-18-8,03-6435-5893,‰ωΞ—Ώ—
‹βΐ •Sy,“‹“s’†‰›‹ζ‹βΐ7-2-8 ‚’J‹βΐƒrƒ‹2F,03-3289-5060,‰ωΞ—Ώ—
aH ‚Ά‚Τ‚θ•Κ“@ V‹΄“X,“‹“s`‹ζV‹΄3-16-2 ‘Ύ—mƒrƒ‹ 2F¥3F,03-4326-8930,‰ωΞ—Ώ—
I’·,“‹“s’†‰›‹ζ‹βΐ5-9-5 ƒ`ƒA[ƒY‹βΐ 5F,03-6263-9229,‰ωΞ—Ώ—
Vh‚Θ‚Ύ–•oΩ / “V‚Υ‚η δέ• ‹Ό” ‚¨‚Ε‚ρ,“‹“sVh‹ζΌVh1-5-1 VhΌϋ‰w‘Oƒrƒ‹(¬“c‹}ƒnƒ‹ƒN)8K,03-5381-0700,‰ωΞ—Ώ—
•iμ ‚©‚Ι‰λ,“‹“s`‹ζ`“μ2-16-1 •iμƒC[ƒXƒgƒƒ“ƒ^ƒ[ B1F C,03-6427-7288,‰ωΞ—Ώ—
‹βΐ Ϋ–ε,“‹“s’†‰›‹ζ‹βΐ7-6-4 GINZA7ƒrƒ‹ 9F,03-5962-8712,‰ωΞ—Ώ—
‹Κ’ΰ,“‹“s’†‰›‹ζ‹βΐ6-6-19,03-3573-0201,‰ωΞ—Ώ—
ƒ}ƒXƒRƒ~υiƒo[,“‹“sη‘γ“c‹ζΫ‚Μ“ΰ3-2-3 “ρd‹΄ƒrƒ‹ 5F¥6F,03-3211-8184,‰ωΞ—Ώ—
‚ζ‚µ”~ l`’¬–{“X,“‹“s’†‰›‹ζ“ϊ–{‹΄l`’¬1-18-3,03-3668-4069,‰ωΞ—Ώ—
‚λ‚Ξ‚½‚βN,“‹“sVh‹ζ_yβ6-56,03-6228-1719,‰ωΞ—Ώ—
“ϊ–{—Ώ— i‰Γ,“‹“s’†‰›‹ζVμ2-19-8 SHINKA 2F,03-3552-0506,‰ωΞ—Ώ—
aΚ“χ—Ώ— ‚µ‚ρ‚³‚ρ,“‹“s“‹“s™•ΐ‹ζ‚‰~›“μ4-7-1 ƒR[ƒ|ƒJƒgƒƒ„ƒrƒ‹201,03-5913-8477,‰ωΞ—Ώ—
{Κπ–[ ‰‰ κ’¬“X,“‹“s’†‰›‹ζ“ϊ–{‹΄κ’¬2-17-3 ƒuƒ‹[ƒnƒCƒcκ’¬ 1F,03-6206-2070,‰ωΞ—Ώ—
MODERNISM,“‹“s`‹ζΌ–ƒ•z1-1-1 EDGEƒrƒ‹3F,03-6804-1744,‰ωΞ—Ώ—
΄ sei,“‹“s•¶‹‹ζ“’“‡3-35-1,03-6284-2077,‰ωΞ—Ώ—
”‰_,“‹“s`‹ζ“μΒR4-11-2 MAIYAƒrƒ‹ 1F,03-6812-9613,‰ωΞ—Ώ—
‹βΐ”ε,“‹“s’†‰›‹ζ‹βΐ8-5-24 ‹βΐBOSSƒrƒ‹ B1F,03-6821-2096,‰ωΞ—Ώ—
“ϊ–{—Ώ— —ί“Ώ,“‹“s’†‰›‹ζ‹βΐ5-7-10 EXITMELSA 8F,03-6263-9962,‰ωΞ—Ώ—
‹βΐ K‚Μ‰H,“‹“s’†‰›‹ζ‹βΐ5-5-14 JPR‹βΐ•ΐ–Ψ’Κ‚θƒrƒ‹ 8F,03-6264-6177,‰ωΞ—Ώ—
“ϊ–{—Ώ— llA2,“‹“sa’J‹ζb”δυ2-13-10 ƒƒ“ƒuƒ‰ƒ“ƒgL”φ 1F,03-6277-3150,‰ωΞ—Ώ—
‰ωΞ ’—― Τβ“X,“‹“s`‹ζ³Τβ1-5-8,03-3403-3984,‰ωΞ—Ώ—
‰ωΞ ’—―,“‹“s`‹ζ³Τβ1-5-8 Υ‰®‘ζ“ρƒrƒ‹ B1F,03-3403-3984,‰ωΞ—Ώ—
κΞO’Ή •Κ“@,“‹“s“‹“s`‹ζΌ–ƒ•z1-8-12 ARISTOΌ–ƒ•z 1F,03-6434-9495,‰ωΞ—Ώ—
ƒƒCƒ“‰ωΞ ‹βΐ ’shiya,“‹“s’†‰›‹ζ‹βΐ3-8-13 KOSEI BLD. B1F,03-3535-2227,‰ωΞ—Ώ—
Τβ ‚Ζ‚Ζ‚β‹›V,“‹“s`‹ζΤβ5-1-34 ƒNƒEƒH[ƒ^[ƒnƒEƒX1F,03-3585-4701,‰ωΞ—Ώ—
aH ‚¤‚¨‚ά‚ρ “‹–{“X,“‹“sη‘γ“c‹ζΫ‚Μ“ΰ1-1-3 “ϊ–{¶–½Ϋ‚Μ“ΰƒK[ƒfƒ“ƒ^ƒ[ B1F,03-5224-5510,‰ωΞ—Ώ—
“ϊ–{—Ώ— †,“‹“s`‹ζ–ƒ•z\”Τ1-6-7 FIƒvƒ‰ƒUƒrƒ‹ 1F,03-6447-4417,‰ωΞ—Ώ—
“μΒR ‘¦΅,“‹“s`‹ζ“μΒR5-12-4 ‘S‰ΩAƒrƒ‹B1,03-6427-7787,‰ωΞ—Ώ—
“μΒR ‘¦΅,“‹“s`‹ζ“μΒR5-12-4 ‘S‰ΩAƒrƒ‹ B1F,03-6427-7787,‰ωΞ—Ώ—
‚Θ‚Ύ– –{“X R’ƒ‰Τ‘‘(‚³‚΄‚ρ‚©‚»‚¤)/ƒzƒeƒ‹ƒjƒ…[ƒI[ƒ^ƒj ƒUEƒƒCƒ“’λ‰€“ΰ,“‹“sη‘γ“c‹ζ‹I”φδ’¬4-1 ƒzƒeƒ‹ƒjƒ…[ƒI[ƒ^ƒj ’λ‰€“ΰ,03-3264-7921,‰ωΞ—Ώ—
„–B κ£,“‹“s`‹ζZ–{–Ψ3-13-3 ƒAƒlƒbƒNƒXƒrƒ‹1F,03-5772-8060,‰ωΞ—Ώ—
‘ε‹΄’ƒ—Ύ,“‹“s`‹ζΥƒm–ε‚T’–Ϊ‚U|‚U,03-3431-3450,‰ωΞ—Ώ—
“ϊ–{—Ώ— υ‚±‚¤,“‹“s’†‰›‹ζ‹βΐ5-6-13 Όά”ΤXƒrƒ‹ 6F,03-6263-8158,‰ωΞ—Ώ—
“Ώ ‚¤‚ΏR,“‹“s’†‰›‹ζ‹βΐ3-12-9 1F,03-6264-2646,‰ωΞ—Ώ—
‚©‚Η‚β “ϊ”δ’J“@,“‹“s`‹ζΌV‹΄1-1-1 “ϊ”δ’JƒtƒH[ƒgƒ^ƒ[ 2F,03-6807-3918,‰ωΞ—Ώ—
β•O—t,“‹“s`‹ζ•lΌ’¬2-1-6 ADsis Daimon 3F,03-6381-5277,‰ωΞ—Ώ—
_‹{‘O‚Ν‚Θ‚κ,“‹“sa’J‹ζ_‹{‘O2-13-5 ‘ζZ“n•Σƒrƒ‹ B1F,03-6804-5708,‰ωΞ—Ώ—
“ϊ–{—Ώ—ƒGƒhƒA,“‹“s’†‰›‹ζ”’–x3-28-14,03-3552-0506,‰ωΞ—Ώ—
‰ΤR£ ƒvƒ‰ƒCƒx[ƒgƒTƒƒ“/ƒp[ƒNƒzƒeƒ‹“‹,“‹“s`‹ζ“V‹΄1-7-1¬—―ƒƒfƒBƒAƒ^ƒ[ ƒp[ƒNƒzƒeƒ‹“‹26F,03-6252-1177,‰ωΞ—Ώ—
’Γ ‚π‚±‚Ζ‚Δ,“‹“s•¶‹‹ζ’Γ2-35-1,03-5834-2144,‰ωΞ—Ώ—
’ςq,“‹“sη‘γ“c‹ζ‘εθ’¬2-3-1 ‘εθ’¬ƒvƒƒCƒX 1F,03-6262-6831,‰ωΞ—Ώ—
‹βΐ kappou ukai “χ ,“‹“s’†‰›‹ζ‹βΐ8-9-15 ƒWƒ…ƒGƒ‹ƒ{ƒbƒNƒX‹βΐB1K,03-5568-1515,‰ωΞ—Ώ—
“ϊ–{—Ώ— Rθ “‹‹‹΄“X,“‹“s’†‰›‹ζ‹‹΄2-6-7 ‹‹΄ƒvƒƒCƒX,050-3138-2600,‰ωΞ—Ώ—
’›/ƒUEƒyƒjƒ“ƒVƒ…ƒ‰“‹,“‹“sη‘γ“c‹ζ—Ly’¬1’–Ϊ8-1 ƒU¥ƒyƒjƒ“ƒVƒ…ƒ‰“‹ 4F,03-6270-2990,‰ωΞ—Ώ—
“ρ\lί‹G ρ (ƒZƒ“ƒ`ƒ…ƒ[ƒR[ƒgΫ‚Μ“ΰ),“‹“sη‘γ“c‹ζΫ‚Μ“ΰ2-1-1 –Ύ΅¶–½Ω B1F,03-3213-1711,‰ωΞ—Ώ—
“ϊ–{—Ώ— •‘,“‹“s–Ϊ•‹ζO“c1-4-1 ƒEƒFƒXƒeƒBƒ“ƒzƒeƒ‹“‹,03-5423-7781,‰ωΞ—Ώ—
“ϊ–{—Ώ— ’ι‘ƒzƒeƒ‹ “Π• / ’ι‘ƒzƒeƒ‹ “‹,“‹“sη‘γ“c‹ζ“ΰK’¬1-1-1 ’ι‘ƒzƒeƒ‹“‹ ƒ^ƒ[Ω B1F,03-3539-8224,‰ωΞ—Ώ—
HAL YAMASHITA “‹–{“X(ƒnƒ‹ƒ„ƒ}ƒVƒ^“‹–{“X),“‹“s`‹ζΤβ9-7-4 “‹ƒ~ƒbƒhƒ^ƒEƒ“ ƒKƒƒƒA ƒK[ƒfƒ“ƒeƒ‰ƒX1F,03-5647-8386,‰ωΞ—Ώ—
—Ώ’ΰuƒZƒ‹ƒƒAƒ“ƒ^ƒ[”ρ‰®v/ƒZƒ‹ƒƒAƒ“ƒ^ƒ[ “‹}ƒzƒeƒ‹,“‹“sa’J‹ζχ‹u’¬26-1 ƒZƒ‹ƒƒAƒ“ƒ^ƒ[“‹}ƒzƒeƒ‹ B2F,03-3476-3000,‰ωΞ—Ώ—
“ϊ–{‚Μ—Ώ— K,“‹“sη‘γ“c‹ζ‘εθ’¬1-5-1 ‘εθ’¬ƒtƒ@[ƒXƒgƒXƒNƒGƒAƒrƒ‹B1,03-3217-0831,‰ωΞ—Ώ—
‹—Ώ—’|¶,“‹“sΆ“c’J‹ζ‰‘ς‚V’–Ϊ‚P‚Q|‚Q,03-3702-7458,‰ωΞ—Ώ—
Κ,“‹“srμ‹ζ“μηZ‚U’–Ϊ‚T‚V|‚P‚T,03-3803-7404,‰ωΞ—Ώ—
‰“c,“‹“s’†‰›‹ζ‹βΐ5-4-8 ƒJƒƒIƒJƒrƒ‹B1,03-5537-3338,‰ωΞ—Ώ—
Z’–ΪEI‚έ‚Β,“‹“s’†‰›‹ζ‹βΐ‚U’–Ϊ‚X|‚R,03-6264-5632,‰ωΞ—Ώ—
Ό–ƒ•z ‚Ά‚Ώ‚Μ,“‹“s`‹ζΌ–ƒ•z4-10-6 NTƒrƒ‹3F,03-5468-7117,‰ωΞ—Ώ—
κϊ‚Π‚Ζ‚µ‚Θ‚ΰ‚Ζ‚β‚ά,“‹“s™•ΐ‹ζΌ‰¬–k‚Q’–Ϊ‚P‚Q|‚Q,03-6913-5301,‰ωΞ—Ώ—
“ϊ–{—Ώ— ‰q“΅,“‹“s‘ε“c‹ζ—“c3-17-16,03-6715-9727,„‚Ϋ‚¤
”®‰οΠ‹g’›@’ι‘ƒzƒeƒ‹“X,“‹“sη‘γ“c‹ζ“ΰK’¬‚P’–Ϊ‚P|‚P,03-3504-0777,‰ωΞ—Ώ—
΄“‡‘‘,“‹“sΒ”~sδxR‚U‚T,0428-78-8973,–―h
_yβ‚ά‚ι•x,“‹“sVh‹ζ‘ά’¬3-4 ƒNƒ[ƒ‹_yβ14 1F,03-6273-1003,‰ωΞ—Ώ—
‰ωΞ—Ώ—‚©‚β‚ά,“‹“sξιs–ξ–μϋ‚P‚P‚O‚X,042-378-9990,‰ωΞ—Ώ—
‚Σ‚µ‚«‚Μ,“‹“sVh‹ζ_yβ4-3-11 _yβ‚Β‚Θ‚µ‚ε‚¤ƒeƒ‰ƒX2F,03-3269-4556,‰ωΞ—Ώ—
‰ωΞ‘ε΄,“‹“sVh‹ζr–Ψ’¬‚P,03-6380-5223,‰ωΞ—Ώ—
‚¤‚¦‘Ί,“‹“sVh‹ζr–Ψ’¬8-1 –{ƒrƒ‹1F,03-5363-1046,“ϊ–{—Ώ—
‚Σ‚®—Ώ’ΰwanofu,“‹“s’†‰›‹ζ’z’n4-2-10,03-3543-3450,‰ωΞ—Ώ—
”®‰οΠ„–BΊδ,“‹“s’†‰›‹ζ‹βΐ‚W’–Ϊ‚V|‚P‚X,03-3571-1421,‰ωΞ—Ώ—
“ι½,“‹“s—ϋ”n‹ζ“‘ες3-1-5 ƒXƒvƒƒ“ƒO“ƒrƒ‹1F,03-3922-0267,‰ωΞ—Ώ—
ΒΊΪ‘EƒJƒEƒ“ƒ^[ {‚Μ‰οΘ—Ώ— ‹βΐ “ϊ–{—Ώ— ‚ή‚Ζ‚¤,“‹“s’†‰›‹ζ‹βΐ6-4-16,03-3571-0723,‰ωΞ—Ώ—
‚½‚Β‚έ‰®,“‹“s‘δ“‹ζσ‘‚P’–Ϊ‚R‚R|‚T,03-3842-7373,‰ωΞ—Ώ—
”®‰οΠ‹g’›@“‹–{“X,“‹“s’†‰›‹ζ‹βΐ‚W’–Ϊ‚P‚V|‚S,03-3541-8228,‰ωΞ—Ώ—
‚Π‚Μ‚β,“‹“s–Ϊ•‹ζ•½’¬‚P’–Ϊ‚R|‚P‚Q,03-3718-4343,‰ωΞ—Ώ—
“ϊ–{—Ώ—@ΕOΊΑ,“‹“s`‹ζΕφ‰€‚P’–Ϊ‚T|‚P‚O,03-5405-1275,‰ωΞ—Ώ—
‰Τ‘ε,“‹“s’†‰›‹ζ‹βΐ‚U’–Ϊ‚V|‚S,03-3569-0953,‰ωΞ—Ώ—
”®‰οΠ‚½‚Ά‰ΖΤβ“X,“‹“s`‹ζΤβ‚Q’–Ϊ‚U|‚P‚W,03-3583-5851,‰ωΞ—Ώ—
Halal SUKIYAKIRestaurant Diyafa,“‹“s`‹ζΕ2-18-4 NOƒrƒ‹2F,03-6435-3713,‰ωΞ—Ώ—
‚Σ‚¶μ––±,“‹“sη‘γ“c‹ζ_“c{“c’¬‚P’–Ϊ‚P‚V,03-3255-2501,‰ωΞ—Ώ—
,“‹“s‘δ“‹ζ—³ς‚P’–Ϊ‚Q|‚P‚P,03-3872-0375,‰ωΞ—Ώ—
{bΑ ‚ ‚η_ (‚µ‚γ‚ρ‚―‚Ά‚ ‚ρ ‚ ‚η‚©‚«),“‹“s’†‰›‹ζ–©3-5-10,090-7716-4125,‰ωΞ—Ώ—
“ϊ–{—Ώ— ‹v’O,“‹“s’†‰›‹ζV•x2-5-5 V•xMSƒrƒ‹1F,03-5543-0335,‰ωΞ—Ώ—
‹Κ”T‰Ζ@’²—•”,“‹“s‘ε“c‹ζ‰ΊΫq‚Q’–Ϊ‚P‚U|‚P‚S,03-3757-5514,‰ωΞ—Ώ—
Ι“¤‰h •s”E’ΰ,“‹“s‘δ“‹ζγ–μ2-11-19,03-3832-0785,‰ωΞ—Ώ—
αK,“‹“s’†‰›‹ζ‹βΐ‚U’–Ϊ‚T|‚P‚S,03-3573-1303,‰ωΞ—Ώ—
‰Τ‰ωΞ‚Σ‚ι—Ρ,“‹“s™•ΐ‹ζΌ‰¬–k‚P’–Ϊ‚P‚W|‚T,03-3395-0880,‰ωΞ—Ώ—
‚j‚‚‚‚‚Ή‚Θ,“‹“s‘ε“c‹ζγ’r‘δ‚P’–Ϊ‚P‚R|‚U,03-6425-9244,‰ωΞ—Ώ—
‹I‚Μμ,“‹“s`‹ζΤβ‚S’–Ϊ‚R|‚Q‚V,03-3584-3580,‰ωΞ—Ώ—
“V― γ–μL¬H“X,“‹“s•¶‹‹ζ“’“‡3-41-5,03-3831-7056,“V‚Υ‚ηA—g‚°•¨
ω‰,“‹“sη‘γ“c‹ζΫ‚Μ“ΰ1-5-1 VΫ‚Μ“ΰƒrƒ‹ƒfƒBƒ“ƒO5F,03-3287-9088,„‚Ϋ‚¤
κV,“‹“sa’J‹ζ³‘γX–Ψ’¬‚P‚O|‚R,03-3467-8933,‰ωΞ—Ώ—
δέ‹e,“‹“s’†‰›‹ζ“ϊ–{‹΄l`’¬‚Q’–Ϊ‚P|‚P‚Q,03-5652-3116,‰ωΞ—Ώ—
‰Τ‚®‚ι‚ά,“‹“s”Β‹΄‹ζν”Υ‘δ‚Q’–Ϊ‚T|‚T,03-3965-7570,‰ωΞ—Ώ—
Ό—tυ‚µ,“‹“s]Λμ‹ζ“¬β‚P’–Ϊ‚Q‚P|‚U,03-3650-0888,‰ωΞ—Ώ—
‹βΐ ‹g’›,“‹“s’†‰›‹ζ‹βΐ2-6-12 ‘ε‘q–{Ω4F,03-3535-1177,‰ωΞ—Ώ—
Β‘ƒJ,“‹“s`‹ζ“μ–ƒ•z‚S’–Ϊ‚Q|‚R‚S,03-3473-3103,‰ωΞ—Ώ—
α­,“‹“s‘δ“‹ζ—‹–ε‚P’–Ϊ‚P‚R|‚P‚R,03-3842-3943,‰ωΞ—Ώ—
‹Κ”T‰Ζ,“‹“s‘ε“c‹ζ‰ΊΫq‚Q’–Ϊ‚P‚U|‚P‚Q,0120-291074,‰ωΞ—Ώ—
‹Κ”T‰Ζ,“‹“s‘ε“c‹ζ‰ΊΫq‚Q’–Ϊ‚P‚U|‚P‚S,03-3757-5511,‰ωΞ—Ώ—
Β‘ƒJ,“‹“s`‹ζ“μ–ƒ•z‚S’–Ϊ‚Q|‚R‚S,03-3473-3103,‰ωΞ—Ώ—
‹‹΄ υi ‚Π‚³“c,“‹“s’†‰›‹ζ‹‹΄2-6-5 ƒ‰ƒ“ƒOƒ^ƒ[‹‹΄B1,03-6271-0742,¬‚θυi
”®‰οΠ‹g’›@’ι‘ƒzƒeƒ‹“X,“‹“sη‘γ“c‹ζ“ΰK’¬‚P’–Ϊ‚P|‚P,03-3504-0777,‰ωΞ—Ώ—
‚Θ‚©‚ ‚ηδ,“‹“sa’J‹ζ‰~R’¬‚Q‚W|‚W,03-3780-5885,‰ωΞ—Ώ—
‚¨—Ώ—‚β‚ά‚ΰ‚Ζ,“‹“s‘ε“c‹ζ—“c–{’¬‚Q’–Ϊ‚P|‚Q‚P,03-3737-1121,‰ωΞ—Ώ—
_Λ‹‚µ‚α‚Τ‚µ‚α‚ΤEΔ“χ µ‰γ–μ,“‹“s’†‰›‹ζ‹βΐ8-5-12 ‘ζ2ƒEƒ‹ƒƒVƒrƒ‹6F,03-5568-3003,‚µ‚α‚Τ‚µ‚α‚Τ
ω‰,“‹“sη‘γ“c‹ζΫ‚Μ“ΰ1-5-1 VΫ‚Μ“ΰƒrƒ‹ƒfƒBƒ“ƒO5F,03-3287-9088,„‚Ϋ‚¤
ς‚β ¬•½–{“X,“‹“s¬•½s”ό‰€’¬2-2-8,042-343-0480,‰ωΞ—Ώ—
‘nμ‹π‰® †,“‹“s“‘ΊRs‰h’¬2-6-10,042-313-0042,‹π‰®AƒrƒAƒz[ƒ‹
”’ΰ,“‹“s’²•zs[‘ε›³’¬‚R’–Ϊ‚R‚V|‚V,042-485-1211,‰ωΞ—Ώ—
Έi—Ώ—E”’ΰ,“‹“s’²•zs[‘ε›³’¬‚R’–Ϊ‚R‚V|‚V,042-485-1211,‰ωΞ—Ώ—
—Lΐ‰οΠδλ–μ‚»‚Ξ“X,“‹“sO‘ιs‘ε‘ς‚U’–Ϊ‚R|‚Q‚T,0422-31-9367,‰ωΞ—Ώ—
ƒwƒA[ƒƒ][ƒg‚δ‚Ά,“‹“sΌ‘½–€S‰‘½–€’¬μδ‚V‚U‚W|‚P,0428-85-2346,‰ωΞ—Ώ—
΄Ξ,“‹“sΆ“c’J‹ζ‰‘ς‚U’–Ϊ‚Q‚W|‚S,03-6432-2503,‰ωΞ—Ώ—
“ϊ–{—Ώ— ‹›‚Ν‚ά O‘ι,“‹“s•‘ –μs””¦’¬1-1-32,0422-52-3760,“ϊ–{—Ώ—
πΨ‚ ‚Ά“c,“‹“sη‘γ“c‹ζ‹γ’i“μ‚S’–Ϊ‚P|‚P‚O,03-5215-6239,‰ωΞ—Ώ—
‹Κμ‚“‡‰®ƒVƒ‡ƒbƒsƒ“ƒOƒZƒ“ƒ^[@“Ω’n‰Ί‚PK‹γ‚Βδ,“‹“sΆ“c’J‹ζ‹Κμ‚R’–Ϊ‚P‚V|‚P,03-5717-9110,‰ωΞ—Ώ—
”‰¤q„–B‚Ή‚«‚Η,“‹“s”‰¤qsOθ’¬‚X|‚T,042-686-3523,‰ωΞ—Ώ—
Τβ‚¨‚¬”T,“‹“s`‹ζΤβ6-3-13,03-6277-8274,“ϊ–{—Ώ—
‚ ‚³”T,“‹“sη‘γ“c‹ζ’¬3-7-10 σ–μƒrƒ‹–{Ω12F,03-3263-5161,“ϊ–{—Ώ—
[R,“‹“s”‰¤qs“σμ’¬‚T‚R‚T|‚W,0120-680608,‰ωΞ—Ώ—
‚θ‚ρ‚Ζ,“‹“s—§μs‰Hί’¬‚R’–Ϊ‚Q‚X|‚W,0120-674144,‰ωΞ—Ώ—
‚Θ‚©δ,“‹“sVh‹ζ’†—‡‚P’–Ϊ‚P‚V|‚P‚Q,03-3951-8305,‰ωΞ—Ώ—
‚£,“‹“sa’J‹ζ‘γX–Ψ‚P’–Ϊ‚Q‚V|‚T,03-5371-8872,‰ωΞ—Ώ—
Ι¨ ‚·‚¦‚ζ‚µ,“‹“s`‹ζΌ–ƒ•z4-2-15 …–μƒrƒ‹3F,03-6427-2314,‹½“y—Ώ—
‚έ‚β‚±ι½,“‹“s–k‹ζu–Ξ‚R’–Ϊ‚Q‚O|‚P‚Q,03-3901-5519,‰ωΞ—Ώ—
”‰¤qs—[‚β‚―¬‚β‚―‚Σ‚κ‚ ‚Ά‚Μ—ΆE‚Ά‚λ‚θ‚Ξ‚½,“‹“s”‰¤qsγ‰¶•ϋ’¬‚Q‚O‚R‚O,042-652-5655,‰ωΞ—Ώ—
‹‰Τ,“‹“sVh‹ζ_yβ‚R’–Ϊ‚P,03-3260-6851,‰ωΞ—Ώ—
“VΌ,“‹“s‘•›s“μ’¬‚R’–Ϊ‚P‚W|‚P,042-323-9734,‰ωΞ—Ώ—
κ‹{Α,“‹“sΆ“c’J‹ζ¬ι‚U’–Ϊ‚Q‚Q|‚V,03-3484-5878,‰ωΞ—Ώ—
`™B,“‹“s’†–μ‹ζ–ν¶’¬‚T’–Ϊ‚W|‚P‚S,03-3381-4738,‰ωΞ—Ώ—
”®‰οΠ’—―,“‹“s`‹ζ³Τβ‚P’–Ϊ‚T|‚W,03-3403-3984,‰ωΞ—Ώ—
‰i“c’¬•Z’ΰ,“‹“sΆ“c’J‹ζ’rK‚P’–Ϊ‚P‚O|‚W,03-5779-7477,‰ωΞ—Ώ—
ƒƒCƒ“‰ωΞ ‹βΐ ’shiya,“‹“s’†‰›‹ζ‹βΐ3-8-13 υ¶ƒrƒ‹B1,03-3535-2227,‰ωΞ—Ώ—
Τβ‚ΖT‚β‹›V,“‹“s`‹ζΤβ5-1-34,03-3585-4701,‰ωΞ—Ώ—
‚Ζ‚¤‚Σ—Ώ—‹gΐ ‹‰¤•S‰έ“XVh“X,“‹“sVh‹ζΌVh1-1-4 ‹‰¤•S‰έ“XVh“X8F,03-5321-8137,‰ωΞ—Ώ—
ι½ ‚©‚­‚Μ,“‹“s`‹ζZ–{–Ψ5-18-2 ‘εΉ‘ζ2ƒrƒ‹B1,03-5545-5496,‰ωΞ—Ώ—
‚·‚µ¬μ,“‹“s’†‰›‹ζ‹βΐ‚R’–Ϊ‚P‚S|‚P‚W,03-3545-2631,‰ωΞ—Ώ—
•’q,“‹“s–k‹ζ‰¤q‚P’–Ϊ‚Q‚R|‚R,03-3914-6654,‰ωΞ—Ώ—
‚©‚³‚Λ,“‹“s`‹ζΤβ6-16-11 •lƒrƒ‹B1,03-3589-0505,‰οΘ—Ώ—
‚ ‚ν‚β,“‹“s’†‰›‹ζ”’–x‚Q’–Ϊ‚Q‚U|‚X,03-3551-4687,‰ωΞ—Ώ—
•Δ‘Ί,“‹“s’†‰›‹ζ‹βΐ‚V’–Ϊ‚P‚V|‚Q,03-3541-1723,‰ωΞ—Ώ—
μ’[,“‹“s’†‰›‹ζ‹βΐ8-8-7 ‘ζOƒ\ƒƒƒhƒrƒ‹2F,03-3572-4050,‰ωΞ—Ώ—
‚©‚Α‚Ϋ‚¤‰Τ,“‹“sVh‹ζM”Z’¬‚Q‚P,03-5269-7128,‰ωΞ—Ώ—
„–B ‹{–{,“‹“s`‹ζΕ‘ε–ε1-10-11 Ε‘ε–εƒZƒ“ƒ^[ƒrƒ‹B1,03-3434-5411,“ϊ–{—Ώ—
”~‰®,“‹“sVh‹ζΌVh8-14-17 ƒAƒ‹ƒe[ƒ‹Vh102,03-3361-5566,„‚Ϋ‚¤
“–ƒ•z •s•——¬,“‹“s`‹ζ“–ƒ•z2-33-5,03-3505-5686,‰ωΞ—Ώ—
αΌ,“‹“s’†–μ‹ζΐ‘ά‚Q’–Ϊ‚S‚O|‚P‚O,03-3386-6836,‰ωΞ—Ώ—
Τβ ‚«‚½•,“‹“s`‹ζΤβ3-13-6 ‘Ϋ“V–μƒrƒ‹7F,03-3505-1323,‚©‚Ι—Ώ—
’·“,“‹“s`‹ζV‹΄‚T’–Ϊ‚R‚O|‚S,03-5401-1517,‰ωΞ—Ώ—
p¶‹—Ώ—,“‹“s’†‰›‹ζ‹βΐ‚R’–Ϊ‚Q|‚P‚R,03-3567-0098,‰ωΞ—Ώ—
R“c‰®“ϊ–{‹΄“X,“‹“s’†‰›‹ζ“ϊ–{‹΄‚R’–Ϊ‚P|‚P‚T,03-3271-2031,‰ωΞ—Ώ—
g‚Μδ MINOTAKE ‹gΛ›,“‹“s•‘ –μs‹gΛ›–{’¬1-2-8 ƒƒ‚ƒ“ƒrƒ‹B1,0422-21-7313,‘nμ—Ώ—
ΒΊ‰ωΞ ‹Gί‚Μ—Ώ— DARUMA,“‹“s‘ε“c‹ζ‘εX–k2-14-1,03-3762-7223,‰ωΞ—Ώ—
υi’ε,“‹“s’†‰›‹ζ“ϊ–{‹΄Ί’¬1-8-4,03-3241-6000,¬‚θυi
‚³‚Ά‚©,“‹“s‘ε“c‹ζ—“c4-31-11,03-5744-9901,„‚Ϋ‚¤
„–B‚©‚Τ‚«‰΅μ“X,“‹“s”‰¤qs‰΅μ’¬‚P‚Q‚Q|‚P‚O,042-625-1982,‰ωΞ—Ώ—
‹βΐ σ–μ‰® “’r‘ά“X,“‹“s–L“‡‹ζ“’r‘ά4-5-2 ƒGƒAƒ‰ƒCƒYƒ^ƒ[ƒ‰ƒCƒYƒAƒ[ƒiƒrƒ‹B2,03-6914-1193,‹π‰®AƒrƒAƒz[ƒ‹
‹βΐ ι½ ‚¨‚¶‚ά,“‹“s’†‰›‹ζ‹βΐ7-8-1 ‹βΐ”~—Ρƒrƒ‹8F,03-6228-5957,¬‚θυi
‹βΐ ’©μ,“‹“s’†‰›‹ζ‹βΐ7-16-17,03-6226-3661,—Ώ’ΰ
d•Ί‰q,“‹“sO‘ιs–k–μ‚S’–Ϊ‚T|‚R‚Q,03-3307-0120,‰ωΞ—Ώ—
“ϊ–{—Ώ— –P,“‹“s•‘ –μsΦ‘O2-4-4 ƒVƒeƒBƒƒo[‚ή‚³‚µ‚Μ1F,0422-55-6211,“ϊ–{—Ώ—
―‰,“‹“s™•ΐ‹ζΆ²’J–k‚U’–Ϊ‚P‚R|‚X,03-3337-9180,’ƒ“Ή‹³Ί
®‘SΒΊ‰ωΞ 1“ϊ2‘g‚Μ—Ώ’ΰ —M‚±‚¤ “ϊ–{‹΄–{“X,“‹“s’†‰›‹ζ“ϊ–{‹΄–{’¬1-4-5,03-3242-1008,‰ωΞ—Ώ—
ΒR ―‚Μ‚Θ‚ι–Ψ,“‹“sa’J‹ζ_‹{‘O5-51-8 ƒ‰¥ƒ|ƒ‹ƒgΒR4K,03-5485-1234,“ϊ–{—Ώ—
—Lΐ‰οΠ‚η‚­–,“‹“s’†‰›‹ζ’z’n‚Q’–Ϊ‚P‚Q|‚P‚T,03-3541-2577,‰ωΞ—Ώ—
α‰ΤΨ,“‹“s”‰¤qs–Ύ_’¬‚S’–Ϊ‚Q|‚V,042-644-9820,‰ωΞ—Ώ—
“¤•…„–Bα‰ΤΨ,“‹“s”‰¤qs–Ύ_’¬‚S’–Ϊ‚Q|‚V,042-644-9820,‰ωΞ—Ώ—
‚¤‚Θ‚¬‘Χ•ό,“‹“s”‰¤qsΩ’¬‚U‚S‚U|‚Q,042-664-3304,‰ωΞ—Ώ—
‘Χ•ό,“‹“s”‰¤qsΩ’¬‚U‚S‚U|‚Q,042-664-3304,‰ωΞ—Ώ—
‚³‚­‚η,“‹“sη‘γ“c‹ζO_“c‚Q’–Ϊ‚T|‚T,03-3253-2368,‰ωΞ—Ώ—
—I,“‹“s‘•›sς’¬‚R’–Ϊ‚R‚V|‚P,042-321-3776,‰ωΞ—Ώ—
”®‰οΠ‹Iƒmμ’ΰ,“‹“s]“‹ζ‚‹΄‚S|‚S,03-3631-1966,‰ωΞ—Ώ—
“V»› ¬–μ,“‹“s`‹ζ“μ–ƒ•z4-14-4 ‘ζ“ρKƒrƒ‹1F,03-3280-2639,„‚Ϋ‚¤
‹βΐ l‘γ–Ϊ ‚‹΄‰® ‹βΐ“X,“‹“s’†‰›‹ζ‹βΐ4-12-1 VORT‹βΐƒC[ƒXƒg2 4F,03-3547-0021,‚¤‚Θ‚¬
•συi,“‹“s•iμ‹ζ–L’¬‚R’–Ϊ‚R|‚P‚P,03-3782-1936,‰ωΞ—Ώ—
–{“X•lμ,“‹“s’†‰›‹ζ‹βΐ7-7-4,03-3571-2031,„‚Ϋ‚¤
‚Π‚ε‚Α‚Ζ‚±‚µ‚ά,“‹“s–n“c‹ζ‹Ρ…‚R’–Ϊ‚T|‚P‚O,03-3625-5155,‰ωΞ—Ώ—
‚Ά‚Ώ‚Σ‚¶,“‹“s‹ό‹ζ‹T—L‚R’–Ϊ‚P‚T|‚P‚O,03-5629-1330,‰ωΞ—Ώ—
•“c‰Ζ,“‹“sη‘γ“c‹ζ‹I”φδ’¬‚P|‚P‚R,03-3261-8577,‰ωΞ—Ώ—
‚Θ‚Ύ––{“XR’ƒ‰Τ‘‘,“‹“sη‘γ“c‹ζ‹I”φδ’¬‚S|‚P,03-3264-7921,‰ωΞ—Ώ—
‹βΐ‚­‚η‚Ν‚µ,“‹“s’†‰›‹ζ‹βΐ8-5-20 MarksGinza6F,03-6263-9910,„‚Ϋ‚¤
®‘SΒΊ ‚·‚µ {Κ ‘ι‚Μ‰H V‹΄“X,“‹“s`‹ζV‹΄3-6-1 •ΙRƒrƒ‹B1,03-3592-3711,¬‚θυi
ƒƒ[ƒƒAƒ“,“‹“sVh‹ζΌVh‚R’–Ϊ‚Q‚O|‚Q,03-5388-1015,‰ωΞ—Ώ—
ƒIƒyƒ‰ƒVƒeƒBƒXƒJƒCƒEƒCƒ“ƒhƒEƒYƒƒ[ƒƒAƒ“,“‹“sVh‹ζΌVh‚R’–Ϊ‚Q‚O|‚Q,03-5388-1015,‰ωΞ—Ώ—
„–BΙ“ήμ,“‹“s”‰¤qs”“ϊ’¬5-17,042-622-1756,„‚Ϋ‚¤
„–B‚±‚ί‚π,“‹“s`‹ζ–ƒ•z\”Τ2-14-4 ƒGƒ^ƒjƒeƒB[–ƒ•z\”ΤB1,03-6381-7248,„‚Ϋ‚¤
‰B‚κ–[ •iμ lΆ,“‹“s`‹ζ`“μ2-16-5 •iμƒOƒ‰ƒ“ƒpƒT[ƒWƒ…2 1F,03-5715-6237,“ϊ–{—Ώ—
‹“s“ρπ‰‘ ‰ΰƒ–Φ“X,“‹“sη‘γ“c‹ζ‰ΰ‚Φ1-1-3 •Ωμm‰οΩB1,03-5860-9834,‰ωΞ—Ώ—
”®‰οΠ”‰¤qƒGƒ‹ƒVƒB@•‡—u’ΰ,“‹“s”‰¤qs”“ϊ’¬‚U|‚V,042-623-2111,‰ωΞ—Ώ—
‚ά‚Ζ‚Ά ‹βΐ,“‹“s’†‰›‹ζ‹βΐ6-6-5 HULIC &New GINZA NAMIKI 6 7F,03-6263-8686,“ϊ–{—Ώ—
”®‰οΠ¨”@–{“X,“‹“s’†‰›‹ζ‹βΐ‚V’–Ϊ‚V|‚P‚X,03-3573-1274,‰ωΞ—Ώ—
‹,“‹“s’†‰›‹ζ‹βΐ8-3-12 GINZA{‰κƒrƒ‹5F,03-6416-4395,‰ωΞ—Ώ—
ι½”@,“‹“s’†‰›‹ζ“‡‚R’–Ϊ‚P‚O|‚Q,03-5560-0990,‰ωΞ—Ώ—
‚¨‚©‚ΰ‚Ζ,“‹“s`‹ζΥƒm–ε5-2-8 B1,03-6432-0414,‰ωΞ—Ώ—
–Β–ε@‹qΊ,“‹“s’†‰›‹ζ‹βΐ‚W’–Ϊ‚P‚O|‚P‚U,03-3574-6170,‰ωΞ—Ώ—
–Β–ε@ƒIƒtƒBƒX,“‹“s’†‰›‹ζ‹βΐ‚W’–Ϊ‚P‚O|‚P‚U,03-3571-5586,‰ωΞ—Ώ—
“ϊ–{—Ώ— ‹βΐ δέ‹e,“‹“s’†‰›‹ζ‹βΐ6-16-6 βϋ‹βΐƒrƒ‹2F,03-6264-3633,“ϊ–{—Ώ—
“χ‰®“c’†,“‹“s’†‰›‹ζ‹βΐ6-4-3 GICROS GINZA GEMS9F,03-6280-6529,„‚Ϋ‚¤
ι½’‰–{“X,“‹“s”‰¤qs“μ’¬‚T|‚P‚P,042-622-1060,‰ωΞ—Ώ—
‚½‚ή‚ηE–΅a‹„–B,“‹“s‘δ“‹ζ“ό’J‚P’–Ϊ‚Q‚T|‚R,03-3874-9544,‰ωΞ—Ώ—
–Β–ε@‹qΊ,“‹“s’†‰›‹ζ‹βΐ‚W’–Ϊ‚P‚O|‚P‚U,03-3571-5587,‰ωΞ—Ώ—
‹{–{,“‹“s`‹ζΕ‘ε–ε‚P’–Ϊ‚P‚O|‚P‚P,03-3434-5411,‰ωΞ—Ώ—
”®‰οΠ¨”@“ϊ”δ’JƒVƒeƒB“X,“‹“sη‘γ“c‹ζ“ΰK’¬‚Q’–Ϊ‚Q|‚R,03-3593-3348,‰ωΞ—Ώ—
“ϊ–{—Ώ— ‹βΐ δέ‹e,“‹“s’†‰›‹ζ‹βΐ6-16-6 βϋ‹βΐƒrƒ‹2F,03-6264-3633,“ϊ–{—Ώ—
‚ά‚Ζ‚Ά ‹βΐ,“‹“s’†‰›‹ζ‹βΐ6-6-5 HULIC &New GINZA NAMIKI 6 7F,03-6263-8686,“ϊ–{—Ώ—
μ“ή,“‹“s`‹ζΌ–ƒ•z‚R’–Ϊ‚P|‚Q‚R,03-3403-5813,‰ωΞ—Ώ—
”~‚Μ‰Τ —§μ“X,“‹“s—§μs‰h’¬3-13-7,042-540-5252,‰ωΞ—Ώ—
KAISEKI MIRIN,“‹“s—ϋ”n‹ζ“‘ες2-9-7 ƒƒ]ƒ“ƒhƒtƒHƒ“ƒe[ƒ“1F,03-6904-5616,“ϊ–{—Ώ—
ΒΊ ξ“c‰® ‚Ν‚Θ‚κ ‰ΰ‚Φ“X,“‹“sη‘γ“c‹ζ“ΰK’¬2-1-1 ƒCƒCƒmƒ_ƒCƒjƒ“ƒOB1,03-5521-1708,‰ωΞ—Ώ—
—ι‚Θ‚θ,“‹“sVh‹ζr–Ψ’¬7 ΄a‘‘1F,03-3350-1178,‰ωΞ—Ώ—
‚µ‚ρ‚Ξ‚µaυ,“‹“s`‹ζV‹΄3-11-1 ƒC[ƒOƒ‹‰GXƒrƒ‹2F,03-3437-5535,‚·‚Α‚Ϋ‚ρ—Ώ—
—Ώ—‹gΛ›‚ν‚ι‚Β,“‹“s•‘ –μs‹gΛ›–{’¬‚P’–Ϊ‚P‚W|‚Q,0422-27-2593,‰ωΞ—Ώ—
”ό‚³‚³‰‘,“‹“s”‰¤qs³‰΅R’¬‚P’–Ϊ‚P‚S|‚P‚U,042-646-3330,‰ωΞ—Ώ—
‚³‚ν,“‹“s—§μs’¬‚Q’–Ϊ‚V|‚Q,042-523-1253,‰ωΞ—Ώ—
Δ’Ή “VΝ,“‹“s`‹ζ`“μ2-2-2 •xmƒrƒ‹7F,03-6260-1646,Δ‚«’Ή
“ϊ–{—Ώ— llA2,“‹“sa’J‹ζb”δυ2-13-10 1F,03-6277-3150,“ϊ–{—Ώ—
‘½¬,“‹“s‘ε“c‹ζV—“c‚Q’–Ϊ‚P‚S|‚P‚S,03-3738-0188,‰ωΞ—Ώ—
”®‰οΠΐ•Ί‰q,“‹“s’†‰›‹ζ“ϊ–{‹΄–{’¬‚Q’–Ϊ‚R|‚Q,03-3241-2855,‰ωΞ—Ώ—
ΒΊaH —‹vBΌ–ƒ•z,“‹“s`‹ζΌ–ƒ•z4-17-19 GCƒrƒ‹B1,03-5464-9559,‹π‰®AƒrƒAƒz[ƒ‹
Y’n’Ό‘— aH‚ΖΒΊ C”¨(‚¤‚έ‚Ξ‚½‚―) ’r‘άΌϋ,“‹“s–L“‡‹ζ’r‘ά2-12-9 L£ƒrƒ‹3-1F,03-5944-8988,‹π‰®AƒrƒAƒz[ƒ‹
‚Ά‚Θ‚°‰Ζ,“‹“s`‹ζΤβ‚Q’–Ϊ‚P‚R|‚Q‚P,03-3583-2650,‰ωΞ—Ώ—
“Z’ΰ,“‹“s‘ε“c‹ζ“C‚R’–Ϊ‚Q|‚R,0120-262622,‰ωΞ—Ώ—
ι½‹ΰ,“‹“s”Β‹΄‹ζ“μν”Υ‘δ‚P’–Ϊ‚R‚P|‚P‚U,03-3530-3767,‰ωΞ—Ώ—
ι½‹ΰ,“‹“s”Β‹΄‹ζ“μν”Υ‘δ‚P’–Ϊ‚R‚P|‚P‚U,03-3956-6181,‰ωΞ—Ώ—
‚Δ‚µ‚²‚Ζ—Ώ— ‚ά‚ιR,“‹“s`‹ζ“μΒR2-14-15 ά\—’ƒrƒ‹1F,03-6804-2629,‰ωΞ—Ώ—
”Ρ‰Ζ ‚­[‚½ ‹βΐ“ρ’–Ϊ“X,“‹“s’†‰›‹ζ‹βΐ2-10-5 ‹βΐƒIƒIƒCƒrƒ‹2F,03-6260-6273,‹π‰®AƒrƒAƒz[ƒ‹
“ϊ–{—Ώ— ‘εX –•,“‹“s‘ε“c‹ζ‘εX–k1-35-3 1F,03-6436-8980,‘nμ—Ώ—
‰ωΞ ‚θ‚ρ‚Ζ,“‹“s—§μs‰Hί’¬3-29-8,042-521-3180,‰ωΞ—Ώ—
“ϊ–{—Ώ— †(‚Σ‚­‚λ‚¤) –ƒ•z\”Τ,“‹“s`‹ζ–ƒ•z\”Τ1-6-7 FIƒvƒ‰ƒUƒrƒ‹1F,03-6447-4417,‘nμ—Ώ—
”®‰οΠ‚«‚η‚η’ΰ@σ’ƒZƒ“ƒ^[,“‹“s”‰¤qs“σμ’¬‚T‚R‚T|‚W,042-668-2211,‰ωΞ—Ώ—
‚¦‚Ρ‚· ‚ ‚Σ‚»‚β,“‹“sa’J‹ζb”δυ1-24-7,03-6277-0784,‰ωΞ—Ώ—
”~‚Μ‰Τ ¬ιw‰€‘O“X,“‹“sΆ“c’J‹ζ¬ι6-5-34 4F,03-5490-8211,‚δ‚Ξ—Ώ—
‘έΨκ–ε‰®`‘D •iμ Ϋ—T,“‹“s`‹ζ`“μ5-1-23,03-5479-5632,‰®`‘D
‹βΐ‚­‚η‚Ν‚µ]hanare],“‹“s’†‰›‹ζ‹βΐ7-5-15 ‹βΐAG1ƒrƒ‹6F,03-6281-4486,„‚Ϋ‚¤
‚·‚Α‚Ϋ‚ρ ‚Σ‚® “ϊ–{—Ώ— Vh‚ ‚®‚η‰®,“‹“sVh‹ζ‰Μ•‘κ’¬2-37-5 “ϊVƒrƒ‹5F,03-3200-2724,‚·‚Α‚Ϋ‚ρ—Ώ—
b”δυ‰® HANARE,“‹“s‘•›s–{’¬3-7-31 [‘ςƒrƒ‹1F,042-329-8112,‹π‰®AƒrƒAƒz[ƒ‹
“χ‰ωΞ κ£‘R,“‹“sVh‹ζl’J2-11-19 ‘ε‘Ίƒrƒ‹1F,03-6709-8377,‰ωΞ—Ώ—
”~‚Μ‰Τ ‘εςw‰€“X,“‹“s—ϋ”n‹ζ“‘ες5-43-1 ‚δ‚ί‚θ‚ ƒtƒFƒ“ƒe4F,03-5933-0235,‰ωΞ—Ώ—
Τβ ι½ ‚Σ‚­‚Θ‚,“‹“s`‹ζΤβ3-15-14 ƒ\ƒtƒBƒAƒtƒH[ƒ‰ƒ€21 1F,03-6277-7118,¬‚θυi
SHARIΤβ/“S”ΒΔ‚έ‚½‚«Τβ,“‹“s`‹ζΤβ3-6-20 Τβƒ|[ƒ‹ƒXƒ^[ƒrƒ‹B1,03-6441-3444,“S”ΒΔ‚«
σ‘ ’ƒ—ΎκΌ,“‹“s‘δ“‹ζ—‹–ε1-15-1,03-3841-0333,‰ωΞ—Ώ—
Β–φ,“‹“s–n“c‹ζ‹Ρ…4-8-2,03-3622-6819,¬‚θυi
‘Oμ,“‹“s‘δ“‹ζ‹ξ`2-1-29,03-3841-6314,‚¤‚Θ‚¬
–L”N,“‹“s“ϊ–μs—μ‚P‚O‚U‚Q|‚P,0800-4003383,‰ωΞ—Ώ—
–L”N,“‹“s“ϊ–μs—μ‚P‚O‚U‚Q|‚P,042-593-0384,‰ωΞ—Ώ—
‚Ά‚Ώ‚ο,“‹“sΒ”~sV’¬‚V’–Ϊ‚S‚V|‚P‚R,0428-32-4590,‰ωΞ—Ώ—
–{ι,“‹“sΆ“c’J‹ζ—p‰κ2-15-8,03-6805-7989,„‚Ϋ‚¤
•‚Ζ‚­RΙ¨’O“X,“‹“sVh‹ζVh‚R’–Ϊ‚P‚S|‚P,03-5368-5398,‰ωΞ—Ώ—
‚Β‚«‚ΐ“c‘Ί,“‹“s’†‰›‹ζ’z’n‚Q’–Ϊ‚P‚Q|‚P‚P,03-3541-2591,‰ωΞ—Ώ—
–ƒ•z\”Τ ‚¨‚΄‚«,“‹“s`‹ζ–ƒ•z\”Τ3-4-5 ƒAƒNƒAƒR[ƒg–ƒ•z 1F,050-1720-2566,‰ωΞ—Ώ—
ς‚β ¬•½“μϋ“X,“‹“s¬•½s”ό‰€’¬1-8-1 ƒ‹ƒlƒZƒuƒ“106,042-207-9600,‰ωΞ—Ώ—
‚Π‚ηδ,“‹“s’†‰›‹ζ‹βΐ‚W’–Ϊ‚T|‚W,03-3573-3711,‰ωΞ—Ώ—
_yβ aH η,“‹“sVh‹ζ_yβ3-1-43,03-5261-7088,“ϊ–{—Ώ—
”~‚Μ‰Τ ’¬“c“X,“‹“s’¬“cs’†’¬3-1-11,042-739-6077,‰ωΞ—Ώ—
“V‹σ‚Μ’λ ―‚Μ‚Θ‚ι–Ψ,“‹“s–L“‡‹ζ“’r‘ά3-1 ƒTƒ“ƒVƒƒƒCƒ“60 59K,03-5485-3939,‰ωΞ—Ώ—
’z’nΒ‹σO‘γ–Ϊ •Κ“@,“‹“s’†‰›‹ζ’z’n4-13-5,03-3541-3804,¬‚θυi
Ό—t‰®Τβ“X,“‹“s`‹ζΤβ‚R’–Ϊ‚P‚R|‚P‚U,03-3583-9595,‰ωΞ—Ώ—
‹“s •Z“l a’J“X,“‹“s“‹“sa’J‹ζ“ΉΊβ1-2-3 “‹}ƒvƒ‰ƒUa’J(a’JƒtƒNƒ‰ƒX)7F,03-5784-1070,‰ωΞ—Ώ—
‚ ‚΄‚Τ κϊ,“‹“s`‹ζ–ƒ•z\”Τ2-5-14 ƒ}ƒCƒR[ƒi[ƒrƒ‹ B1F,03-5772-2936,‰ωΞ—Ώ—
‚ ‚΄‚Τκϊ,“‹“s`‹ζ–ƒ•z\”Τ2-5-14 ƒ}ƒCƒR[ƒi[ƒrƒ‹B1,03-5772-2936,‰ωΞ—Ώ—
SO-TEN,“‹“sa’J‹ζb”δυ4-27-4 b”δυYKƒrƒ‹,03-3441-6600,‰ωΞ—Ώ—
’†“,“‹“sVh‹ζVh‚R’–Ϊ‚R‚Q|‚T,03-3356-7962,‰ωΞ—Ώ—
‹α‚Ξ‚ρ,“‹“sη‘γ“c‹ζ_“c{“c’¬1-17 _“c{“c’¬117ƒrƒ‹ƒfƒBƒ“ƒO B1F,03-3252-1030,‰ωΞ—Ώ—
‚¤‚Θ‚¬„–B‘ε]Λ,“‹“s’†‰›‹ζ“ϊ–{‹΄–{’¬‚S’–Ϊ‚V|‚P‚O,03-3241-3838,‰ωΞ—Ώ—
‹α‚Ξ‚ρ,“‹“sη‘γ“c‹ζ_“c{“c’¬1-17 _“c{“c’¬117ƒrƒ‹ƒfƒBƒ“ƒOB1,03-3252-1030,“ϊ–{—Ώ—
‹P ‚«‚η‚θ,“‹“sη‘γ“c‹ζ_“c®‰®’¬46 Ό©ƒrƒ‹ 1F,03-3526-0710,‰ωΞ—Ώ—
‹βΐ •χ,“‹“s’†‰›‹ζ‹βΐ8-8-19 Ι¨—Rƒrƒ‹5F,03-3571-8596,‰ωΞ—Ώ—
‹γ’i ‚³‚­‚η‚³‚­‚η,“‹“sη‘γ“c‹ζ‹γ’i“μ2-5-5ƒCƒVƒJƒƒrƒ‹‹γ’i1F,03-5213-3939,‰ωΞ—Ώ—
‚¤‚³‚¬‰®‹βΓ,“‹“s‘—§s•xm©‘δ‚P’–Ϊ‚Q‚U|‚T,042-580-3622,‰ωΞ—Ώ—
”T–Ψβ ‚µ‚ρ,“‹“s`‹ζΤβ8-11-19 ƒGƒNƒ[ƒ‹”T–Ψβ 1F,03-6721-0086,‰ωΞ—Ώ—
‹—΄‹v•Ϋ,“‹“s`‹ζΌ–ƒ•z1-13-14 ƒVƒƒƒƒ€Ό–ƒ•z3K,050-3188-0535,‰ωΞ—Ώ—
‚Δ‚ρ‚Υ‚η“V― “’“‡“X(–{Ω),“‹“s•¶‹‹ζ“’“‡2-26-9,03-3831-6571,“V‚Υ‚ηA—g‚°•¨
Ό‚ή‚η,“‹“s‹ό‹ζ‹T—L‚P’–Ϊ‚P‚S|‚U,03-3601-5116,‰ωΞ—Ώ—
΄Ψ,“‹“s`‹ζ“–ƒ•z‚P’–Ϊ‚S|‚Q,03-3588-1870,‰ωΞ—Ώ—
•l“c‰Ζ,“‹“s’†‰›‹ζ“ϊ–{‹΄l`’¬‚R’–Ϊ‚P‚R|‚T,03-3661-5940,‰ωΞ—Ώ—
–Ψ‰Τ@•Κ“@E‚Β‚Ϊ‚έ,“‹“sη‘γ“c‹ζ“ΰ_“c‚Q’–Ϊ‚P‚Q|‚Q,03-5207-2782,‰ωΞ—Ώ—
‚Σ‘½—t,“‹“s–n“c‹ζό“‡5-24-13,03-3624-7010,“ϊ–{—Ώ—
‚Σ‘½—t,“‹“s–n“c‹ζό“‡‚T’–Ϊ‚Q‚S|‚P‚R,03-3624-7010,‰ωΞ—Ώ—
ƒƒrƒGƒ‰“‹,“‹“s–L“‡‹ζΌ’r‘ά5-9-5,03-3981-3231,‹¥®κ
a‰Μ—Ά,“‹“s—ϋ”n‹ζ–L‹Κ–k‚T’–Ϊ‚P‚U|‚P‚Q,03-5999-4129,‰ωΞ—Ώ—
…_‰‘,“‹“s’²•zs[‘ε›³’¬‚T’–Ϊ‚P‚O|‚R,042-486-0811,‰ωΞ—Ώ—
Ι¨‰®,“‹“sΌ‘½–€S“ϊ‚Μo’¬‘ε•½δ‚P‚Q‚V‚V,042-597-6675,‰ωΞ—Ώ—
”~‚Μ‰Τ —“c“X,“‹“s‘ε“c‹ζ—“c5-37 ƒjƒbƒZƒCƒAƒƒ}ƒvƒ‰ƒU2F,03-5713-7271,“ϊ–{—Ώ—
„–Bj,“‹“sVh‹ζ‚“c”nκ‚Q’–Ϊ‚P‚V|‚P,03-3200-1725,‰ωΞ—Ώ—
„–Bj,“‹“sVh‹ζ‚“c”nκ‚Q’–Ϊ‚P‚V|‚P,03-3200-1509,‰ωΞ—Ώ—
ΒΊ‰οΘ ‘O‘ς‹‚µ‚α‚Τ‚µ‚α‚Τ γ–μ …Τ,“‹“s‘δ“‹ζ“γ–μ2-21-11 γ–μƒ^[ƒ~ƒiƒ‹ƒzƒeƒ‹B1,03-3835-3414,‚µ‚α‚Τ‚µ‚α‚Τ
‚Ι‚µ‚β‚ά,“‹“s•{’†sg—t‹u‚R’–Ϊ‚S‚O|‚R,042-361-2021,‰ωΞ—Ώ—
R`‹κ“”ƒ‚Ά ITAMAEΔ“χ ”ό”ό,“‹“s‘«—§‹ζηZ®’¬39-7 ™Rƒrƒ‹B1,03-3882-4343,Δ“χ
‹“s •Z Z–{–Ψ“X,“‹“s`‹ζZ–{–Ψ6-7-7 MERCURYZ–{–Ψ1F,03-5414-1196,‚·‚«Δ‚«
‚Ν‚Θ‚έ‚Έ‚«,“‹“s‘δ“‹ζγ–μ3-5-10 ƒRƒ‹ƒ\[ƒGƒeƒ‹ƒm,03-3832-0037,aH
“χ„–B άπ Vh–μ‘Ίƒrƒ‹49F,“‹“sVh‹ζΌVh1-26-2 Vh–μ‘Ίƒrƒ‹ 49F,03-5381-2030,‰ωΞ—Ώ—
”ό”Z‹g “•’r‘ά“X,“‹“s–L“‡‹ζΌ’r‘ά1-1-25 ƒXƒpƒCƒX’r‘ά“•15F,03-3980-8855,‰ωΞ—Ώ—
υiEaH ‚‚ρ‚± γ–μ–{“X,“‹“s‘δ“‹ζγ–μ4-9-6 ƒiƒKƒtƒWƒrƒ‹6F,03-5688-8845,‰ωΞ—Ώ—
‹“s •Z ‹βΐ–{“X,“‹“s’†‰›‹ζ‹βΐ7-16-14 ‹βΐƒC[ƒXƒgƒrƒ‹1F,03-6228-4313,‚µ‚α‚Τ‚µ‚α‚Τ
 ”SUSHIa’J,“‹“sa’J‹ζ‰~R’¬3-6 EƒXƒy[ƒXƒ^ƒ[14F,050-5443-0491,‰ωΞ—Ώ—
‰B‚κ‹ζ‰Ζ ‚ν‚Ρ‚³‚ΡV‹΄–{“X,“‹“s`‹ζV‹΄2-9-6 ’ΉX_Πƒrƒ‹ 3F,03-3508-8880,‰ωΞ—Ώ—
‰Τ’± ‹βΐ–{“X,“‹“s’†‰›‹ζ‹βΐ7-16-7,03-3248-8770,‰ωΞ—Ώ—
‰Τ’± ‹βΐ–{“X,“‹“s’†‰›‹ζ‹βΐ7-16-7,03-6837-5591,‰ωΞ—Ώ—
―‹σ‚Μ’†‚Φ,“‹“sVh‹ζΌVh1-26-2 Vh–μ‘Ίƒrƒ‹50F,03-5325-2181,ƒ_ƒCƒjƒ“ƒOƒo[
‚λ‚­‚³‚ρ’ΰ,“‹“s’†‰›‹ζ‹βΐ6-9-9 ‚©‚Λ‚ά‚Βƒrƒ‹8F,03-3571-1763,“ϊ–{—Ώ—
“ϊ–{‹΄ OIKAWA,“‹“s’†‰›‹ζ“ϊ–{‹΄2-15-8,03-3272-0757,‰ωΞ—Ώ—
Ί’¬ ”ό‚Ν‚ά,“‹“s’†‰›‹ζ“ϊ–{‹΄Ί’¬1-12-13 ƒ€ƒƒzƒ“ƒrƒ‹2,03-6262-7227,‰ωΞ—Ώ—
„–B ‚Ζ‚ρ‚Ϊ,“‹“s–n“c‹ζαΘ‹΄3-7-17,03-3624-0751,‰ωΞ—Ώ—
Τβ ‰Τ‚ή‚η,“‹“s`‹ζΤβ6-6-5,03-3585-4570,‰ωΞ—Ώ—
„–B ‚Ζ‚ρ‚Ϊ,“‹“s–n“c‹ζαΘ‹΄3-7-17,03-3624-0751,„‚Ϋ‚¤
’z’nυiβ ‘–{“X,“‹“s’†‰›‹ζ’z’n2-15-12,03-3541-0655,¬‚θυi
”~‚Μ‰Τ ‘•›“X,“‹“s‘•›s“μ’¬2-17-1 ƒnƒ^ƒ„‘ζκƒrƒ‹17F,042-320-4621,‰ωΞ—Ώ—
σ‘‚ή‚¬‚Ζ‚λ,“‹“s‘δ“‹ζ—‹–ε2-2-4,03-3842-1066,‰ωΞ—Ώ—
σ‘‚ή‚¬‚Ζ‚λ–{“X,“‹“s‘δ“‹ζ—‹–ε‚Q’–Ϊ‚Q|‚S,03-3842-1066,‰ωΞ—Ώ—
σ‘‚ή‚¬‚Ζ‚λ@–{“X,“‹“s‘δ“‹ζ—‹–ε‚Q’–Ϊ‚Q|‚S,0120-361066,‰ωΞ—Ώ—
‹βΐ ‚ ‚³‚έ,“‹“s’†‰›‹ζ‹βΐ8-16-6 ‚Ζ‚«‚ν‚¬Ω1F,03-5565-1606,‰ωΞ—Ώ—
“ϊ–{—Ώ— ‚³‚­‚η/‘ζκƒzƒeƒ‹—Ό‘,“‹“s–n“c‹ζ‰΅–Τ1-6-1 ‘ζκƒzƒeƒ‹—Ό‘25F,03-5611-8469,‰ωΞ—Ώ—
‰ωΞE΅δ,“‹“s‘δ“‹ζ‘ ‘O‚S’–Ϊ‚Q‚R|‚P,03-3866-4047,‰ωΞ—Ώ—
‰V “ϊ–{‹΄ ‚Ά‚Γ‚ΰ‚β –{“X(–{ΩE•ΚΩ),“‹“s’†‰›‹ζ“ϊ–{‹΄–{Ξ’¬3-3-4,03-3241-2476,‚¤‚Θ‚¬
…‚½‚« ΊC,“‹“sVh‹ζVh5-5-1,03-3352-3101,“η—Ώ—
υiEaH ‚‚ρ‚± —§μ“X,“‹“s—§μs’¬2-4-5 CROESUS TACHIKAWA 8F,050-3177-4026,‰ωΞ—Ώ—
΅δ ‘–{“X,“‹“s‘δ“‹ζ‘ ‘O4-23-1,03-3866-4047,‚Σ‚®—Ώ—
’|—t’ΰ ‹βΐ“X,“‹“s’†‰›‹ζ‹βΐ5-8-3,03-3571-0677,‰ωΞ—Ώ—
‚΄‚­‚λ TBS“X,“‹“s`‹ζΤβ5-3-1 ΤβBizƒ^ƒ[ SHOPS&DINING2F,03-3582-6841,‰ωΞ—Ώ—
“sυi,“‹“s’†‰›‹ζ“ϊ–{‹΄ak’¬‚P’–Ϊ‚U|‚T,03-3666-3851,‰ωΞ—Ώ—
‹“s •Z V‹΄“X,“‹“s`‹ζV‹΄1-15-5 ‚Ψƒ‹ƒT115 6F,03-5510-9033,‚µ‚α‚Τ‚µ‚α‚Τ
αΘυ‚µ,“‹“s”‰¤qs“σμ’¬‚T‚U‚Q|‚P‚P,0120-634483,‰ωΞ—Ώ—
αΘυ‚µ,“‹“s”‰¤qs“σμ’¬‚T‚U‚Q|‚P‚P,042-661-0098,‰ωΞ—Ώ—
‚Β‚ι‚Ζ‚ρ‚½‚ρ Z–{–Ψ“X,“‹“s`‹ζZ–{–Ψ3-14-12,03-5786-2626,‹π‰®AƒrƒAƒz[ƒ‹
ΒΊ ξ“c‰®‚Ν‚Θ‚κ ‰ΰ‚Φ“X,“‹“sη‘γ“c‹ζ“ΰK’¬2-1-1 ”Ρ–μƒrƒ‹ƒfƒBƒ“ƒO B1F,03-5521-1708,‰ωΞ—Ώ—
”~—Ρ/“ssƒZƒ“ƒ^[ƒzƒeƒ‹,“‹“sη‘γ“c‹ζ•½‰Ν’¬2-4-1 “ssƒZƒ“ƒ^[ƒzƒeƒ‹1F,03-5216-8809,‰ωΞ—Ώ—
‘Oμ,“‹“sη‘γ“c‹ζΫ‚Μ“ΰ1-5-1 VΫ‚Μ“ΰƒrƒ‹ƒfƒBƒ“ƒO5F,03-3211-7017,‚¤‚Θ‚¬
‹βΐ £—Ά“ή,“‹“s’†‰›‹ζ‹βΐ2-7-17 ƒeƒBƒtƒ@ƒj[‹βΐƒrƒ‹ ’n‰Ί1K,03-3562-6211,‰ωΞ—Ώ—
aH‚Ζ‚Ώ‚α‚ρ‚± ”bƒ‚Ζ‚ΰ‚¦‚‚½ —Ό‘,“‹“s–n“c‹ζ—Ό‘2-17-6,03-3632-5600,“η—Ώ—
‚·‚µ‚΄‚ρ‚ά‚Ά–{w,“‹“s’†‰›‹ζ’z’n‚S’–Ϊ‚S|‚R,03-5565-3636,‰ωΞ—Ώ—
‚·‚µ‚΄‚ρ‚ά‚Ά –{w,“‹“s’†‰›‹ζ’z’n4-4-3,03-5565-3636,¬‚θυi
‚¬‚ρ‚΄Ά™έ ‚Ν‚Θ‚κ,“‹“s’†‰›‹ζ‹βΐ8-2-16 FPGƒƒ“ƒNƒX‹βΐƒRƒƒh[ 10F,03-6228-5128,‰ωΞ—Ώ—
‹“s •Z ”dF“X,“‹“s’†‰›‹ζ“ϊ–{‹΄3-13-11 –ϋ‰H‹Ζ‰οΩ1F,03-5204-8067,‚µ‚α‚Τ‚µ‚α‚Τ
‚ζ‚µ—W,“‹“s”Β‹΄‹ζ@2-19-12,03-3968-1301,‰ωΞ—Ώ—
‹ΰ‚Μ‰,“‹“s•‘ –μs‹gΛ›“μ’¬‚P’–Ϊ‚Q‚P|‚P,0422-72-8757,‰ωΞ—Ώ—
‚ά‚«‘Ί,“‹“s•iμ‹ζ“μ‘εδ3-11-5 MAKIMURA BLD 1F,03-3768-6388,‰ωΞ—Ώ—
“ϊ–{‹΄ ‚Θ‚Ύ–,“‹“s’†‰›‹ζ“ϊ–{‹΄Ί’¬1’–Ϊ4-1 “ϊ–{‹΄O‰z–{“XVΩ10F,03-6214-2701,‰ωΞ—Ώ—
‚Κ‚ιΰ“²“΅ Z–{–Ψ“X,“‹“s`‹ζZ–{–Ψ7-17-12 Z–{–ΨƒrƒWƒlƒXƒAƒp[ƒgƒƒ“ƒc 1F,03-3405-4050,‰ωΞ—Ώ—
³‰® ‹g’›,“‹“sVh‹ζVh3-14-1 Ι¨’O–{Ω7K,03-3355-6644,‰ωΞ—Ώ—
‹βΐ ¬\,“‹“s’†‰›‹ζ‹βΐ5-4-8 ƒJƒƒIƒJƒrƒ‹ 4F,03-6215-9544,‰ωΞ—Ώ—
‚¬‚ρ‚΄Ά™έ,“‹“s’†‰›‹ζ‹βΐ8-2ζ ƒRƒƒh[X “‹‚‘¬“ΉHR‰Ίƒrƒ‹2F,03-6264-5669,‰ωΞ—Ώ—
‚ά‚«‘Ί,“‹“s•iμ‹ζ“μ‘εδ‚R’–Ϊ‚P‚P|‚T,03-3768-6388,‰ωΞ—Ώ—
‚Θ‚Ύ–E“ϊ–{‹΄“X,“‹“s’†‰›‹ζ“ϊ–{‹΄Ί’¬‚P’–Ϊ‚R|‚P‚O,03-6214-2701,‰ωΞ—Ώ—
ΒR,“‹“s’†‰›‹ζ‹βΐ‚Q’–Ϊ‚W|‚T,03-3562-5621,‰ωΞ—Ώ—
³‰®‹g’›,“‹“sVh‹ζVh‚R’–Ϊ‚P‚S|‚P,03-3355-6644,‰ωΞ—Ώ—
“e‚»‚Ξ–{“X,“‹“s‹ό‹ζ“—§Ξ‚S’–Ϊ‚S‚X|‚V,03-3691-0536,‰ωΞ—Ώ—
‰οΘ‚Ζ‚¨‚»‚Ξ“e@—§Ξ–{“X,“‹“s‹ό‹ζ“—§Ξ‚S’–Ϊ‚S‚X|‚V,03-3691-0536,‰ωΞ—Ώ—
¬\,“‹“s’†‰›‹ζ‹βΐ5-4-8 ƒJƒƒIƒJƒrƒ‹4F,03-6215-9544,‰ωΞ—Ώ—
Τβ ‹e”Tδ,“‹“s`‹ζΤβ6-13-8,03-3568-6055,‰ωΞ—Ώ—
‚ά‚«‘Ί,“‹“s•iμ‹ζ“μ‘εδ3-11-5 MAKIMURA BLD 1F,03-3768-6388,„‚Ϋ‚¤
”®‰οΠ‚ά‚Βδ,“‹“sη‘γ“c‹ζ•½‰Ν’¬‚Q’–Ϊ‚Q|‚T,03-3261-7347,‰ωΞ—Ώ—
l‹G’ΰ,“‹“s¬•½sγ…–{’¬‚Q’–Ϊ‚P‚X|‚Q‚Q,042-325-8323,‰ωΞ—Ώ—
”‹g ”dF“ρ‚ΜΫ“X,“‹“s’†‰›‹ζ“ϊ–{‹΄3-2-16 ƒ}ƒXƒ„ƒrƒ‹B1,03-3231-5588,“ϊ–{—Ώ—
“k‘R’ƒ—Ύ,“‹“s’†‰›‹ζ‹βΐ‚W’–Ϊ‚T|‚P,03-3574-2020,‰ωΞ—Ώ—
Ζ,“‹“s–L“‡‹ζΌ’r‘ά‚P’–Ϊ‚Q‚W|‚P,03-3986-3926,‰ωΞ—Ώ—
“ϊ–{‹΄ ‚Θ‚Ύ–(“ϊ–{‹΄O‰z–{“XEVΩ),“‹“s’†‰›‹ζ“ϊ–{‹΄Ί’¬1-4-1 “ϊ–{‹΄O‰z–{“XVΩ10F,03-6214-2701,„‚Ϋ‚¤
‚Ά‚µμ,“‹“s‹ό‹ζ”’’Ή‚Q’–Ϊ‚R|‚P‚P,03-3602-4633,‰ωΞ—Ώ—
‹gΛ› O‚¤‚η,“‹“s•‘ –μs‹gΛ›“μ’¬1-17-1 ƒvƒƒW[ƒ‹2F,0422-24-8858,‹π‰®AƒrƒAƒz[ƒ‹
‚Β‚«‚¶A‚ή‚η “’“‡“X,“‹“s•¶‹‹ζ“’“‡1-7-5 “‹ƒK[ƒfƒ“ƒpƒƒX1F,03-3818-1531,‰οΘ—Ώ—
‚¨‚ΰ‚«‹βΐ@–{“X,“‹“s’†‰›‹ζ‹βΐ‚W’–Ϊ‚Q|‚P,03-5537-3585,‰ωΞ—Ώ—
]Λ‹Ό” ™D‹Ό(‚«‚«‚ε‚¤),“‹“s–n“c‹ζό“‡5-27-10 Sƒrƒ‹,03-6658-8462,‰ωΞ—Ώ—
‚έ‚ζ‚µ•ΚΩ,“‹“s‘δ“‹ζΌσ‘‚Q’–Ϊ‚Q‚V|‚P‚Q,03-3847-6955,‰ωΞ—Ώ—
_yβ ‚¨‚Ά‚µ‚ρ‚Ϊ,“‹“sVh‹ζ_yβ4-8,03-3269-0779,‰ωΞ—Ώ—
mΌΑ,“‹“sΆ“c’J‹ζ‰‘ς‚Q’–Ϊ‚R‚V|‚X,03-5701-1775,‰ωΞ—Ώ—
—Ώ’ΰ ‚Θ‚©ΐ,“‹“s”‰¤qs‹Ε’¬1-36-6,042-623-2222,‰ωΞ—Ώ—
”®‰οΠ‚Θ‚©ΐ,“‹“s”‰¤qs‹Ε’¬‚P’–Ϊ‚R‚U|‚U,042-623-2222,‰ωΞ—Ώ—
’ƒ­ ‹ΰ“c’†,“‹“s`‹ζ–kΒR3-6-1 oak omotesando2F,03-6450-5116,“ϊ–{—Ώ—
®‘SΒΊ „–B‚ή‚ηR,“‹“s”‰¤qsOθ’¬1-10,042-626-7367,„‚Ϋ‚¤
aπaH b”δυ •‘Ρ,“‹“sa’J‹ζb”δυΌ1-13-6 ƒuƒ‰ƒbƒTƒ€ZEN 4F,03-6277-5916,‰ωΞ—Ώ—
δ‘‚i ΌZ‰Ζ,“‹“s`‹ζZ–{–Ψ4-10-2 rμƒrƒ‹1F,03-3796-3369,‰ωΞ—Ώ—
’ΰ ’¬“c“X,“‹“s’¬“csX–μ1-20-7 ƒzƒeƒ‹’¬“cƒ”ƒBƒ‰“ΰ,042-724-5661,‰ωΞ—Ώ—
µ•O,“‹“sη‘γ“c‹ζΫ‚Μ“ΰ‚Q’–Ϊ‚S|‚P,03-3240-0003,‰ωΞ—Ώ—
’ΰ ’¬“c“X,“‹“s’¬“csX–μ1-20-7 ƒzƒeƒ‹’¬“cƒ”ƒBƒ‰“ΰ,042-724-5661,‚µ‚α‚Τ‚µ‚α‚Τ
‚»‚ΞaH —‹vΑ “ϊ–{‹΄O‰z‘O,“‹“s’†‰›‹ζ“ϊ–{‹΄Ί’¬1-12-16,03-3241-4006,‰ωΞ—Ώ—
’ΰ’¬“c“X,“‹“s’¬“csX–μ‚P’–Ϊ‚Q‚O|‚P‚O,042-724-5661,‰ωΞ—Ώ—
ƒIƒyƒ‰ƒVƒeƒBƒXƒJƒCƒEƒCƒ“ƒhƒEƒY““Vg,“‹“sVh‹ζΌVh‚R’–Ϊ‚Q‚O|‚Q,03-5388-1015,‰ωΞ—Ώ—
”®‰οΠ““Vg@ƒIƒyƒ‰ƒVƒeƒBƒXƒJƒCƒEƒCƒ“ƒhƒEƒY““Vg,“‹“sVh‹ζΌVh‚R’–Ϊ‚Q‚O|‚Q,03-5388-1015,‰ωΞ—Ώ—
‹βΐ ‚·‚‰Ζ,“‹“s’†‰›‹ζ‹βΐ3-14-13 ‘ζκϊ¶Ωƒrƒ‹ B1,03-6869-3323,‰ωΞ—Ώ—
“ϊ–{—Ώ— ‹βΐ ‚·‚‰Ζ,“‹“s’†‰›‹ζ‹βΐ3-14-13 ‘ζκϊ¶Ωƒrƒ‹B1,03-6869-3323,‰οΘ—Ώ—
‹βΐ•ϋM ‘ε‹αψ‚Ά‚λ‚θ“X,“‹“s’†‰›‹ζ‹βΐ8-8-8 ‹βΐ888ƒrƒ‹7K,03-6280-6330,‰ωΞ—Ώ—
“y²—Ώ— ”I•Ϋσ Τβ“X,“‹“s`‹ζΤβ3-11-17,03-3585-9640,‰ωΞ—Ώ—
£—Ά“ή –{“X,“‹“s`‹ζZ–{–Ψ3-12-2,03-3402-1051,‰ωΞ—Ώ—
”T–Ψβ C‰Ψ,“‹“s`‹ζ“μΒR1-15-20 ƒ”ƒBƒ‰”T–ΨβB1F,03-3479-9881,‰ωΞ—Ώ—
Δ“χ‰οΘ γ‹ ‹βΐ“X,“‹“s’†‰›‹ζ‹βΐ5-7-19 ‹βΐƒtƒHƒ[ƒrƒ‹5K,03-6228-5290,‰ωΞ—Ώ—
“y²—Ώ—‚Λ‚Ϊ‚―Τβ“X,“‹“s`‹ζΤβ‚R’–Ϊ‚P‚P|‚P‚V,03-3585-9640,‰ωΞ—Ώ—
‚Λ‚Ϊ‚―Τβ“X,“‹“s`‹ζΤβ‚R’–Ϊ‚P‚P|‚P‚V,03-3585-9640,‰ωΞ—Ώ—
‚Π‚Μ‚«‚΄‚©,“‹“s`‹ζΤβ9-7-1 “‹ƒ~ƒbƒhƒ^ƒEƒ“,03-3423-8000,‰ωΞ—Ώ—
‹“s •Z ‹‹΄“X,“‹“s’†‰›‹ζ‹‹΄2-7-14 ƒrƒ…ƒƒbƒNƒX‹‹΄1F,03-3538-5795,‚µ‚α‚Τ‚µ‚α‚Τ
Ϊ‘ΒΊ ‹βΐ•ϋM ‘ε‹αψ‚Ά‚λ‚θ“X,“‹“s’†‰›‹ζ‹βΐ8-8-8 GINZA888ƒrƒ‹7F,03-6280-6330,‰οΘ—Ώ—
Τβ “y²—Ώ— ”I•Ϋσ(‚Λ‚Ϊ‚―),“‹“s`‹ζΤβ3-11-17,03-3585-9640,‰οΘ—Ώ—
©—R‚‹u ‹›Δ,“‹“s–Ϊ•‹ζ©—R‚‹u1-3-21,03-3724-0670,‰ωΞ—Ώ—
‰λ“”,“‹“sa’J‹ζ_‹{‘O‚T’–Ϊ‚T‚P|‚U,03-3406-0990,‰ωΞ—Ώ—
“ϊ–{‚Ξ‚µ ‚β‚Τ‹v,“‹“s’†‰›‹ζ“ϊ–{‹΄2-1-19,03-3271-0829,‰ωΞ—Ώ—
‹”_ ά\—’“@ ‹βΐ KURAE™z,“‹“s’†‰›‹ζ‹βΐ7-16-21‰_ƒrƒ‹B1F,03-5148-2333,‰ωΞ—Ώ—
ΟΆ…,“‹“s`‹ζΤβ‚R’–Ϊ‚P‚Q|‚Q‚Q,03-3589-4556,‰ωΞ—Ώ—
“ϊ–{—Ώ— •Hΐ,“‹“s`‹ζZ–{–Ψ5-17-1 AXISƒrƒ‹ B1F,03-3568-6588,‰ωΞ—Ώ—
“μΒR ‚Ά‚Ζ‰Ζ,“‹“s`‹ζ“μΒR2-19-1,03-6447-1112,‰ωΞ—Ώ—
“ϊ–{—Ώ— ‰Τ‚²‚ζ‚έ“‹/ƒzƒeƒ‹—΄–ΌΩ“‹,“‹“s’†‰›‹ζ”dF1-3-22 ƒzƒeƒ‹—΄–ΌΩ“‹ 15F,03-3271-1135,‰ωΞ—Ώ—
”~‚Μ‰Τ γ–μL¬H“X,“‹“s‘δ“‹ζγ–μ1-20-11 —ι”T‰®ƒrƒ‹5F,03-3834-7712,‰ωΞ—Ώ—
ά”½“c I ‚¤‚Θ‚¬ ‚ά‚Β‚ΰ‚Ζ,“‹“s•iμ‹ζΌά”½“c1-18-1 Gotanda ex 6F-B,03-5719-5267,‰ωΞ—Ώ—
’ΰ –{“XVh,“‹“sVh‹ζ‰Μ•‘κ’¬2-26-1 ‰ia‘ζ1ƒrƒ‹ 4F,03-3209-9681,‚µ‚α‚Τ‚µ‚α‚Τ
”~‚Μ‰Τ γ–μL¬H“X,“‹“s‘δ“‹ζγ–μ1-20-11 —ι”T‰®ƒrƒ‹5F,03-3834-7712,‰ωΞ—Ώ—
ά‚¨‚θ,“‹“s`‹ζΤβ2-14-5 Daiwa Τβƒrƒ‹ 1F,03-6459-1888,‰ωΞ—Ώ—
‚Β‚«‚¶A‚ή‚η ’|Ε•oΩ,“‹“s`‹ζCέ1-11-1 ƒjƒ…[ƒsƒA’|Εƒm[ƒXƒ^ƒ[4F,03-5776-6118,‰ωΞ—Ώ—
tH ƒcƒMƒnƒM “ϊ”δ’J,“‹“sη‘γ“c‹ζ—Ly’¬1-1-1 “ϊ–{¶–½“ϊ”δ’Jƒrƒ‹B1F,03-3595-0511,‰ωΞ—Ώ—
‹βΐ “y²—Ώ— ”I•Ϋσ(‚Λ‚Ϊ‚―),“‹“s’†‰›‹ζ‹βΐ7-6-8 Όά”ΤX’Κ‚θ,03-3572-9640,‰οΘ—Ώ—
‹gΛ› ι½ xΑ ‚β‚ά‚µ‚λ,“‹“s•‘ –μs‹gΛ›–{’¬1-9-9 ζyƒrƒ‹3F,0422-27-1032,¬‚θυi
“V•w—… ‚Ω‚θμ/ƒzƒeƒ‹ƒjƒ…[ƒI[ƒ^ƒj,“‹“sη‘γ“c‹ζ‹I”φδ’¬4-1 ƒzƒeƒ‹ƒjƒ…[ƒI[ƒ^ƒj “‹ ƒƒrƒBK,03-3221-4166,‰ωΞ—Ώ—
Vh ‚Θ‚Ύ–•oΩ,“‹“sVh‹ζΌVh1-5-1 VhΌϋ‰w‘Oƒrƒ‹8F,03-5381-0700,‰ωΞ—Ώ—
‚Θ‚Ύ–•oΩEVh“X,“‹“sVh‹ζΌVh‚P’–Ϊ‚P|‚R,03-5381-0700,‰ωΞ—Ώ—
“ϊ–{—Ώ— Εχ/ƒUEƒvƒƒ“ƒX ƒp[ƒNƒ^ƒ[“‹,“‹“s`‹ζΕφ‰€4-8-1 ƒU¥ƒvƒƒ“ƒX ƒp[ƒNƒ^ƒ[“‹B1F,03-5400-1170,‰ωΞ—Ώ—
•’ƒ‰®,“‹“s‚ ‚«‚ι–μs¬’†–μ167,042-596-0129,‰ωΞ—Ώ—
“ϊ–{—Ώ— Εχ,“‹“s`‹ζΕφ‰€4-8-1 ƒU¥ƒvƒƒ“ƒXƒp[ƒNƒ^ƒ[“‹B1,03-5400-1170,‰ωΞ—Ώ—
•’ƒ‰®,“‹“s‚ ‚«‚ι–μs¬’†–μ‚P‚U‚V,042-596-0129,‰ωΞ—Ώ—
“ϊ–{—Ώ— •‘/ƒEƒFƒXƒeƒBƒ“ƒzƒeƒ‹“‹,“‹“s–Ϊ•‹ζO“c1-4-1 ƒEƒFƒXƒeƒBƒ“ƒzƒeƒ‹“‹2F,03-5423-7781,‰ωΞ—Ώ—
„–B Ά™έ,“‹“s•{’†s‹{’¬2-22-18,042-306-5003,‰ωΞ—Ώ—
‚Λ‚Ϊ‚―Ϋ‚Μ“ΰ“X,“‹“sη‘γ“c‹ζΫ‚Μ“ΰ‚Q’–Ϊ‚P|‚P,03-3212-9640,‰ωΞ—Ώ—
Δ“χ~aH “ϊ–{Δ“χ ‚Ν‚Ήμ,“‹“s’†‰›‹ζ‹βΐ6-4-6 646ƒrƒ‹2F,03-6264-5177,Δ“χ
Ϋ‚Μ“ΰ “y²—Ώ— ”I•Ϋσ(‚Λ‚Ϊ‚―),“‹“sη‘γ“c‹ζΫ‚Μ“ΰ2-1-1 Ϋ‚Μ“ΰ MY PLAZA B1,03-3212-9640,‰οΘ—Ώ—
“mα,“‹“sΆ“c’J‹ζ‰‘ς5-20-11 ©—R‚‹uTSƒrƒ‹1F,03-3718-0930,‰ωΞ—Ώ—
‚¨‚ΰ‚« —£‚κ ‹βΐ“X,“‹“s’†‰›‹ζ‹βΐ5-8-9 BINO‹βΐ 4F,03-3569-3530,‰ωΞ—Ώ—
‹βΐSun-mi ‚Ό ‚·‚«Δ‚« ‚µ‚α‚Τ‚µ‚α‚Τ “ϊ–{—Ώ— μ,“‹“s’†‰›‹ζ‹βΐ6-3-9 4F,03-5568-3300,‰ωΞ—Ώ—
_yβSHUN•‰Ζ,“‹“sVh‹ζ_yβ4-2-5 12F,03-3266-0089,‰ωΞ—Ώ—
‹βΐ‚¨‚©”T,“‹“s’†‰›‹ζ‹βΐ3-7-2 ƒI[ƒN‹βΐ B1F,03-3535-3577,‰ωΞ—Ώ—
…—ϊ/ƒUEƒLƒƒƒsƒgƒ‹ƒzƒeƒ‹ “‹},“‹“sη‘γ“c‹ζ‰i“c’¬2-10-3 ƒU¥ƒLƒƒƒsƒgƒ‹ƒzƒeƒ‹“‹}3F,03-3503-0873,‰ωΞ—Ώ—
_yβ SHUNE•‰Ζ,“‹“sVh‹ζ_yβ4-2-5,03-3266-0089,‰οΘ—Ώ—
“ϊ–{—Ώ— …—ϊ/ƒUEƒLƒƒƒsƒgƒ‹ƒzƒeƒ‹“‹},“‹“sη‘γ“c‹ζ‰i“c’¬2-10-3 ƒU¥ƒLƒƒƒsƒgƒ‹ƒzƒeƒ‹“‹}3F,03-3503-0873,“ϊ–{—Ώ—
ΒΊ ξ“c‰®‚Ν‚Θ‚κ ”dF“X,“‹“s’†‰›‹ζ”dF1-4-16 “‹•¨”dFƒrƒ‹ B1F(”d’‡ƒ_ƒCƒjƒ“ƒO“ΰ),03-6265-1708,‰ωΞ—Ώ—
‰ωΞΪ‘ΒΊ ”k›O—… ‹‹΄ yƒgƒ}ƒg‚·‚«Δ‚«E“S”ΒΔ‚«E‘N‹›z,“‹“s’†‰›‹ζ‹‹΄3-1 “‹ƒXƒNƒGƒAƒK[ƒfƒ“1-5,03-5542-1938,‚·‚«Δ‚«
„–B OB‰Ζ,“‹“s–n“c‹ζ–{4’–Ϊ17-3,03-3622-1230,‰ωΞ—Ώ—
“ϊ–{—Ώ—u‚³‚­‚ηv/ƒqƒ‹ƒgƒ““‹‚¨‘δκ,“‹“s`‹ζ‘δκ1-9-1 ƒqƒ‹ƒgƒ““‹‚¨‘δκ3F,03-5500-5580,‰ωΞ—Ώ—
„–B OB‰Ζ,“‹“s–n“c‹ζ–{4-17-3,03-3622-1230,“η—Ώ—
‹“s •Z“l V‹΄“X,“‹“s`‹ζV‹΄1-15-5 ‚Ψƒ‹ƒT115 7F,03-5510-9070,‚µ‚α‚Τ‚µ‚α‚Τ
”~‚Μ‰Τ ‹gΛ›“X,“‹“s•‘ –μs‹gΛ›–{’¬2-3-1 ‹gΛ›“‹}•S‰έ“X9F,0422-28-0320,‰ωΞ—Ώ—
OB‰Ζ,“‹“s–n“c‹ζ–{‚S’–Ϊ‚P‚V|‚R,03-3622-1230,‰ωΞ—Ώ—
‹‰ωΞ ”ό”Z‹g ‹‰¤Vh“X,“‹“sVh‹ζΌVh1-1-4 ‹‰¤•S‰έ“XVh“X 8F,03-5321-5969,‰ωΞ—Ώ—
‹‰ωΞ ”ό”Z‹g ‹‰¤Vh“X,“‹“sVh‹ζΌVh1-1-4 ‹‰¤•S‰έ“X8F,03-5321-5969,‚¤‚Θ‚¬
—t•ΰ‰Τ’λ,“‹“sVh‹ζ’Γ‹vΛ’¬3-3 1F,03-5848-3911,‰ωΞ—Ώ—
”~‚Μ‰Τ@‹βΐ•ΐ–Ψ’Κ“X,“‹“s’†‰›‹ζ‹βΐ‚Q’–Ϊ‚R|‚U,03-3538-2226,‰ωΞ—Ώ—
”~‚Μ‰Τ ‹βΐ•ΐ–Ψ’Κ“X,“‹“s’†‰›‹ζ‹βΐ2-3-6 ‹βΐ•ΐ–Ψ’Κ‚θƒrƒ‹5F,03-3538-2226,‰ωΞ—Ώ—
”~‚Μ‰Τ ‹βΐ•ΐ–Ψ’Κ“X,“‹“s’†‰›‹ζ‹βΐ2-3-6 ‹βΐ•ΐ–Ψ’Κ‚θƒrƒ‹5F,03-3538-2226,‰ωΞ—Ώ—
‚¤‚©‚Ά’|’ΰ,“‹“s”‰¤qs“μσμ’¬2850,042-661-8419,‰ωΞ—Ώ—
‹Iε,“‹“s‘«—§‹ζ’|‚Μ’Λ‚T’–Ϊ‚T|‚P‚O,03-3850-6171,‰ωΞ—Ώ—
ΒΊ‰οΘ –k‘εH •iμ’ƒ—Ύ,“‹“s`‹ζ`“μ2-16-3 •iμƒOƒ‰ƒ“ƒhƒZƒ“ƒgƒ‰ƒ‹ƒ^ƒ[B1F,03-5463-1077,‰ωΞ—Ώ—
ΒΊ‰οΘ –k‘εH ”dF’ƒ—Ύ,“‹“s’†‰›‹ζ‹‹΄1-2-5 ‹‹΄TDƒrƒ‹1K,03-3271-7172,‰ωΞ—Ώ—
ΒΊaH “R Vh–{“X,“‹“sVh‹ζΌVh2’–Ϊ4”Τ1† VhNSƒrƒ‹29F(–kƒuƒƒbƒN),03-5909-0760,‰ωΞ—Ώ—
’|’ΰ,“‹“s”‰¤qs“μσμ’¬‚Q‚W‚T‚O,042-661-8419,‰ωΞ—Ώ—
‚¤‚©‚Ά’|’ΰ,“‹“s”‰¤qs“μσμ’¬‚Q‚W‚T‚O,042-661-8419,‰ωΞ—Ώ—
‰ωΞ—Ώ— ‹Iε,“‹“s‘«—§‹ζ’|‚Μ’Λ5-5-10,03-3850-6171,“ϊ–{—Ώ—
ΒΊaH “R Vh–{“X,“‹“sVh‹ζΌVh2-4-1 VhNSƒrƒ‹29F,03-5909-0760,‚·‚«Δ‚«
κ‰®κ‡’ΰ,“‹“s‘δ“‹ζγ–μ‚Q’–Ϊ‚P‚R|‚Q,03-3831-0912,‰ωΞ—Ώ—
’r”V’[κ‰®κ‡’ΰ,“‹“s‘δ“‹ζγ–μ‚Q’–Ϊ‚P‚R|‚Q,03-3831-0912,‰ωΞ—Ώ—
“ϊ–{—Ώ— —΄‹α,“‹“sη‘γ“c‹ζ—Ly’¬1-1-2 “‹ƒ~ƒbƒhƒ^ƒEƒ““ϊ”δ’J 7F,03-6630-0007,‰ωΞ—Ώ—
_yβ ‹vI—t’ΰ(‚­‚λ‚Ξ‚Δ‚Ά),“‹“sVh‹ζ_yβ5-30,03-5206-6997,‰ωΞ—Ώ—
tH —­’rR‰¤“X,“‹“sη‘γ“c‹ζ‰i“c’¬2-11-1 R‰¤ƒp[ƒNƒ^ƒ[27F,03-3592-5288,‰ωΞ—Ώ—
_yβ ‹vI—t’ΰ,“‹“sVh‹ζ_yβ5-30,03-5206-6997,‚¤‚Η‚ρ
δ‰e‘  Ϋƒrƒ‹,“‹“sη‘γ“c‹ζΫ‚Μ“ΰ2-4-1 Ϋ‚Μ“ΰƒrƒ‹ƒfƒBƒ“ƒO6F,03-3240-1020,‰ωΞ—Ώ—
”όH•Δ–ε •iμ`“μ WINE&GRILL,“‹“s`‹ζ`“μ2-16-3 •iμƒOƒ‰ƒ“ƒhƒZƒ“ƒgƒ‰ƒ‹ƒ^ƒ[1F ƒOƒ‰ƒ“ƒpƒT[ƒWƒ…1,03-5783-5230,‰ωΞ—Ώ—
‹βΐ ‚«‚½•,“‹“s’†‰›‹ζ‹βΐ7-4-5 ‹βΐ745ƒrƒ‹3F,03-6280-6368,‚©‚Ι—Ώ—
‘–ε‹—‘‘,“‹“s“‘ΊRs•xm©’¬1-1-7,042-390-5288,‰ωΞ—Ώ—
“ϊ–{—Ώ—‚ΰ‚Ώ‚Γ‚«,“‹“s–n“c‹ζαΘ‹΄1-23-1 ƒAƒTƒqƒOƒ‹[ƒv–{Πƒrƒ‹21F,03-5608-5002,‰ωΞ—Ώ—
Vh “y²—Ώ— ”I•Ϋσ(‚Λ‚Ϊ‚―),“‹“sVh‹ζΌVh1-26-2 Vh–μ‘Ίƒrƒ‹4950F,03-3343-9640,‚µ‚α‚Τ‚µ‚α‚Τ
“ϊ–{—Ώ— u\“ριDv/ƒqƒ‹ƒgƒ““‹,“‹“sVh‹ζΌVh6-6-2 ƒqƒ‹ƒgƒ““‹2F,03-3344-5111,‰ωΞ—Ώ—
‹›  ‹β•½ Ϋ‚Μ“ΰ“X,“‹“sη‘γ“c‹ζΫ‚Μ“ΰ2-7-2 JPƒ^ƒ[KITTE 6F,03-6256-0860,‰ωΞ—Ώ—
•Κ“@ ’|‚ΜΑ ‹βΐ3’–Ϊ“X,“‹“s’†‰›‹ζ‹βΐ3-7-13 ¬“c‰®ƒrƒ‹3F,03-5159-5788,“ϊ–{—Ώ—
‚©‚Λ‚ά‚ρ,“‹“s’†‰›‹ζ“ϊ–{‹΄l`’¬1-16-7 l`’¬TNƒrƒ‹ 2F,03-3666-3717,‰ωΞ—Ώ—
‹βΐ ‚ζ‚±“c,“‹“s’†‰›‹ζ‹βΐ5-5-11 ’Λ–{•s“®Yƒrƒ‹ 5F-B,03-6280-6441,‰ωΞ—Ώ—
ΒΊ‰οΘ –k‘εH —Ly’¬“X,“‹“sη‘γ“c‹ζΫ‚Μ“ΰ3-1-1 ’ι€ƒrƒ‹B1F,03-3201-3218,‰ωΞ—Ώ—
–k‘εH’ι€“X,“‹“sη‘γ“c‹ζΫ‚Μ“ΰ‚R’–Ϊ‚P|‚P,03-3201-3218,‰ωΞ—Ώ—
„–B μμ,“‹“s`‹ζ–ƒ•z\”Τ3-3-9 VORT –ƒ•z\”Τ2 5F,03-5419-7332,‰ωΞ—Ώ—
“•XΑ,“‹“s‚ ‚«‚ι–μs¬μ633,042-559-8080,‰ωΞ—Ώ—
Υ”’,“‹“sVh‹ζ_yβ3-4,03-5228-6077,‰ωΞ—Ώ—
’J‚β a,“‹“s’†‰›‹ζ“ϊ–{‹΄•l’¬3-2-7,03-5614-0013,‰ωΞ—Ώ—
‰ωΞ κ•¶,“‹“sVh‹ζ–ξ—’¬156,03-5206-8223,‰ωΞ—Ώ—
‰ωΞEκ•¶,“‹“sVh‹ζ_yβ‚R’–Ϊ‚U,03-5206-8223,‰ωΞ—Ώ—
‚β‚Θ‚¬‚β,“‹“sΆ“c’J‹ζ‹Κμ‚R’–Ϊ‚Q‚T|‚P‚T,03-3700-8267,‰ωΞ—Ώ—
‘’Γ’ΰ,“‹“s‘δ“‹ζσ‘3-18-10,03-6458-1932,‰ωΞ—Ώ—
‹βΐ u‰,“‹“s’†‰›‹ζ‹βΐ6-12-14 Ό‰‹β—ΞΩ 8F,03-5962-8053,‰ωΞ—Ώ—
‚©‚Ά‚Ή‚«δ’†‹,“‹“sΒ”~s“΅‹΄2-32,042-830-1661,‰ωΞ—Ώ—
‚Ι‚ε‚λ• ‹βΐ,“‹“s’†‰›‹ζ‹βΐ6-12-7‹βΐV―ƒrƒ‹,03-5537-5914,‰ωΞ—Ώ—
“Ή‘’λ,“‹“s•iμ‹ζψ‚Μ‘δ6-10-4,03-3786-7219,‰ωΞ—Ώ—
β–{’¬ ‚‚Ν‚µ,“‹“sη‘γ“c‹ζβ–{’¬2-5-6 SANYOƒrƒ‹ 2F,03-5839-2863,‰ωΞ—Ώ—
aπaH ‚Μβ,“‹“sa’J‹ζb”δυΌ1-3-8 A“cƒrƒ‹2F,03-5728-3346,‰ωΞ—Ώ—
“ϊ–{—Ώ— ‚ή‚³‚µ‚Μ/ƒzƒeƒ‹ƒJƒfƒ“ƒcƒ@“‹,“‹“s—ϋ”n‹ζ‚Ό5-8 ƒzƒeƒ‹ƒJƒfƒ“ƒcƒ@“‹ J.CIT 1F,03-5372-4501,‰ωΞ—Ώ—
‚Ζ‚¤‚Σ‰®‚¤‚©‚Ά ‘εa“c“X,“‹“s”‰¤qs‘εa“c’¬2-18-10,042-656-1028,‰ωΞ—Ώ—
“V‰λ,“‹“s–Ϊ•‹ζγ–Ϊ•3-16-13 ƒLƒ…[ƒuM B1F,03-6303-4005,‰ωΞ—Ώ—
ζC,“‹“s`‹ζΌ–ƒ•z2-16-1 Φ“cƒrƒ‹1K,03-6427-5167,‰ωΞ—Ώ—
KATOfS DINING & BAR /ƒzƒeƒ‹ƒjƒ…[ƒI[ƒ^ƒj,“‹“sη‘γ“c‹ζ‹I”φδ’¬4-1 ƒzƒeƒ‹ƒjƒ…[ƒI[ƒ^ƒj ƒK[ƒfƒ“ƒR[ƒg ƒƒrƒBK(6F),03-3265-1111,‰ωΞ—Ώ—
”Β‘q’ƒ‰® —v,“‹“s•¶‹‹ζ“’“‡3-44-9 “’“‡—vƒrƒ‹5F,03-3831-6265,‰ωΞ—Ώ—
“ϊ–{—Ώ— u{Κv/a’JƒGƒNƒZƒ‹ƒzƒeƒ‹“‹},“‹“sa’J‹ζ“ΉΊβ1-12-2 a’JƒGƒNƒZƒ‹ƒzƒeƒ‹“‹}25F,03-5457-0131,‰ωΞ—Ώ—
µ•O “‹“X/Ϋƒrƒ‹36F,“‹“sη‘γ“c‹ζΫ‚Μ“ΰ2-4-1 Ϋ‚Μ“ΰƒrƒ‹ƒfƒBƒ“ƒO 36F,03-3240-0003,‰ωΞ—Ώ—
“•XΑ,“‹“s‚ ‚«‚ι–μs¬μ‚U‚R‚R,042-559-8080,‰ωΞ—Ώ—
Gi‚’J°,“‹“s–L“‡‹ζGi‚’J‚P’–Ϊ‚Q|‚P‚P,03-3590-2911,‰ωΞ—Ώ—
ϋ•,“‹“sΆ“c’J‹ζ¬ι6-10-2 B1,03-3483-3347,„‚Ϋ‚¤
a—W,“‹“s–L“‡‹ζGi‚’J‚R’–Ϊ‚P‚Q|‚R,03-3987-5136,‰ωΞ—Ώ—
‚Ζ‚¤‚Σ‰®‚¤‚©‚Ά ‘εa“c“X,“‹“s”‰¤qs‘εa“c’¬2-18-10,042-656-1028,‰ωΞ—Ώ—
Τl,“‹“sa’J‹ζ‰y’¬‚X|‚W,03-3780-0352,‰ωΞ—Ώ—
a‚ΜH ‚Ά‚‚η‚µ,“‹“sa’J‹ζb”δυ4-9-15 ƒnƒMƒƒ‰ƒrƒ‹5 2F,03-3447-9893,‰ωΞ—Ώ—
”Β‘q’ƒ‰®E—v,“‹“s•¶‹‹ζ“’“‡‚R’–Ϊ‚S‚S|‚X,03-3831-6265,‰ωΞ—Ώ—
γ‘‰®,“‹“s–n“c‹ζό“‡2-2-10,03-3622-7418,‰ωΞ—Ώ—
‚¨‚ά‚©‚Ή—Ώ—@“c’†,“‹“s“‹v—―•Δs‘O‘ς‚T’–Ϊ‚Q‚S|‚Q‚Q,042-476-0251,‰ωΞ—Ώ—
δέ‘γ,“‹“sη‘γ“c‹ζ_“c’WH’¬‚Q’–Ϊ‚P‚O|‚P‚S,03-3251-0523,‰ωΞ—Ώ—
‹{μ@Ά“c’J“X,“‹“sΆ“c’J‹ζ‘γ“c‚T’–Ϊ‚P‚O|‚X,03-3413-3741,‰ωΞ—Ώ—
‹{μ@Ά“c’J“X,“‹“sΆ“c’J‹ζ‘γ“c‚T’–Ϊ‚P‚O|‚X,03-3414-1372,‰ωΞ—Ώ—
—Lΐ‰οΠ‹{μ,“‹“sΆ“c’J‹ζ‘γ“c‚T’–Ϊ‚P‚O|‚X,03-3414-1372,‰ωΞ—Ώ—
ς’|,“‹“s—ϋ”n‹ζχ‘δ6-43-3,03-3557-7305,‰οΘ—Ώ—
”Β‘q’ƒ‰® —v,“‹“s•¶‹‹ζ“’“‡3-44-9 “’“‡—vƒrƒ‹5F,03-3831-6265,‰οΘ—Ώ—
”®‰οΠΰV”Tδ‚ά‚ά‚²‚Ζ‰®,“‹“sΒ”~s‘ςδ‚Q’–Ϊ‚V‚S‚W,0428-78-9523,‰ωΞ—Ώ—
Ή,“‹“s‘δ“‹ζσ‘‚P’–Ϊ‚V|‚S,03-3841-5419,‰ωΞ—Ώ—
aHEλ‚ά‚ι,“‹“s΄£sΌR‚P’–Ϊ‚Q‚O|‚Q,042-491-7915,‰ωΞ—Ώ—
‚Λ‚Ϊ‚―Vh–μ‘Ίƒrƒ‹“X,“‹“sVh‹ζΌVh‚P’–Ϊ‚Q‚U|‚Q,03-3343-9640,‰ωΞ—Ώ—
‚Λ‚Ϊ‚―Vh–μ‘Ίƒrƒ‹“X,“‹“sVh‹ζΌVh‚P’–Ϊ‚Q‚U|‚Q,03-3348-2727,‰ωΞ—Ώ—
‚Λ‚Ϊ‚―‹βΐ“X,“‹“s’†‰›‹ζ‹βΐ‚V’–Ϊ‚U|‚W,03-3572-9640,‰ωΞ—Ώ—
‚Β‚«‚¶‹›‘y “ϊ–{‹΄,“‹“s’†‰›‹ζ“ϊ–{‹΄¬M’¬14-10 ’†’¬ƒrƒ‹1F,03-3667-7870,‹π‰®AƒrƒAƒz[ƒ‹
C‰’ΰ,“‹“sVh‹ζΌVh‚R’–Ϊ‚Q‚O|‚Q,03-5388-1015,‰ωΞ—Ώ—
ƒIƒyƒ‰ƒVƒeƒBƒXƒJƒCƒEƒCƒ“ƒhƒEƒYC‰’ΰ,“‹“sVh‹ζΌVh‚R’–Ϊ‚Q‚O|‚Q,03-5388-1015,‰ωΞ—Ώ—
‚ξ‚Μγ,“‹“sη‘γ“c‹ζ“ΰ_“c‚P’–Ϊ‚X|‚P‚R,03-3294-5559,‰ωΞ—Ώ—
–ƒ¶,“‹“s‘ε“c‹ζΌ—“c7-31-2 ‘ζZ‘ηνƒrƒ‹2F,03-3737-2208,„‚Ϋ‚¤
‹΄–{‰®,“‹“s”‰¤qs‚”φ’¬‚Q‚Q‚X‚Q,042-661-0032,‰ωΞ—Ώ—
‰γ adining ‚Θ‚¨‚ζ‚µ,“‹“s–n“c‹ζ‰γ1-19-12 ‰γƒtƒƒ“ƒeƒBƒAƒrƒ‹1F,03-3618-7044,‹π‰®AƒrƒAƒz[ƒ‹
‹“s •Z Ό–ƒ•z“X,“‹“s`‹ζΌ–ƒ•z1-10-6 Ό–ƒ•z1106ƒrƒ‹1F,03-6804-5113,‚µ‚α‚Τ‚µ‚α‚Τ
–΅—Ά,“‹“s`‹ζ“V‹΄‚P’–Ϊ‚P|‚P‚X,03-3572-3310,‰ωΞ—Ώ—
‰Τ‚ν‚³‚Ρ,“‹“s–L“‡‹ζ‹ξ1-26-3 ¬’ΓΉƒrƒ‹1F,03-3946-7234,‹π‰®AƒrƒAƒz[ƒ‹
”~‚Μ‰Τ ƒNƒbƒ^[ƒiV¬β“X,“‹“s‹ό‹ζV¬β1-44-2 ƒNƒbƒ^[ƒiƒVƒeƒB4F,03-5678-5321,‰ωΞ—Ώ—
‘εu– ’Φζ Ϋƒm“ΰ“X,“‹“sη‘γ“c‹ζΫ‚Μ“ΰ1-6-3 Ϋƒm“ΰƒzƒeƒ‹7F,03-5218-8080,‰ωΞ—Ώ—
‘εu– ’Φζ Ϋ‚Μ“ΰ“X,“‹“sη‘γ“c‹ζΫ‚Μ“ΰ1-6-3 Ϋƒm“ΰƒzƒeƒ‹7F,03-5218-8080,‰ωΞ—Ώ—
ΒΊ‰οΘ –k‘εH Τβ’ƒ—Ύ,“‹“sη‘γ“c‹ζ‰i“c’¬2-13-5 ΤβƒGƒCƒgƒƒ“ƒrƒ‹B1F,03-5512-3737,‰ωΞ—Ώ—
“ϊ–{—Ώ— ‚³‚΄‚ρ‚©/ƒzƒeƒ‹ ƒC[ƒXƒg21“‹ ƒI[ƒNƒ‰ƒzƒeƒ‹ƒY&ƒƒ][ƒc,“‹“s]“‹ζ“—z6-3-3 ƒzƒeƒ‹ ƒC[ƒXƒg21“‹21F,03-5683-5716,‰ωΞ—Ώ—
All Day Dining Ρ“”/ƒzƒeƒ‹“ϊq—§μ“‹,“‹“s—§μs‹Ρ’¬1’–Ϊ12-1 ƒzƒeƒ‹“ϊq—§μ “‹ 1K,042-503-9100,‰ωΞ—Ώ—
‚»‚Ξ‚‚έ,“‹“sη‘γ“c‹ζ—Ly’¬1-1-2 ƒ~ƒbƒhƒ^ƒEƒ““ϊ”δ’J 3F,03-6812-7123,‰ωΞ—Ώ—
‹‰ωΞ ”ό”Z‹g “•’r‘ά“X,“‹“s–L“‡‹ζΌ’r‘ά1-1-25 ƒXƒpƒCƒX’r‘ά“•15F,03-3980-8855,‰ωΞ—Ώ—
GENEI.WAGAN,“‹“sa’J‹ζL”φ1-10-10 NKƒrƒ‹ B1F,03-3449-6010,‰ωΞ—Ώ—
_yβ β‚Μ‰Τ,“‹“sVh‹ζ‘ά’¬3 _yβƒZƒ“ƒ^[ƒrƒ‹ B1-A,03-3260-7888,‰ωΞ—Ώ—
“χ„–B‹αY •iμ“X,“‹“s`‹ζ`“μ2-15-1 •iμƒCƒ“ƒ^[ƒVƒeƒBS&R“ 4F,03-6433-2044,‰ωΞ—Ώ—
“ϊ‰Ξ ‹βΐ“X,“‹“s’†‰›‹ζ‹βΐ3-3-1 ZOE‹βΐ6F,03-3538-7788,‰ωΞ—Ώ—
–k‘εH ‹‹΄’ƒ—Ύ “‹‰w“X,“‹“s’†‰›‹ζ‹‹΄2-2-1 ‹‹΄ƒGƒhƒOƒ‰ƒ“5K,03-5205-7077,‰ωΞ—Ώ—
‹αY,“‹“s`‹ζ`“μ‚Q’–Ϊ‚P‚T|‚Q,03-6433-2044,‰ωΞ—Ώ—
¬ΌΑ‘–{‰Ζ ‹βΐ,“‹“s’†‰›‹ζ‹βΐ5-7-6,03-6264-5109,‚»‚Ξ
ΒΊ‰οΘ –k‘εH ‹‹΄’ƒ—Ύ “‹‰w“X,“‹“s’†‰›‹ζ‹‹΄2-2-1 ‹‹΄ƒGƒhƒOƒ‰ƒ“5F,03-5205-7077,C‘N—Ώ—
–k‘εHE‹‹΄’ƒ—Ύ,“‹“s’†‰›‹ζ‹‹΄‚Q’–Ϊ‚Q|‚P,03-5205-7077,‰ωΞ—Ώ—
ΒΊaH “χ„–B ‹αY •iμ‰w‘O“X,“‹“s`‹ζ`“μ2-15-2 •iμƒCƒ“ƒ^[ƒVƒeƒB S&R“4F,03-6433-2044,“ϊ–{—Ώ—
“y²—Ώ— ”I•Ϋσ “ϊ–{‹΄“X,“‹“s’†‰›‹ζ“ϊ–{‹΄Ί’¬2-4-3 “ϊ–{‹΄Ί’¬–μ‘Ίƒrƒ‹YUITO3F,03-3275-9640,‰ωΞ—Ώ—
ΓΕβ ‹{‰Ί –ƒ•z–{“X,“‹“s`‹ζ³–ƒ•z3-12-1 ƒAƒxƒXƒgƒR[ƒg’n‰Ί1F,03-3402-2655,‰ωΞ—Ώ—
ΓΕβ ‹{‰Ί –ƒ•z–{“X,“‹“s`‹ζ³–ƒ•z3-12-1 ƒAƒxƒXƒgƒR[ƒgB1,03-3402-2655,‰ωΞ—Ώ—
]ƒAƒvƒ[ƒY/’ι‘ƒzƒeƒ‹ “‹,“‹“sη‘γ“c‹ζ“ΰK’¬1-1-1 ’ι‘ƒzƒeƒ‹“‹–{Ω’†2F,03-3595-2271,‰ωΞ—Ώ—
]ƒAƒvƒ[ƒY(’ι‘ƒzƒeƒ‹“‹),“‹“sη‘γ“c‹ζ“ΰK’¬1-1-1 ’ι‘ƒzƒeƒ‹–{ΩMK,03-3595-2271,‰ωΞ—Ώ—
‹‚Μ’Ή‚Η‚±‚λ ”‹NΑ _yβ“X,“‹“sVh‹ζ_yβ5-1-2 _yβTNƒqƒ‹ƒY1F,03-5579-8653,‰ωΞ—Ώ—
‹βΐ’|‚ΜΑ 5’–Ϊ–{“X,“‹“s’†‰›‹ζ‹βΐ5-6-13 Όά”ΤXƒrƒ‹4F,03-5537-0388,‰ωΞ—Ώ—
‚Θ‚Ύ–’ƒ—ΎEa’J“X,“‹“sa’J‹ζ“ΉΊβ‚Q’–Ϊ‚Q‚S|‚P,03-3477-3655,‰ωΞ—Ώ—
‹βΐ ’|‚ΜΑ 5’–Ϊ–{“X,“‹“s’†‰›‹ζ‹βΐ5-6-13 Όά”ΤXƒrƒ‹4F,03-5537-0388,“ϊ–{—Ώ—
‹βΐ•ϋM ‘ε‹αψ‚µ‚Έ‚­“X,“‹“s’†‰›‹ζ‹βΐ8-8-8 GINZA888ƒrƒ‹6F,03-6274-6920,‰ωΞ—Ώ—
ΒΊ„–B γ‰z‚β‚·‚Ύ ‹βΐ“ρ’–Ϊ“X,“‹“s’†‰›‹ζ‹βΐ2-5-19 PUZZLE‹βΐ5F,03-6263-0270,‰ωΞ—Ώ—
‹TΛ΅–{,“‹“s]“‹ζ‹TΛ4-18-9,03-3637-1533,‰ωΞ—Ώ—
‹I”φδ ‚Θ‚Ύ–/ƒzƒeƒ‹ƒjƒ…[ƒI[ƒ^ƒj,“‹“sη‘γ“c‹ζ‹I”φδ’¬4-1ƒzƒeƒ‹ƒjƒ…[ƒI[ƒ^ƒj¥ƒK[ƒfƒ“ƒ^ƒ[6F,03-3265-7591,‰ωΞ—Ώ—
GINZA KOSO,“‹“s’†‰›‹ζ‹βΐ8-8-8 ‹βΐ888ƒrƒ‹8K,03-6252-0088,‰ωΞ—Ώ—
‹I”φδ ‚Θ‚Ύ–,“‹“sη‘γ“c‹ζ‹I”φδ’¬4-1 ƒzƒeƒ‹ƒjƒ…[ƒI[ƒ^ƒjƒK[ƒfƒ“ƒ^ƒ[6F,03-3265-7591,‰ωΞ—Ώ—
‚Θ‚Ύ–Eƒzƒeƒ‹ƒjƒ…[ƒI[ƒ^ƒj“X,“‹“sη‘γ“c‹ζ‹I”φδ’¬‚S|‚P,03-3265-7591,‰ωΞ—Ώ—
‹βΐ•ϋM ‘ε‹αψ‚µ‚Έ‚­“X,“‹“s’†‰›‹ζ‹βΐ8-8-8 GINZA888ƒrƒ‹6F,03-6274-6920,‰ωΞ—Ώ—
“ϊ–{—Ώ— ‚έ‚δ‚«/ƒzƒeƒ‹’ΦR‘‘“‹,“‹“s•¶‹‹ζΦϋ 2-10-8 ƒzƒeƒ‹’ΦR‘‘“‹ ƒzƒeƒ‹2F,03-3943-5489,‰ωΞ—Ώ—
“όVδ¤’m‰Ζ,“‹“s‘ε“c‹ζ‘εX–k1-26-2 ¤’m‰Ζƒrƒ‹ 1F,03-3761-3710,‰ωΞ—Ώ—
“ϊ–{—Ώ—u‚έ‚δ‚«v/ƒzƒeƒ‹’ΦR‘‘“‹,“‹“s•¶‹‹ζΦϋ2-10-8,03-3943-6968,‰ωΞ—Ώ—
“ϊ–{Δ“χ ‚Ν‚Ήμ •\Q“Ή“X,“‹“s`‹ζ“μΒR3-15-9 MINOWA•\Q“Ήƒrƒ‹B1,03-3479-0088,Δ“χ
‰ωΞ ‚Σ‚¶–Ψ,“‹“s’†‰›‹ζ’z’n7-4-4 P—zƒTƒ“ƒNƒƒXƒg’z’n1F,03-6228-4860,‰ωΞ—Ώ—
‹βΐ ‚¤‚ΏR,“‹“s’†‰›‹ζ‹βΐ2-12-3 ƒ‰ƒCƒgƒrƒ‹B1,03-3541-6720,‰ωΞ—Ώ—
‰B‚κ–[ •iμ lΆ,“‹“s`‹ζ`“μ2-16-5 •iμƒOƒ‰ƒ“ƒpƒT[ƒWƒ…2 1F,03-5715-6237,‰ωΞ—Ώ—
ΒΊ‰οΘ –k‘εH Vh’ƒ—Ύ,“‹“sVh‹ζΌVh2-6-1 VhZ—Fƒrƒ‹2F,03-5909-7227,‰ωΞ—Ώ—
‚‚ρ‚± ‚½‚Ώ‚©‚ν’ƒ—Ύ,“‹“s—§μs‰h’¬3-17,042-522-3822,‰ωΞ—Ώ—
„–B—Ώ’ΰ ‹βΐ ‰Ί›’ƒ—Ύ “‚Μ‚Ν‚Θ‚κ,“‹“s’†‰›‹ζ‹βΐ5’–Ϊ2”Τ’n1† “‹}ƒvƒ‰ƒU‹βΐ11F,070-5345-5761,‰ωΞ—Ώ—
π…Α,“‹“s`‹ζΤβ‚U’–Ϊ‚S|‚P‚T,03-3505-2369,‰ωΞ—Ώ—
‘nμaH ‚‚ρ‚± ‚½‚Ώ‚©‚ν’ƒ—Ύ,“‹“s—§μs‰h’¬3-17,050-3159-7282,‰ωΞ—Ώ—
ΒΊ‰οΘ –k‘εH Vh’ƒ—Ύ,“‹“sVh‹ζΌVh2-6-1 VhZ—Fƒrƒ‹2F,03-5909-7227,C‘N—Ώ—
»‘γ—ΆR—Ώ— ZEN HOUSE/ƒ~ƒƒjƒAƒ€ OδƒK[ƒfƒ“ƒzƒeƒ‹ “‹,“‹“s’†‰›‹ζ‹βΐ5-11-1 B1F ƒ~ƒƒjƒAƒ€ OδƒK[ƒfƒ“ƒzƒeƒ‹ “‹,03-6260-6851,‰ωΞ—Ώ—
“ϊ–{—Ώ—uJapanese Cuisine χ‹uv/ƒZƒ‹ƒƒAƒ“ƒ^ƒ[“‹}ƒzƒeƒ‹,“‹“sa’J‹ζχ‹u’¬26-1 ƒZƒ‹ƒƒAƒ“ƒ^ƒ[“‹}ƒzƒeƒ‹2F,03-3476-3420,‰ωΞ—Ώ—
“ϊ–{—Ώ—uJapanese Cuisine χ‹uv,“‹“sa’J‹ζχ‹u’¬26-1 ƒZƒ‹ƒƒAƒ“ƒ^ƒ[“‹}ƒzƒeƒ‹2F,03-3476-3420,“ϊ–{—Ώ—
»‘γ—ΆR—Ώ— ZEN HOUSE(ƒ[ƒ“ƒnƒEƒX),“‹“s’†‰›‹ζ‹βΐ5-11-1 ƒ~ƒƒjƒAƒ€OδƒK[ƒfƒ“ƒzƒeƒ‹“‹B1,0120-918-243,“ϊ–{—Ώ—
δo‚Σ‚¤,“‹“sa’J‹ζ‘γX–Ψ2-6-8 Vhexƒrƒ‹3F,03-5843-5320,“ϊ–{—Ώ—
γ–μ“ϊ–{—Ώ— …Τ–{“X,“‹“s‘δ“‹ζ“γ–μ2-21-11 γ–μƒ^[ƒ~ƒiƒ‹ƒzƒeƒ‹ B1F,03-3835-3414,‰ωΞ—Ώ—
•‚Ζ‚­R,“‹“s`‹ζ“μ–ƒ•z5-1-5,03-5789-3838,‰ωΞ—Ώ—
‹—Ώ— Ά‚¤‚ρ,“‹“sa’J‹ζ•xƒ–’J1-33-6 ‘γX–Ψƒp[ƒNƒTƒCƒh B1F,050-3628-6763,‰ωΞ—Ώ—
@Σ,“‹“s`‹ζZ–{–Ψ6-1-8 Z–{–ΨƒOƒ[ƒ“ƒrƒ‹ 3F,03-5414-1133,‰ωΞ—Ώ—
‚©‚®‚ηβ u–‹ΰ,“‹“sVh‹ζ_yβ2-1,03-3269-3151,‰ωΞ—Ώ—
Τβ “]Ξ’ΰ HANARE,“‹“s`‹ζΤβ4-3-15 FSKΤβƒrƒ‹ B1F,03-3584-3373,‰ωΞ—Ώ—
‰ωΞ—Ώ’ΰ ‰Τ‚‚·‚έ/–Ύ΅‹L”OΩ,“‹“s`‹ζ³Τβ2-2-23 –Ύ΅‹L”OΩ“ΰ,03-3746-7733,‰ωΞ—Ώ—
²‰κ‹ Sagaya ‹βΐ,“‹“s’†‰›‹ζ‹βΐ2-5-19 PUZZLE‹βΐ 6F,03-6263-0782,‰ωΞ—Ώ—
‹A‰,“‹“s`‹ζΤβ2-18-8,03-3505-0728,‰ωΞ—Ώ—
H² a’J,“‹“sa’J‹ζa’J3-5-5 HAKKAƒrƒ‹ B1F,03-3797-1911,‰ωΞ—Ώ—
‹A‰,“‹“s`‹ζΤβ2-18-8,03-3505-0728,‰ωΞ—Ώ—
shojin @Σ,“‹“s`‹ζZ–{–Ψ6-1-8 Z–{–ΨƒOƒ[ƒ“ƒrƒ‹3F,03-5414-1133,“ϊ–{—Ώ—
‰ωH ’nπ ‚Ν‚Θ‚β,“‹“s–L“‡‹ζ–k‘ε’Λ2-8-12 ƒIƒƒGƒ“ƒ^ƒ‹‘ε’ΛƒR[ƒ|ƒ‰ƒX,03-3949-2494,‰ωΞ—Ώ—
aH“ϊa‚¨‚³‚―‚Ζ Τβ,“‹“s`‹ζΤβ5-4-10Τβ‚δ‚¤ƒrƒ‹B1,03-6277-8653,‰ωΞ—Ώ—
–k‘εH V‹΄’ƒ—Ύ ¬—―ƒVƒeƒBƒZƒ“ƒ^[“X,“‹“s`‹ζ“V‹΄1-5-2 ¬—―ƒVƒeƒBƒZƒ“ƒ^[2F,03-3575-5678,‰ωΞ—Ώ—
Ϋ‚Μ“ΰκ’–Ϊ ‚µ‚Ώ\“ρσ/“‹ƒXƒe[ƒVƒ‡ƒ“ƒzƒeƒ‹,“‹“sη‘γ“c‹ζΫ‚Μ“ΰ1-9-1 “‹ƒXƒe[ƒVƒ‡ƒ“ƒzƒeƒ‹B1F,050-3196-3972,‰ωΞ—Ώ—
 ©/“‹ƒ\ƒ‰ƒ}ƒ`31F,“‹“s–n“c‹ζ‰γ1-1-2 “‹ƒXƒJƒCƒcƒ[ƒ^ƒEƒ“¥“‹ƒ\ƒ‰ƒ}ƒ`31F,03-5809-7100,‰ωΞ—Ώ—
‚µ‚Ώ\“ρσ,“‹“sη‘γ“c‹ζΫ‚Μ“ΰ1-9-1 “‹ƒXƒe[ƒVƒ‡ƒ“ƒzƒeƒ‹B1,03-6269-9401,‰ωΞ—Ώ—
ΒΊ‰οΘ –k‘εH V‹΄’ƒ—Ύ ¬—―ƒVƒeƒBƒZƒ“ƒ^[“X,“‹“s`‹ζ“V‹΄1-5-2 ¬—―ƒVƒeƒBƒZƒ“ƒ^[2F,03-3575-5678,C‘N—Ώ—
_yβ –²“ρ,“‹“sVh‹ζ_yβ5-37,03-5261-2002,‹π‰®AƒrƒAƒz[ƒ‹
‹βΐ a‹v‘½,“‹“s’†‰›‹ζ‹βΐ8-3-1 ‹βΐ™Bƒrƒ‹5K,03-6215-8018,‰ωΞ—Ώ—
“ϊ–{—Ώ— “l“μ(‚Ζ‚Θ‚έ),“‹“sVh‹ζ_yβ3-2-31 ‘ε@‘ζOƒrƒ‹1F,03-6228-1984,‰ωΞ—Ώ—
“ϊ–{—Ώ— ‹βξ(“‹“s]Λμ‹ζ ]‰w),“‹“s]Λμ‹ζ“μΒθ’¬3-2-11,03-5636-8055,‰ωΞ—Ώ—
‹βΐ a‹v‘½,“‹“s’†‰›‹ζ‹βΐ8-3-1 ‹βΐ™Bƒrƒ‹5K,03-6215-8018,‰ωΞ—Ώ—
“ϊ–{—Ώ—“l“μ,“‹“sVh‹ζ_yβ‚R’–Ϊ‚Q|‚R‚P,03-6228-1984,‰ωΞ—Ώ—
‹βΐ a‹v‘½,“‹“s’†‰›‹ζ‹βΐ8-3-1 ™Bƒrƒ‹5F,03-6215-8018,‰ωΞ—Ώ—
_yβ@‚³X–Ψ,“‹“sVh‹ζV¬μ’¬‚W|‚U,03-3260-8484,‰ωΞ—Ώ—
’y‘– ®‰®,“‹“sVh‹ζ_yβ3-1 ƒNƒ[ƒ‹_yβIII 1F,03-3266-1611,‰ωΞ—Ώ—
“ϊ–{—Ώ— ‰/’λ‚Μƒzƒeƒ‹“‹,“‹“sη‘γ“c‹ζ_“cOθ’¬1-1-16 ’λ‚Μƒzƒeƒ‹ “‹1F,03-3293-2181,‰ωΞ—Ώ—
‹βΐ ‚µ‚ΰ‚¶,“‹“s’†‰›‹ζ‹βΐ8-8-6 ‹β‰hƒrƒ‹B1F,03-3571-6776,‰ωΞ—Ώ—
“ϊ–{—Ώ— ‰Τ‚ή‚³‚µ/ƒzƒeƒ‹ƒƒgƒƒ|ƒƒ^ƒ“,“‹“s–L“‡‹ζΌ’r‘ά1’–Ϊ6”Τ1† ƒzƒeƒ‹ƒƒgƒƒ|ƒƒ^ƒ“2F,03-3980-5533,‰ωΞ—Ώ—
_yβ Ξ‚©‚ν,“‹“sVh‹ζ_yβ5-37 ‚‘Ίƒrƒ‹ 1F,03-5228-6077,‰ωΞ—Ώ—
”ό–΅‰ΐζ μ‚ΜΤ,“‹“s’†‰›‹ζ‹βΐ8-2-8 ‹βΐ‚–{ƒrƒ‹B2F,03-6228-5533,‰ωΞ—Ώ—
‹Gί—Ώ— –{,“‹“sη‘γ“c‹ζZ”Τ’¬1-2 2F,03-3262-8974,‰ωΞ—Ώ—
—Ώ—‰® υμ,“‹“s•iμ‹ζ“ά”½“c5-21-13 V’r“cRƒ}ƒ“ƒVƒ‡ƒ“1F,090-3034-1325,‰ωΞ—Ώ—
‚¨‚ά‚©‚Ή—Ώ— “H‰®,“‹“s`‹ζΕ5-12-12,03-5418-4038,‰ωΞ—Ώ—
–²π‚έ‚Έ‚«,“‹“s’†‰›‹ζ‹βΐ6-7-6 ƒ‰ƒyƒrƒ‹ B1F,03-5537-1888,‰ωΞ—Ώ—
‹βΐ Ή—•,“‹“s’†‰›‹ζ‹βΐ6-9-14 •ϋΆƒrƒ‹ 2F,03-3572-6555,‰ωΞ—Ώ—
„‚Ϋ‚¤‘ε‘q,“‹“s–L“‡‹ζGi‚’J‚R’–Ϊ‚P‚S|‚P‚P,03-3971-3230,‰ωΞ—Ώ—
aH ΄…/ƒOƒ‰ƒ“ƒhƒvƒƒ“ƒXƒzƒeƒ‹V‚—Φ,“‹“s`‹ζ‚—Φ3-13-1 ƒOƒ‰ƒ“ƒhƒvƒƒ“ƒXƒzƒeƒ‹V‚—Φ ƒƒXƒgƒ‰ƒ““1F,03-3447-1139,‰ωΞ—Ώ—
Ϋ‚Μ“ΰ‚½‚ά‚³‚©,“‹“sη‘γ“c‹ζΫ‚Μ“ΰ2-6-1 Ϋ‚Μ“ΰƒuƒƒbƒNƒXƒNƒGƒA ƒAƒlƒbƒNƒX2F,03-3217-2861,‰ωΞ—Ώ—
υΑ’‰¶‰q–ε,“‹“s‚ ‚«‚ι–μsά“ϊs‚U‚S,042-595-2438,‰ωΞ—Ώ—
•—‰Τ/ƒRƒ“ƒ‰ƒbƒh“‹,“‹“s`‹ζ“V‹΄1-9-1 ƒRƒ“ƒ‰ƒbƒh“‹28F,03-6388-8000,‰ωΞ—Ώ—
Ώ— ‘ε•,“‹“sη‘γ“c‹ζ—Ly’¬2-2-3 ƒqƒ…[ƒƒbƒNƒXƒNƒGƒA“‹ 3F,03-6264-6650,‰ωΞ—Ώ—
‚­‚Έ‚µ„–B “V‚Υ‚η’|‚ΜΑ “‹βΐ“X,“‹“s’†‰›‹ζ’z’n1-12-22 ƒRƒ“ƒƒrƒ‹B1,03-6226-5622,‹π‰®AƒrƒAƒz[ƒ‹
“V‚Υ‚ηE‚µ‚α‚Τ‚µ‚α‚ΤE‰οΘ ’†’Γμ/ƒƒ“ƒuƒ‰ƒ“ƒgƒzƒeƒ‹“‹’¬“c,“‹“s’¬“cs΄’¬“c3-2-9 ƒƒ“ƒuƒ‰ƒ“ƒgƒzƒeƒ‹ “‹’¬“c 3F,042-724-3127,‰ωΞ—Ώ—
“ϊ–{—Ώ— Ή/ƒƒCƒ„ƒ‹ƒp[ƒNƒzƒeƒ‹(“‹E“ϊ–{‹΄),“‹“s’†‰›‹ζ“ϊ–{‹΄ak’¬2-1-1 ƒƒCƒ„ƒ‹ƒp[ƒNƒzƒeƒ‹5F,03-3667-1111,‰ωΞ—Ώ—
‹βΐ ‚³‚³‰Τ,“‹“s’†‰›‹ζ‹βΐ1-4-9 ‘ζκ“c‘Ίƒrƒ‹ B1F,03-3561-3761,‰ωΞ—Ώ—
ΰΝX(ƒVƒ‡ƒEƒWƒ‡ƒE),“‹“s`‹ζ“μΒR2-26-9,03-3479-0770,‰ωΞ—Ώ—
ΒRσ“c,“‹“s`‹ζ–kΒR2-7-13ƒvƒ‰ƒZƒIΒRƒrƒ‹B1,03-5411-0171,‰ωΞ—Ώ—
ΒRσ“c,“‹“s`‹ζ–kΒR‚Q’–Ϊ‚V|‚P‚R,03-5411-0171,‰ωΞ—Ώ—
ΒR σ“c,“‹“s`‹ζ–kΒR2-7-13 ƒvƒ‰ƒZƒIΒRƒrƒ‹B1,03-5411-0171,‰ωΞ—Ώ—
σ“c,“‹“s`‹ζ–kΒR‚Q’–Ϊ‚V|‚P‚R,03-5411-0171,‰ωΞ—Ώ—
”δ“ΰ’n{ ’Y‰ΞΔκ–ε“X Τβ‚΄‚ρ‚ά‚Ά,“‹“s`‹ζΤβ3-8-1 ΤβƒAƒ‹ƒgƒrƒ‹6F,03-5549-4718,Δ‚«’Ή
“V•w—…E‚µ‚α‚Τ‚µ‚α‚Τ ‰οΘ ’†’Γμ,“‹“s’¬“cs΄’¬“c3-2-9 3F,042-724-3127,“ϊ–{—Ώ—
aH ΰΝX ΒR,“‹“s`‹ζ“μΒR2-26-9,03-3479-0770,aH
ΓΕβ ‹{‰Ί Ϋ‚Μ“ΰ,“‹“sη‘γ“c‹ζΫ‚Μ“ΰ2-4-1 Ϋ‚Μ“ΰƒrƒ‹ƒfƒBƒ“ƒO36F,03-5220-3331,‰ωΞ—Ώ—
‹“s •Z Τβ“X,“‹“s`‹ζΤβ3-12-7 Τβƒ\ƒVƒAƒ‹ƒrƒ‹2F,03-6277-6270,‚µ‚α‚Τ‚µ‚α‚Τ
‹I”φδ’¬ ‹gΐ,“‹“sη‘γ“c‹ζ‹I”φδ’¬3-3 κ”ΚΠ’c–@l“ϊ–{C–‹¦‰οΗ—ƒZƒ“ƒ^[•ΚΩB1F,03-3222-5061,‰ωΞ—Ώ—
 Ι¨CV—Ώ— ’†”[Ύ “‹‘εXƒxƒ‹ƒ|[ƒg“X,“‹“s•iμ‹ζ“μ‘εδ6-26-2 ‘εXƒxƒ‹ƒ|[ƒgBΩ2F,03-5471-4678,‰ωΞ—Ώ—
l`’¬΅”Όl`’¬–{“X,“‹“s’†‰›‹ζ“ϊ–{‹΄l`’¬‚Q’–Ϊ‚X|‚P‚Q,03-3666-7006,‰ωΞ—Ώ—
xΑ ‚β‚ά‚µ‚λ,“‹“s’†‰›‹ζ‹βΐ5-9-19 MCƒrƒ‹ B1F,03-6264-5367,‰ωΞ—Ώ—
‹βΐ ‰“‰Ή‹ί‰Ή,“‹“s’†‰›‹ζ‹βΐ1-6-10 ‹βΐγκƒrƒ‹ƒfƒBƒ“ƒOB1F,03-5579-9812,‰ωΞ—Ώ—
\\Z / THE BLOSSOM HIBIYA,“‹“s`‹ζV‹΄1-1-13 THE BLOSSOM HIBIYA 18F,03-3519-8116,‰ωΞ—Ώ—
Lμ,“‹“s`‹ζΤβ2-17-44,03-3586-8538,‰ωΞ—Ώ—
“ϊ–{—Ώ— “n•—’ΰ/ƒzƒeƒ‹‰λ–‰€“‹,“‹“s–Ϊ•‹ζ‰Ί–Ϊ•1-8-1 –Ϊ•‰λ–‰€1F,03-5434-3854,‰ωΞ—Ώ—
‹βΐƒnƒQ“V –{“X,“‹“s’†‰›‹ζ‹βΐ3-4-16 ‹βΐƒTƒj[ƒrƒ‹2F,03-3561-1668,“V‚Υ‚ηA—g‚°•¨
…_,“‹“s‘½–€s—‡‚P’–Ϊ‚R‚W,042-389-3121,‰ωΞ—Ώ—
Lμ,“‹“s`‹ζΤβ‚Q’–Ϊ‚P‚V|‚S‚S,03-3586-8538,‰ωΞ—Ώ—
Lμ,“‹“s`‹ζΤβ‚Q’–Ϊ‚P‚V|‚S‚S,03-3586-7097,‰ωΞ—Ώ—
ƒƒXƒgƒ‰ƒ“ ƒ‹EƒWƒƒƒ|ƒ“,“‹“s–Ϊ•‹ζΒ—t‘δ2-10-11 Ό‹½RƒXƒy[ƒXGF,03-5728-4880,‰ωΞ—Ώ—
u–‹ΰ,“‹“sVh‹ζ_yβ2-1,03-3269-3151,„‚Ϋ‚¤
”g‚ή‚η,“‹“s–n“c‹ζό“‡‚Q’–Ϊ‚P‚T|‚W,03-3626-1641,‰ωΞ—Ώ—
‹β”g-GINPA- ‹βΐ“X,“‹“s’†‰›‹ζ‹βΐ5-6-2 ‹βΐµ•σƒrƒ‹B1,03-3572-3344,‰ωΞ—Ώ—
“ϊ–{—Ώ— –΅O–†,“‹“s—ϋ”n‹ζ’†‘Ί–k4-12-13,03-3577-7022,‰ωΞ—Ώ—
•a,“‹“s’†‰›‹ζ‹βΐ7-2-8 ‚’J‹βΐƒrƒ‹7F,03-3572-5290,‰ωΞ—Ώ—
–΅O–† ’†‘Ί‹΄–{“X,“‹“s—ϋ”n‹ζ’†‘Ί–k4-12-13,03-3577-7022,“ϊ–{—Ώ—
aH“ϊa ‚¨‚³‚―‚Ζ _yβ,“‹“sVh‹ζ_yβ6-8 1F¥2F,03-5946-8519,‰ωΞ—Ώ—
•½μ/ƒzƒeƒ‹ƒƒgƒƒ|ƒƒ^ƒ“ ƒGƒhƒ‚ƒ“ƒg,“‹“sη‘γ“c‹ζ”Ρ“c‹΄3-10-8 ƒzƒeƒ‹ƒƒgƒƒ|ƒƒ^ƒ“ ƒGƒhƒ‚ƒ“ƒg–{ΩB1F,03-3237-1111,‰ωΞ—Ώ—
‹βΐ ‚Ζ‚ζ‚Ύ,“‹“s’†‰›‹ζ‹βΐ7-5-4 ƒ‰ƒ”ƒBƒA[ƒ‹βΐƒrƒ‹ 2F,03-5568-5822,‰ωΞ—Ώ—
"WASHOKU ‘““V SOUTEN/ƒUEƒvƒƒ“ƒXƒMƒƒƒ‰ƒ[ “‹‹I”φδ’¬,ƒ‰ƒOƒWƒ…ƒAƒ[ƒRƒƒNƒVƒ‡ƒ“ƒzƒeƒ‹","“‹“sη‘γ“c‹ζ‹I”φδ’¬1-2 ƒU¥ƒvƒƒ“ƒXƒMƒƒƒ‰ƒ[ “‹‹I”φδ’¬,ƒ‰ƒOƒWƒ…ƒAƒ[ƒRƒƒNƒVƒ‡ƒ“ƒzƒeƒ‹35F",03-3234-1136,‰ωΞ—Ώ—
{–[/ƒOƒ‰ƒ“ƒh ƒnƒCƒAƒbƒg “‹,“‹“s`‹ζZ–{–Ψ6-10-3 ƒOƒ‰ƒ“ƒh ƒnƒCƒAƒbƒg “‹ 6F,03-4333-8786,‰ωΞ—Ώ—
‰«“κ‰ωΞ ΤβΰK’ΰ,“‹“s`‹ζΤβ6-16-11 •lƒrƒ‹1F,03-3584-6646,‰ωΞ—Ώ—
‰«“κ‰ωΞ ΤβΰK’ΰ,“‹“s`‹ζΤβ6-16-11 •lƒrƒ‹,03-3584-6646,‰ωΞ—Ώ—
{–[,“‹“s`‹ζZ–{–Ψ6-10-3,03-4333-8786,‰ωΞ—Ώ—
‹βΐ ΅μ,“‹“s’†‰›‹ζ‹βΐ8-12-15 ‘S‘”R—Ώƒrƒ‹B1F,03-3542-5877,‰ωΞ—Ώ—
‰Α‰κ¶κn„–B _yβ ‘O“c,“‹“sVh‹ζ_yβ3-6,03-6457-5020,‰ωΞ—Ώ—
Τβ‚δ‚¤‚,“‹“s`‹ζΤβ2-14-8 Rϋέƒrƒ‹1F,03-6441-2902,‰ωΞ—Ώ—
“ϊ–{—Ώ— ‰_C/ANAƒCƒ“ƒ^[ƒRƒ“ƒ`ƒlƒ“ƒ^ƒ‹ƒzƒeƒ‹“‹,“‹“s`‹ζΤβ1-12-33 ANAƒCƒ“ƒ^[ƒRƒ“ƒ`ƒlƒ“ƒ^ƒ‹ƒzƒeƒ‹“‹3F,03-3505-1111,‰ωΞ—Ώ—
Ό–ƒ•z‚½‚ά‚³‚©,“‹“s`‹ζΌ–ƒ•z2-21-11,03-5485-6690,‰ωΞ—Ώ—
‰ΤR£/ƒp[ƒNƒzƒeƒ‹“‹,“‹“s`‹ζ“V‹΄1-7-1¬—―ƒƒfƒBƒAƒ^ƒ[ ƒp[ƒNƒzƒeƒ‹“‹25F,03-6252-1177,‰ωΞ—Ώ—
‰ΤR£ ƒp[ƒNƒzƒeƒ‹“‹“X,“‹“s`‹ζ“V‹΄1-7-1 ¬—―ƒƒfƒBƒAƒ^ƒ[25F,03-6252-1177,‰ωΞ—Ώ—
_yβ ‘O“c,“‹“sVh‹ζ_yβ3-6,03-6457-5020,‰ωΞ—Ώ—
‚Θ‚Ύ–/ƒVƒƒƒ“ƒOƒEƒ‰ “‹,“‹“sη‘γ“c‹ζΫ‚Μ“ΰ1-8-3 Ϋ‚Μ“ΰƒgƒ‰ƒXƒgƒ^ƒ[–{Ω ƒVƒƒƒ“ƒOƒ¥ƒ‰ ƒzƒeƒ‹ “‹29F,03-6739-7264,‰ωΞ—Ώ—
a  ‹βΐΌ,“‹“s’†‰›‹ζ‹βΐ8’–Ϊ8-8 GINZA888ƒrƒ‹ 3K,03-6264-5258,‰ωΞ—Ώ—
‚Θ‚Ύ– ‚—Φƒvƒ‰ƒCƒ€/ƒUEƒvƒƒ“ƒX ‚³‚­‚ηƒ^ƒ[“‹,“‹“s`‹ζ‚—Φ3-13-1 ƒU¥ƒvƒƒ“ƒX ‚³‚­‚ηƒ^ƒ[“‹3F,03-6447-7788,‰ωΞ—Ώ—
‚Θ‚Ύ– ‚—Φƒvƒ‰ƒCƒ€,“‹“s`‹ζ‚—Φ3-13-1 ƒU¥ƒvƒƒ“ƒX‚³‚­‚ηƒ^ƒ[“‹3F,03-6447-7788,“ϊ–{—Ώ—
“ϊ–{—Ώ—‚ζ‚Β’J,“‹“s’†‰›‹ζ“ϊ–{‹΄–{’¬‚S’–Ϊ‚W|‚P‚S,03-3243-0661,‰ωΞ—Ώ—
“ϊ–{—Ώ— ™D¬(‚«‚Θ‚θ),“‹“s`‹ζ“μΒR2-24-8 BY-CUBE 1F,03-5785-2431,‰ωΞ—Ώ—
Υ–²,“‹“s’†‰›‹ζ‹βΐ7’–Ϊ7”Τ7† GINZA 777 ADC BUILDING 5F,03-3289-9119,‰ωΞ—Ώ—
“‹ Ε  ‚Ζ‚¤‚Σ‰®‚¤‚©‚Ά,“‹“s`‹ζΕφ‰€4-4-13,03-3436-1028,‰ωΞ—Ώ—
‚΄‚­‚λ Ί’¬“X,“‹“s’†‰›‹ζ“ϊ–{‹΄Ί’¬2-2-1 ƒRƒƒhΊ’¬1 4F,03-3241-4841,‰ωΞ—Ώ—
“‹Ε‚Ζ‚¤‚Σ‰®‚¤‚©‚Ά,“‹“s`‹ζΕφ‰€‚S’–Ϊ‚S|‚P‚R,03-3436-1028,‰ωΞ—Ώ—
“ϊ–{—Ώ— ™D¬,“‹“s`‹ζ“μΒR2-24-8 BY-CUBE1F,03-5785-2431,“ϊ–{—Ώ—
‚¨‚ά‚©‚Ή‰οΘ —ψ‚³‚΄‚Θ‚έ/ƒxƒCƒTƒCƒhƒzƒeƒ‹ ƒAƒWƒ…[ƒ‹’|Ε,“‹“s`‹ζCέ1-11-2 ƒzƒeƒ‹ƒAƒWƒ…[ƒ‹’|Ε3F,03-3437-2320,‰ωΞ—Ώ—
ΤβΆ™έ–{“X,“‹“s`‹ζΤβ3-21-3–q–μƒrƒ‹1F,03-3584-5006,‰ωΞ—Ώ—
‘εu– V‹΄¬—―“X/ƒU ƒƒCƒ„ƒ‹ƒp[ƒNƒzƒeƒ‹ ƒAƒCƒRƒjƒbƒN “‹¬—―,“‹“s`‹ζ“V‹΄ 1-6-3 ƒU ƒƒCƒ„ƒ‹ƒp[ƒNƒzƒeƒ‹ ƒAƒCƒRƒjƒbƒN “‹¬—― 25K,03-6858-6066,‰ωΞ—Ώ—
aH –ε/ƒzƒeƒ‹ƒOƒ‰ƒ“ƒhƒA[ƒN”Ό‘ –ε,“‹“sη‘γ“c‹ζ”Ή’¬1-1 ƒzƒeƒ‹ƒOƒ‰ƒ“ƒhƒA[ƒN”Ό‘ –εB1F,03-3288-0356,‰ωΞ—Ώ—
‡ƒm‘ƒ,“‹“s`‹ζ–kΒR3-12-7 ƒJƒvƒ[ƒXΒR B1F,03-6427-7860,‰ωΞ—Ώ—
ι½ ‚­‚θ‚βμ,“‹“sa’J‹ζb”δυ4-23-10 ƒqƒ‹ƒTƒCƒhƒƒWƒfƒ“ƒX’n‰Ί1F,03-3446-3332,‰ωΞ—Ώ—
R‚Μ’ƒ‰®,“‹“sη‘γ“c‹ζ‰i“c’¬2-10-6,03-3581-0585,‚¤‚Θ‚¬
l`’¬΅”Όγ–μL¬H“X,“‹“s‘δ“‹ζγ–μ‚P’–Ϊ‚Q‚O|‚P‚P,03-5688-0754,‰ωΞ—Ώ—
‹βΐ I‚έ‚Β,“‹“s’†‰›‹ζ‹βΐ4-2-12 ‹βΐƒNƒƒXƒ^ƒ‹ƒrƒ‹4F,03-3562-2232,‰ωΞ—Ώ—
“ϊ–{—Ώ— a“c‘q/ƒpƒƒXƒzƒeƒ‹“‹,“‹“sη‘γ“c‹ζΫ‚Μ“ΰ1-1-1 ƒpƒƒXƒzƒeƒ‹“‹6F,03-3211-5322,‰ωΞ—Ώ—
R—Ά/The Okura Tokyo,“‹“s`‹ζΥƒm–ε2-10-4,03-3505-6070,‰ωΞ—Ώ—
“‹‚Θ‚Ύ–/’ι‘ƒzƒeƒ‹“‹,“‹“sη‘γ“c‹ζ“ΰK’¬1-1-1 ’ι‘ƒzƒeƒ‹“‹–{ΩB1F,03-3503-7981,‰ωΞ—Ώ—
–k‘εH@‹βΐ–{“X,“‹“s’†‰›‹ζ‹βΐ‚W’–Ϊ‚T|‚P‚Q,03-3575-0707,‰ωΞ—Ώ—
ΒΊ‰οΘ –k‘εH ‹βΐ–{“X,“‹“s’†‰›‹ζ‹βΐ8-5-12 ‘ζ2ƒEƒ‹ƒƒVƒrƒ‹B1B2F,03-3575-0707,‰ωΞ—Ώ—
“‹‚Θ‚Ύ– (’ι‘ƒzƒeƒ‹“‹),“‹“sη‘γ“c‹ζ“ΰK’¬1-1-1 ’ι‘ƒzƒeƒ‹B1,03-3503-7981,‰ωΞ—Ώ—
ΒΊ‰οΘ –k‘εH ‹βΐ–{“X,“‹“s’†‰›‹ζ‹βΐ8-5-12 ‘ζ“ρƒEƒ‹ƒƒVƒrƒ‹1K’n‰Ί2K,03-3575-0707,C‘N—Ώ—
„–B “cκ,“‹“sVh‹ζΌVh6-8-1 Z—F•s“®YVhƒI[ƒNƒ^ƒ[ LBF,03-5339-3966,‰ωΞ—Ώ—
‹I”φδ’¬ —•ς/ƒzƒeƒ‹ƒjƒ…[ƒI[ƒ^ƒj,“‹“sη‘γ“c‹ζ‹I”φδ’¬4-1 ƒzƒeƒ‹ƒjƒ…[ƒI[ƒ^ƒj ƒU¥ƒƒCƒ“ ƒA[ƒP[ƒhK ¦‹I”φδβϋ‚©‚η“ό‚Α‚Δ‚·‚®¶θ‚“X•ά,03-3514-1751,‰ωΞ—Ώ—
Όγ‹‰ωΞ ^,“‹“s`‹ζΌV‹΄3-15-12 ΌV‹΄Jkƒrƒ‹ 1F,03-3438-3350,‰ωΞ—Ώ—
‰Α‰κ‰® ‹βΐ“X,“‹“s’†‰›‹ζ‹βΐ5-8-17 ƒqƒ…[ƒƒbƒN‹βΐƒ[ƒ‹ƒhƒ^ƒEƒ“ƒrƒ‹ B1F,03-3289-6500,‰ωΞ—Ώ—
‹{μ’¬ …—ϊ “‹ƒ~ƒbƒhƒ^ƒEƒ““X,“‹“s`‹ζΤβ9-7-1 “‹ƒ~ƒbƒhƒ^ƒEƒ“ ƒKƒƒƒA“ΰƒK[ƒfƒ“ƒeƒ‰ƒX 3F,03-5413-1881,‰ωΞ—Ώ—
Vh ‹‰ωΞ `™B,“‹“sVh‹ζVh 3-37-11 ΐ—^ƒrƒ‹69F,03-3352-5121,‰ωΞ—Ώ—
`™B,“‹“sVh‹ζVh3-37-11 ΐ—^ƒrƒ‹69F,03-3352-5121,‰ωΞ—Ώ—
•½‰Ν’¬‚©‚Θ‚β,“‹“sη‘γ“c‹ζ•½‰Ν’¬1-5-9 ϊ¶‰οΩ1K,050-3187-9581,‰ωΞ—Ώ—
`™B,“‹“sVh‹ζVh‚R’–Ϊ‚R‚U|‚U,03-3352-5121,‰ωΞ—Ώ—
‹I”φδ’¬ —•ς,“‹“sη‘γ“c‹ζ‹I”φδ’¬4-1 ƒzƒeƒ‹ƒjƒ…[ƒI[ƒ^ƒj ƒU¥ƒƒCƒ“ ƒA[ƒP[ƒhK,03-3514-1751,“ϊ–{—Ώ—
”®‰οΠ¨”@‘Ϋƒrƒ‹“X,“‹“sη‘γ“c‹ζΫ‚Μ“ΰ‚R’–Ϊ‚P|‚P,03-3212-3475,‰ωΞ—Ώ—
–ΎΞ/‘ζκƒzƒeƒ‹“‹,“‹“s`‹ζV‹΄1-2-6 ‘ζκƒzƒeƒ‹“‹2F,03-3596-7761,‰ωΞ—Ώ—
‹γ’i‰Ί υ”’,“‹“sη‘γ“c‹ζ‹γ’i“μ1-4-1,03-3222-0505,‰ωΞ—Ώ—
_yβ K–{,“‹“sVh‹ζ_yβ4-7,03-3260-1576,‰ωΞ—Ώ—
,“‹“s’²•zsεμ’¬1-7-1,03-5314-9095,‰ωΞ—Ώ—
–Vη‘γ,“‹“s]“‹ζ‰²’O2-8-4,03-6240-3200,‰ωΞ—Ώ—
–Vη‘γ,“‹“s]“‹ζ‰²’O2-8-4 1F,03-6240-3200,‰ωΞ—Ώ—
Ό–ƒ•z ‘ε“,“‹“s`‹ζΌ–ƒ•z1-4-32 1F,03-6721-1313,‰ωΞ—Ώ—
‰ωΞ ‘“χΑ/‹‰¤ƒvƒ‰ƒUƒzƒeƒ‹,“‹“sVh‹ζΌVh2-2-1 ‹‰¤ƒvƒ‰ƒUƒzƒeƒ‹2F,03-5322-8151,‰ωΞ—Ώ—
‰ωΞ ‘“χΑ,“‹“sVh‹ζΌVh2-2-1 ‹‰¤ƒvƒ‰ƒUƒzƒeƒ‹2F,03-3344-0111,‰ωΞ—Ώ—
–ς‰¤› ’†‚ή‚η,“‹“sVh‹ζs’J–ς‰¤›’¬71-68,03-3235-7711,‰ωΞ—Ώ—
–ς‰¤›’†‚ή‚η,“‹“sVh‹ζs’J–ς‰¤›’¬‚V‚P|‚U‚W,03-3235-7711,‰ωΞ—Ώ—
‚ζ‚µ”~ –F’¬’ΰ,“‹“s’†‰›‹ζ“ϊ–{‹΄l`’¬1-5-2,03-5623-4422,‰ωΞ—Ώ—
_yβ ‚­‚λ‚·,“‹“sVh‹ζ’Γ‹vΛ’¬4-11,03-6280-8112,‰ωΞ—Ώ—
l‹G‘V ‚Ω‚µ‚β,“‹“sΆ“c’J‹ζ¬ι6-22-5,03-6411-2525,‰ωΞ—Ώ—
‰ωΞ ¬Ί,“‹“sVh‹ζα‹{’¬35-4,03-3235-3332,‰ωΞ—Ώ—
l`’¬ ‚‚Ν‚µ,“‹“s’†‰›‹ζ“ϊ–{‹΄l`’¬1-5-2,03-3249-3031,‰ωΞ—Ώ—
ξ‰Χ’¬ ‚‚Ν‚µ,“‹“s‘δ“‹ζ“γ–μ5-17-8 ’†‹β‘ζ2“γ–μƒ}ƒ“ƒVƒIƒ“ 1F 101†,03-5830-3763,‰ωΞ—Ώ—
‹“s‚Β‚ι‰Ζ ‰Τ—z ‹βΐΌ‰®“X,“‹“s’†‰›‹ζ‹βΐ3-6-1 Ό‰®‹βΐ–{“X8F,03-3538-7002,‰ωΞ—Ώ—
–ƒ•z\”Τ ‚¨μ,“‹“s`‹ζ–ƒ•z\”Τ2-13-9 ƒNƒƒXƒg–ƒ•z 2F,03-5484-5810,‰ωΞ—Ώ—
ΊΨλγ,“‹“sVh‹ζΌVh7-9-17 ‘ζκΙ“΅ƒrƒ‹2F,03-3369-5110,‰ωΞ—Ώ—
“ϊ–{—Ώ— ‚Ζ‚«‚ν,“‹“s`‹ζΌ–ƒ•z1-9-7 ƒVƒ…ƒEƒGƒcƒƒWƒfƒ“ƒXII 1F,03-3405-1237,‰ωΞ—Ώ—
SHARIΤβ/“S”ΒΔ‚έ‚½‚«Τβ,“‹“s`‹ζΤβ3-6-20 Τβƒ|[ƒ‹ƒXƒ^[ƒrƒ‹B1F,03-6441-3444,‰ωΞ—Ώ—
Τβ ‚Θ‚‚Ζ‚ΰ,“‹“s`‹ζΤβ4-2-3 ƒfƒBƒAƒVƒeƒBΤβκƒc–ΨΩ 1F,03-6277-8710,‰ωΞ—Ώ—
aH ΄…/“‹ƒvƒƒ“ƒXƒzƒeƒ‹,“‹“s`‹ζΕφ‰€3-3-1 “‹ƒvƒƒ“ƒXƒzƒeƒ‹ 1F,03-3432-1111,‰ωΞ—Ώ—
Vh ―‚Μ‚Θ‚ι–Ψ,“‹“sVh‹ζVh3-5-4 ƒƒCƒ“ƒ{[ƒrƒƒbƒW9F,03-3355-5020,‰ωΞ—Ώ—
Ό–ƒ•z ‚«‹v‚Ώ,“‹“s`‹ζΌ–ƒ•z2-17-17 `‰®‘–{“Xƒrƒ‹2F,03-6313-5599,‰ωΞ—Ώ—
υ”’,“‹“sη‘γ“c‹ζ‹γ’i“μ‚P’–Ϊ‚S|‚P,03-3222-0505,‰ωΞ—Ώ—
„–Bκ—Φ,“‹“s•{’†sυ’¬3-9-14,042-365-4151,‰ωΞ—Ώ—
O‚­‚λ‚³‚ν,“‹“s`‹ζΌ–ƒ•z3-2-15 “΅“cδέ”N“°ƒrƒ‹,03-5775-9638,‰ωΞ—Ώ—
‚¬‚ρ‚΄RH,“‹“s’†‰›‹ζ‹βΐ‚V’–Ϊ‚P‚S|‚P‚S,03-5565-3639,‰ωΞ—Ώ—
Vh ―‚Μ‚Θ‚ι–Ψ,“‹“sVh‹ζVh3-5-4 ƒƒCƒ“ƒ{[ƒrƒƒbƒW9K,03-3355-5020,“ϊ–{—Ώ—
κΡ,“‹“sVh‹ζ‘ε‹v•Ϋ‚Q’–Ϊ‚U|‚P‚O,03-3205-6644,‰ωΞ—Ώ—
ƒK[ƒfƒ“ƒƒXƒgƒ‰ƒ“ l`’¬΅”Ό ’rγ–{–ε›“X,“‹“s‘ε“c‹ζ’rγ1-2-1,03-6410-3681,‚·‚«Δ‚«
–ν•Ί‰q,“‹“sVh‹ζVh‚R’–Ϊ‚W|‚T,03-3341-9423,‰ωΞ—Ώ—
‚³‚³μ,“‹“s•{’†s—Ξ’¬‚R’–Ϊ‚P‚W|‚Q,042-361-4568,‰ωΞ—Ώ—
‚έ‚©‚Η,“‹“s”Β‹΄‹ζ¬“¤‘ς‚P’–Ϊ‚V|‚R,03-3966-3862,ƒrƒWƒlƒXƒzƒeƒ‹
Rι‰®―εU,“‹“sa’J‹ζ“ΉΊβ2-6-4 F’J¤“Xƒrƒ‹2F,03-5489-0039,C‘N—Ώ—
©β‘εΐ,“‹“s`‹ζΤβ3-12-2 Τβcaƒrƒ‹ 3F,03-5797-8798,‰ωΞ—Ώ—
©β‘εΐ,“‹“s`‹ζΤβ3-12-2 Τβcaƒrƒ‹3F,03-5797-8798,‰ωΞ—Ώ—
‚Ν‚µ–{,“‹“s’†‰›‹ζ“ϊ–{‹΄–{’¬‚Q’–Ϊ‚R|‚U,03-6225-2456,‰ωΞ—Ώ—
‰ωΞ—Ώ— ‚Ν‚µ–{,“‹“s’†‰›‹ζ“ϊ–{‹΄–{’¬2-3-6 ‹¦“―ƒrƒ‹ 1F,03-6225-2456,‰ωΞ—Ώ—
’y‘– •—X,“‹“sVh‹ζVh3-6-2 ‰hƒrƒ‹3F,03-5341-4223,‰ωΞ—Ώ—
ƒ`ƒ\ƒEƒtƒti’y‘–•—Xj,“‹“sVh‹ζVh‚R’–Ϊ‚U|‚Q,03-5341-4223,‰ωΞ—Ώ—
‹βΐ ΐ‰®,“‹“s’†‰›‹ζ‹βΐ2-11-2 ‹βΐ2112ƒrƒ‹B1F,03-3248-9090,‰ωΞ—Ώ—
“ϊ–{—Ώ— u—Η“c,“‹“s’†‰›‹ζ‹βΐ7-5-12 ƒjƒ…[ƒMƒ“ƒUƒrƒ‹8†Ω B1F,03-3573-0486,‰ωΞ—Ώ—
ΰ_γ,“‹“s`‹ζ•lΌ’¬1-20-5,03-3578-1232,‰ωΞ—Ώ—
“ϊ–{‹΄ σ“c,“‹“s’†‰›‹ζ“ϊ–{‹΄Ί’¬3’–Ϊ4-4 OδƒK[ƒfƒ“ƒzƒeƒ‹“ϊ–{‹΄ƒvƒƒ~ƒA9F,03-5542-1700,‰ωΞ—Ώ—
“ϊ–{‹΄σ“c,“‹“s’†‰›‹ζ“ϊ–{‹΄Ί’¬‚R’–Ϊ‚S|‚S,03-5542-1700,‰ωΞ—Ώ—
“ϊ–{‹΄ σ“c,“‹“s’†‰›‹ζ“ϊ–{‹΄Ί’¬3-4-4 OδƒK[ƒfƒ“ƒzƒeƒ‹“ϊ–{‹΄ƒvƒƒ~ƒA9F,03-5542-1700,“ϊ–{—Ώ—
‘εθ’¬ σ“c,“‹“sη‘γ“c‹ζ‘εθ’¬2-3-1 ‘εθ’¬ƒvƒƒCƒX ƒEƒGƒXƒgƒ^ƒ[ 2F,03-6262-1218,‰ωΞ—Ώ—
“ϊ–{—Ώ— ‚Σ‚®•ά ‚Ι‚µ‚Τ‚Ώ,“‹“s™•ΐ‹ζΆ²’J“μ3-3-16,03-3392-0123,‰ωΞ—Ώ—
Τβ‚ ‚ρ‚Η,“‹“s`‹ζΤβ3-11-1 “ο”gƒrƒ‹1F,03-3584-6068,‰ωΞ—Ώ—
‘εθ’¬ σ“c,“‹“sη‘γ“c‹ζ‘εθ’¬2-3-1 ‘εθ’¬ƒvƒƒCƒX2F,03-6262-1218,“ϊ–{—Ώ—
‘εθ’¬@σ“c,“‹“sη‘γ“c‹ζ‘εθ’¬‚Q’–Ϊ‚R|‚P,03-6262-1218,‰ωΞ—Ώ—
l`’¬΅”ΌVh‚“‡‰®“X,“‹“sa’J‹ζη‘ΚƒP’J‚T’–Ϊ‚Q‚S|‚Q,03-5361-1871,‰ωΞ—Ώ—
ƒ^ƒJƒVƒ}ƒ„ƒ^ƒCƒ€ƒYƒXƒNƒGƒA@ƒƒXƒgƒ‰ƒ“ƒYƒp[ƒNl`’¬΅”Ό,“‹“sa’J‹ζη‘ΚƒP’J‚T’–Ϊ‚Q‚S|‚Q,03-5361-1871,‰ωΞ—Ώ—
‚Δ‚ρ‚Ζ‚¤’,“‹“s’†‰›‹ζ’z’n4-4-5,03-6264-3646,ƒCƒ^ƒƒA—Ώ—iƒCƒ^ƒƒAƒ“j
‹βΐ‹g’›,“‹“s’†‰›‹ζ‹βΐ2-6-12 ‘ε‘q–{Ω 4K,03-3535-1177,‰ωΞ—Ώ—
‹βΐ‚ΕaH ‚ή‚η‚«/ƒR[ƒgƒ„[ƒhEƒ}ƒƒIƒbƒg ‹βΐ“•ƒzƒeƒ‹,“‹“s’†‰›‹ζ‹βΐ6-14-10 ƒR[ƒgƒ„[ƒh¥ƒ}ƒƒIƒbƒg‹βΐ“•ƒzƒeƒ‹B1F,03-3546-8972,‰ωΞ—Ώ—
‹βΐ ‚ά‚·“c,“‹“s’†‰›‹ζ‹βΐ7-13-22 —F–μƒrƒ‹ B1F,03-6264-2454,‰ωΞ—Ώ—
Cuisine SHINGO “ϊ–{‹΄,“‹“s’†‰›‹ζ“ϊ–{‹΄–{’¬1-4-3 ƒ”ƒBƒ‰ƒA[ƒg 2F,03-6281-9650,‰ωΞ—Ώ—
‰ωΞ ιςeΑ,“‹“s”‰¤qs”φθ’¬129,042-691-5500,‰ωΞ—Ώ—
Τβ ‚β‚°‚ρ‚Ϊ‚θ,“‹“s`‹ζΤβ3-19-5,03-3582-2270,‰ωΞ—Ώ—
“ϊ–{—Ώ— »,“‹“s’†‰›‹ζ‹βΐ4-3-12 ‹βΐΙ“΅ƒrƒ‹1F,03-5159-4510,‰ωΞ—Ώ—
χ“χ—Ώ— ”ntO ‹βΐ–{“X,“‹“s’†‰›‹ζ‹βΐ6-12-2 “‹‹βΐƒrƒ‹1K,03-5962-8029,‰ωΞ—Ώ—
‰ωΞ ιςeΑ,“‹“s”‰¤qs”φθ’¬129,042-691-5500,‰ωΞ—Ώ—
l`’¬΅”Όμξ’ΰ“‹ƒ~ƒbƒhƒ^ƒEƒ““X,“‹“s`‹ζΤβ‚X’–Ϊ‚V|‚S,03-5413-7988,‰ωΞ—Ώ—
‚έ‚Μ‚«‚ΏVhZ—F“X,“‹“sVh‹ζΌVh‚Q’–Ϊ‚U|‚P,03-3346-2531,‰ωΞ—Ώ—
‚έ‚Μ‚«‚Ώ VhZ—Fƒrƒ‹“X,“‹“sVh‹ζΌVh2-6-1 VhZ—Fƒrƒ‹2F,03-3346-2531,‰ωΞ—Ώ—
“ϊ–{—Ώ—‚ ‚―‚­‚κ/“‹ƒC[ƒXƒgƒTƒCƒh ƒzƒeƒ‹D‰ο,“‹“s]“‹ζ’©2-8-11 ƒzƒeƒ‹D‰ο 9F,03-6666-8940,‰ωΞ—Ώ—
Z–{–Ψ kappou ukai,“‹“s`‹ζZ–{–Ψ6-12-4 Z–{–Ψƒqƒ‹ƒY Z–{–Ψ‚―‚β‚«β’Κ‚θ 2F,03-3479-1515,‰ωΞ—Ώ—
‹σ‰Τ,“‹“s`‹ζΥƒm–ε5-3-3 _’J’¬ƒvƒƒCƒX1K,080-4071-0555,‰ωΞ—Ώ—
²΅,“‹“s–Ϊ•‹ζ©—R‚‹u‚R’–Ϊ‚P‚O|‚P‚W,03-3724-2424,‰ωΞ—Ώ—
aDining O\,“‹“sη‘γ“c‹ζ_“c_•Ϋ’¬1-14-16 –Ψ‰pυƒrƒ‹ 1F,03-3518-9710,‰ωΞ—Ώ—
‹βΐ ‚·‚µ‰Γ,“‹“s’†‰›‹ζ‹βΐ6-8-19 VORT‹βΐmiyuki st.5F,03-6274-6899,¬‚θυi
βο’J a‹½Wakyo,“‹“s‘ε“c‹ζΌβο’J4-13-10,03-6423-2216,‰ωΞ—Ώ—
‚Β‚«‚¶΅μ,“‹“s’†‰›‹ζ–ΎΞ’¬14-19,03-3541-2391,‰ωΞ—Ώ—
“ϊ–{—Ώ—“X ‚³‚Ζ‚«,“‹“s’†‰›‹ζ‹βΐ4-8-13 ‹βΐI–r‰οΩƒrƒ‹ B1F,03-3563-1112,‰ωΞ—Ώ—
“ϊ–{—Ώ—‚½‚©‚Ν‚µ,“‹“s]“‹ζX‰Ί1-7-6,03-6659-6095,‰ωΞ—Ώ—
‚ν‚Ύ‚Β‚έ,“‹“s–L“‡‹ζ’r‘ά2-12-5,03-5950-5390,‰ωΞ—Ώ—
‹Ό”‰ωΞ ‹`,“‹“s–Ϊ•‹ζO“c2-3-20 peerless B1F,03-6303-1105,‰ωΞ—Ώ—
‹ΰ“c’† Α,“‹“s’†‰›‹ζ‹βΐ7-6-16 ‹βΐ‹ΰ“c’†ƒrƒ‹2F,03-3289-8822,‰ωΞ—Ώ—
‚Ά‚ά‚±‚±,“‹“sa’J‹ζ‰~R’¬25-8 1F(–{Ω) ¦ΒΊ‚²——p‚Μκ‡‚Ν•ΚΩ‚Φ‚Μ‚²Δ“ΰ‚Ζ‚Θ‚θ‚ά‚· a’J‹ζ‰~R’¬26-6 2F,03-6277-5213,‰ωΞ—Ώ—
‰Τ‹½ Z–{–Ψ“X,“‹“s`‹ζZ–{–Ψ4-2-35 VORTZ–{–ΨDualfs1F(‹ƒA[ƒoƒ“ƒXƒ^ƒCƒ‹Z–{–ΨO‰Ν‘δ1F),03-5775-3888,‰ωΞ—Ώ—
‹Ό”‰ωΞ ‹` b”δυ,“‹“s–Ϊ•‹ζO“c2-3-20 B1,03-6303-1105,‰ωΞ—Ώ—
a‘nμ ‘Ύ,“‹“s•iμ‹ζγ‘εθ2-26-5 ƒƒOƒ[ƒhƒrƒ‹ B1F,03-3779-0002,‰ωΞ—Ώ—
Τβσ“c,“‹“s`‹ζΤβ3-6-4,03-3585-6606,‰ωΞ—Ώ—
a‘nμ ‘Ύ,“‹“s•iμ‹ζγ‘εθ2-26-5 ƒƒOƒ[ƒhƒrƒ‹B1,03-3779-0002,‘nμ—Ώ—
‹βΐ‚±‚Ζ‚Π “ϊ–{—Ώ— ‚µ‚Ώ\“ρσ,“‹“s’†‰›‹ζ‹βΐ6-5-17 ‹βΐ‚έ‚δ‚«Ωƒrƒ‹3F,03-6264-5029,‰ωΞ—Ώ—
Τβ ‚Ζ‚Ύ,“‹“s`‹ζΤβ3-16-5 B1,03-6459-1277,‰ωΞ—Ώ—
a‚ΜH Hako,“‹“s‘δ“‹ζγ–μ7-2-16 1F,03-3845-8515,‹π‰®AƒrƒAƒz[ƒ‹
‹βΐ ΐ’B ’Όl,“‹“s’†‰›‹ζ‹βΐ7-6-5 Ξδ‹IB‰®ƒrƒ‹2F,03-3572-7088,‰ωΞ—Ώ—
‚¬‚ρ‚΄ κ“ρς,“‹“s’†‰›‹ζ‹βΐ2-14-6 ‘ζ2Ό‰ƒrƒ‹B1,03-6278-8110,‰ωΞ—Ώ—
’ƒ‰ωΞι½,“‹“s`‹ζ”’‹ΰ‘δ5-2-22 1F,03-3449-6250,¬‚θυi
‚¬‚ρ‚΄ κ“ρς,“‹“s’†‰›‹ζ‹βΐ2-14-6 ‘ζ2Ό‰ƒrƒ‹B1,03-6278-8110,“ϊ–{—Ώ—
l`’¬΅”Ό‹βΐ“X,“‹“s’†‰›‹ζ‹βΐ‚U’–Ϊ‚W|‚V,03-3571-5333,‰ωΞ—Ώ—
‹βΐ ΐ’B’Όl,“‹“s’†‰›‹ζ‹βΐ7-6-5 Ξδ‹IB‰®ƒrƒ‹2F,03-3572-7088,“ϊ–{—Ώ—
–€–λ,“‹“s`‹ζΌV‹΄1-2-9 “ϊ”δ’JƒZƒ“ƒgƒ‰ƒ‹ƒrƒ‹B2,03-3593-4129,‚·‚«Δ‚«
‹΄”Θ’ΰ,“‹“sη‘γ“c‹ζκƒc‹΄2-1-1 ”@…‰οΩ 3F,03-3556-0252,‰ωΞ—Ώ—
‹βΐ •δ‚Μ‰Ν,“‹“s’†‰›‹ζ‹βΐ6-3-11 Ό‹βΐƒrƒ‹ 6F,03-6264-5979,‰ωΞ—Ώ—
O‘ξ‹P,“‹“s`‹ζZ–{–Ψ3-8-12 Z–{–ΨJTƒrƒ‹1F,03-6812-9969,‰ωΞ—Ώ—
ΒΊaH “R V‹΄“X,“‹“s`‹ζV‹΄2-14-3 8F,03-3519-5210,‰ωΞ—Ώ—
VJ‰Τ,“‹“sη‘γ“c‹ζO_“c2-8-14,03-3253-2368,‰ωΞ—Ώ—
‘ ,“‹“s‘δ“‹ζσ‘‚P’–Ϊ‚R‚O|‚P‚O,03-3847-1129,‰ωΞ—Ώ—
{‚Μ–΅ ‚Ά‚Ώ,“‹“s`‹ζZ–{–Ψ7-10-30 ΄…ƒrƒ‹1F,03-3402-9424,“ϊ–{—Ώ—
‚β‚ά‚Ρ‚±,“‹“sa’J‹ζb”δυΌ‚P’–Ϊ‚R‚O|‚P‚S,03-3770-6167,‰ωΞ—Ώ—
VJ‰Τ,“‹“sη‘γ“c‹ζO_“c‚Q’–Ϊ‚T|‚T,03-3253-2368,‰ωΞ—Ώ—
GINZA KUKI,“‹“s’†‰›‹ζ‹βΐ5-9-16 GINZA-A5 4K,03-3572-5433,‰ωΞ—Ώ—
GINZA KUKI,“‹“s’†‰›‹ζ‹βΐ5-9-16 GINZA A5 4F,03-3572-5433,‰ωΞ—Ώ—
‚¨‚«‚ ‚‚θ¬–@t,“‹“s`‹ζΥƒm–ε1-16-8,03-3501-7935,‰ωΞ—Ώ—
ΒΊ„–B O’·,“‹“sa’J‹ζ‰~R’¬6-1 1F,03-6455-1363,‰ωΞ—Ώ—
—Ώ’ΰEO’·,“‹“sa’J‹ζ‰~R’¬‚U|‚P,03-3461-2424,‰ωΞ—Ώ—
a’J‰~R’¬ ΒΊ„–B O’·,“‹“sa’J‹ζ‰~R’¬6-1 1F,03-6455-1363,‚·‚Α‚Ϋ‚ρ—Ώ—
‹βΐ ‚ζ‚µΰV,“‹“s’†‰›‹ζ‹βΐ1-13-8 ƒnƒrƒEƒ‹‹βΐƒrƒ‹ B1F,03-6264-4970,‰ωΞ—Ώ—
‹βΐ ‚ζ‚µΰV,“‹“s’†‰›‹ζ‹βΐ1-13-8 ƒnƒrƒEƒ‹‹βΐB1,03-6264-4970,“ϊ–{—Ώ—
O—F‹,“‹“s`‹ζ‚—Φ1-27-19,03-5449-7155,‰ωΞ—Ώ—
“ϊ–{—Ώ— ‚Π‚Μ‚«‚΄‚©/ƒUEƒƒbƒcEƒJ[ƒ‹ƒgƒ““‹,“‹“s`‹ζΤβ9-7-1 “‹ƒ~ƒbƒhƒ^ƒEƒ“ ƒU¥ƒƒbƒc¥ƒJ[ƒ‹ƒgƒ““‹45K,03-3423-8000,‰ωΞ—Ώ—
a‘V ‚Ά‚Ά“c,“‹“s’†‰›‹ζ“ϊ–{‹΄l`’¬2-19-7 ”~“c 1F,03-6206-2279,‰ωΞ—Ώ—
l’J ‚Σ‚­,“‹“sVh‹ζl’J4-28-8 ƒpƒ‹ƒgƒrƒ‹B1F,03-3356-1948,‰ωΞ—Ώ—
Ίa‚ΜX Τ‰®/ƒtƒHƒƒXƒgEƒCƒ“ΊaΩ,“‹“sΊ“‡s”q“‡’¬Ίa‚ΜX ƒtƒHƒƒXƒg¥ƒCƒ“ΊaΩ1F,042-542-3333,‰ωΞ—Ώ—
–ƒ•z {ΚaH ‚©‚·‚έ,“‹“s`‹ζΌ–ƒ•z3-2-32,03-3408-0464,‰ωΞ—Ώ—
”θ•¶’J β–{,“‹“s–Ϊ•‹ζ”θ•¶’J1-4-20 KANNA”θ•¶’J 1F,03-6412-8074,‰ωΞ—Ώ—
‹βΐ a‹½,“‹“s’†‰›‹ζ‹βΐ4-12-1 VORT‹βΐƒC[ƒXƒg2 10F,090-1444-3973,‰ωΞ—Ώ—
†‰Ή,“‹“s`‹ζΤβ‚Q’–Ϊ‚P‚V|‚T‚T,03-5570-1717,‰ωΞ—Ώ—
“ϊ–{—Ώ— Τβ †‰Ή,“‹“s`‹ζΤβ2-17-55 ‘ε–μƒrƒ‹1F,03-5570-1717,‰ωΞ—Ώ—
–ƒ•z‚³‚¨‚Ζ‚ί,“‹“s`‹ζΌ–ƒ•z3-1-9 Kƒrƒ‹1F,03-5843-0537,‰ωΞ—Ώ—
ΒR ‚½‚©–μ,“‹“s`‹ζ“μΒR5-12-6 ‰pƒrƒ‹ B1F,03-6427-9287,‰ωΞ—Ώ—
r–Ψ’¬ υχ,“‹“sVh‹ζr–Ψ’¬8 –Ψ‘Ίƒrƒ‹1F,03-6879-9111,„‚Ϋ‚¤
‘Ύ•υi,“‹“s‘δ“‹ζΌ‚’J‚Q’–Ϊ‚Q‚U|‚U,03-3841-4811,‰ωΞ—Ώ—
“ρ”‚»‚Ξ‹›EΫ“,“‹“s—ϋ”n‹ζ‰ΊΞ_δ‚Q’–Ϊ‚R‚U|‚S,03-3995-1201,‰ωΞ—Ώ—
Ϋ“,“‹“s—ϋ”n‹ζ‰ΊΞ_δ‚Q’–Ϊ‚R‚U|‚S,03-3995-1201,‰ωΞ—Ώ—
–ƒ•z Ηδ,“‹“s`‹ζΌ–ƒ•z1-9-11 ƒTƒƒ^ƒJƒrƒ‹1F,03-6432-9345,‰ωΞ—Ώ—
’y‘n™α—΄,“‹“s’†‰›‹ζ‹βΐ5-14-14 ƒTƒ“ƒƒbƒg‹βΐƒrƒ‹3 (5K),03-6876-3389,‰ωΞ—Ώ—
‚¤‚©‚Ά’ΉR,“‹“s”‰¤qs“μσμ’¬3426,042-661-0739,‰ωΞ—Ώ—
_yβ  ’R,“‹“sVh‹ζ_yβ6-65 ƒAƒ~ƒVƒ…ƒ}ƒ“_yβ 2F,03-6265-0044,‰ωΞ—Ώ—
“ϊ–{—Ώ— ”η‘γ/“‹πΪ Ϋ‚Μ“ΰ–{Ϊ,“‹“sη‘γ“c‹ζΫ‚Μ“ΰ3-2-1 “‹πΪ –{Ϊ 2F,050-3134-4890,‰ωΞ—Ώ—
“ϊ–{—Ώ— ‘Ύ,“‹“s`‹ζ–kΒR3-13-1 –kΒRΦƒrƒ‹ B1F,03-6450-5991,‰ωΞ—Ώ—
Τβ ‚Ι‚Μ‚ά‚¦,“‹“s`‹ζΤβ4’–Ϊ11-24,03-6426-5185,‰ωΞ—Ώ—
“ϊ–{—Ώ—α—Ρ,“‹“s`‹ζ“μΒR4-9-3 VIVREAOYAMA 2F,03-3408-4723,‰ωΞ—Ώ—
–k‘εH “ϊ–{‹΄’ƒ—Ύ _“c‰w“X,“‹“sη‘γ“c‹ζ’b–θ’¬1-5-6 ‘ζ3‘ε“ƒrƒ‹ B1F,03-3257-0257,‰ωΞ—Ώ—
πζa‚λ‚­,“‹“s‘«—§‹ζ’†‰›–{’¬2-24-27 101,03-5845-5815,‰ωΞ—Ώ—
“ϊ–{—Ώ— ‹βΐ ‚Ά‚µ‚Γ‚©,“‹“s’†‰›‹ζ‹βΐ1-13-8 ƒnƒrƒEƒ‹‹βΐ5F,03-6228-6908,‰ωΞ—Ώ—
–k‘εH “ϊ–{‹΄’ƒ—Ύ _“c‰w“X,“‹“sη‘γ“c‹ζ’b–θ’¬1-5-6 ‘ζ3‘ε“ƒrƒ‹,03-3257-0257,C‘N—Ώ—
“ϊ–{—Ώ— ‚Ά‚µ‚Γ‚©,“‹“s’†‰›‹ζ‹βΐ1-13-8 ƒnƒrƒEƒ‹‹βΐ5F,03-6228-6908,“ϊ–{—Ώ—
“‹–ιi ‘έΨ‰ƒ‰ο  ‰®`‘D •½δ,“‹“s•iμ‹ζ–k•iμ1-21-1,03-3471-9267,‰®`‘D
‰ΰ’λ‚ά‚Β‚Ξ‚η,“‹“s`‹ζΌ–ƒ•z1-7-2 ƒAƒfƒbƒ\Ό–ƒ•z3F,03-5772-5717,‰ωΞ—Ώ—
Τβ ‹Ό‰ξ,“‹“s`‹ζΤβ3-10-7,03-3505-5338,‰ωΞ—Ώ—
j,“‹“s’†‰›‹ζ‹βΐ5-5-11 ’Λ–{•s“®Yƒrƒ‹ƒfƒBƒ“ƒO4F,03-3571-1987,‰ωΞ—Ώ—
‰Τ‰ωΞ ‚Σ‚ι—Ρ,“‹“s™•ΐ‹ζΌ‰¬–k1-18-5,03-3395-0880,‰ωΞ—Ώ—
j,“‹“s’†‰›‹ζ‹βΐ‚T’–Ϊ‚T|‚P‚P,03-3571-1987,‰ωΞ—Ώ—
‚Ά‚Ζ³,“‹“s`‹ζ–ƒ•z\”Τ3-4-7,03-3454-6538,‰ωΞ—Ώ—
‹βΐ j,“‹“s’†‰›‹ζ‹βΐ5-5-11 4F,03-3571-1987,‰οΘ—Ώ—
δ—Ώ— ’,“‹“s`‹ζ“–ƒ•z3-3-9 ƒAƒlƒbƒNƒX–ƒ•z\”Τ B1F,050-3145-9475,‰ωΞ—Ώ—
‚ζ‚µΰV,“‹“s`‹ζZ–{–Ψ6-10-1 Z–{–Ψƒqƒ‹ƒY ƒEƒGƒXƒgƒEƒH[ƒN5F,03-6812-9799,‰ωΞ—Ώ—
‚ζ‚µΰV,“‹“s`‹ζZ–{–Ψ6-10-1 Z–{–Ψƒqƒ‹ƒY5F,03-6812-9799,“ϊ–{—Ώ—
—Ώ—‰® ‹k,“‹“s`‹ζZ–{–Ψ7-9-7 •κƒtƒ‰ƒbƒgƒrƒ‹ 1F,03-5860-6868,‰ωΞ—Ώ—
¬F,“‹“s’†‰›‹ζ‹βΐ5-5-13 βϋƒrƒ‹3F,03-5537-7444,‰ωΞ—Ώ—
¬F,“‹“s’†‰›‹ζ‹βΐ5-5-13 βϋƒrƒ‹3F,03-5537-7444,‰ωΞ—Ώ—
