X,db,Z,ANZX,cƎ,x,X̃z[y[W,x@
T,kC͓SmymyQQRS,01564-2-2332,Η
M/I[ZgzeM,kCMs2-15-1 I[ZgzeM,0134-27-8116,Η
܂v,kCDys73 LCԊ B1F,011-518-2103,Η
 T,kCDys씪3-6-1 ܏\r 1F,011-530-3322,Η
{܂,kCDys~R8-4-26,011-303-6495,Η
{ oma/X^ HOTEL CHUPKI,kCES^L244-1,0145-27-2081,Η
΁E,kCَsܗŊsRO|PU,0138-32-3313,Η
B ߍ,kCksk74-13-1,0157-25-6782,Η
{ Ȃ O/ٍۃze,kCَs蒬5-10 ٍۃze 2F,0138-23-8756,Η
{ ԗVV/WX}bNvU,kCDys73ڃWX}bNvUzen1K,011-513-8110,Η
ȂƋGߗƂ,kCDysʐ284-14,011-611-7688,Η
䗿 ӂc,kCDys621-4-6,011-215-0318,Η
{ ,kCDys122-2-15 V[Yr B1F,011-213-8518,Η
,kCDys22-8-1 sr B1F,011-219-3575,Η
R,kCDysʐ17-2-8 OVAX 1F,011-688-8024,Η
{ Ƃ,kCDysʐ52-2 TANIr1K,011-222-1515,Η
aH| _C/ANANEvUzeDy,kCDysk312-9 ANANEvUzeDyB1F,011-242-2827,Η
 T,kCDys83-6-1 ܏\r1F,011-530-3322,Η
T,kCDysW𐼂RڂU|P,011-530-3322,Η
T,kCDysW𐼂RڂU|P,011-530-3322,Η
{x,kCSXPxPOP|PO,01374-5-2130,Η
,kCDys~R4-6-17,011-616-6462,ۂ
 f,kCDysk128-2-18,011-621-6222,Η
䂽,kCSrc1-74,015-572-2220,Η
ӂV,kCHsSڂQV|PW,0154-37-5570,Η
{,kCcSmk21-3-10 Nr,0136-22-0263,Η
BE΍,kCksKTڂT|V,0157-61-7111,Η
,kCHsђTڂR,0154-22-4466,Η
,kCHsђTڂR,0120-320849,Η
lG̖킢 ,kCHsђ5-3 OcփrB1,0154-22-4466,Η
Ӓ,kCDysS𐼂QڂV|T,011-531-1132,Η
Ђ,kCَsPڂQ|T,0138-31-5077,Η
Д~,kCэLsSPVڂPR,0155-27-1241,Η
Ўdo~,kCэLsSPVڂPR,0155-27-1241,Η
Ȃ,kCэLsʓPOڂQ|Q,0155-26-1147,Η
Xg,kCOSOR123,0139-42-2525,{
ߍ,kCkskV𐼂SڂPR|P,0157-25-6782,Η
܂̈,kCDysU𐼂SڂT,011-513-5141,Η
@ʒ,kCDysS𐼂SڂT|Q,011-211-1478,Η
,kCDysՎQTڂQ|QO,011-215-5541,Η
΂ӂ,kCs{RڂR|QT,0125-23-2828,Η
@{,kCMsLPR|RS,0134-27-1851,Η
aHȂ,kCSʒDPRU,0155-23-1022,Η
 aH C]Ȃ],kCDys74-2-12 vU7-4r3F,011-206-4448,ۂ
ACEP[^OT[rXDy,kCDysL挎QPWڂPO|X,0120-724456,Η
Xg΂炭,kCES咬PPQ|Q,0145-22-4100,Η
,kCs_yPWڂQ|PO,0166-62-5123,Η
,kCs_yPWڂQ|PO,0120-333546,Η
,kCَs{S|QP,0138-32-0138,Η
CN܂邾,kCDysS𐼂T,011-210-7321,Η
~̉ DyX,kCDys1 DyVe 4F,011-207-7317,Η
~̉ DyX,kCDys11 DyVe4F,011-207-7317,Η
Dy Ȃa/Dyp[Nze,kCDys\31-1 Dyp[Nze 11F,011-511-3355,Η
ȂaEDyX,kCDysPO𐼂RڂP|P,011-511-3355,Η
aH ܂/DyGNZze},kCDys85420 DyGNZze}2F,011-530-3302,Η
aH ܂,kCDys85-420 DyGNZze}2F,011-530-3302,{
傓V,kCDyskP𐼂U,011-271-2393,Η
Y~,kCDysV𐼂R,011-511-1161,Η
XJCXguOv,kCDysk52-5 JR^[zeqDy35F,011-251-6377,Η
XJCXguOv/JR^[zeqDy,kCDysk525 JR^[zeqDy 35F,011-251-6377,Η
{uaTv/v~Aze  Dy,kCDys1061-21 v~Aze  Dy24K,011-512-8168,Η
{ uaTv,kCDys\6-1-21 v~Aze  Dy24F,011-512-8168,ȗ
{ 笉/zegG[fztDy,kCDysk211Ԓn zegG[fztDy13F,011-330-4461,Η
,kCDys122-2-15 V[Yr1F,011-688-5117,Η
lG ԍ,kCَs쒬21-18,0138-55-1515,ArAz[
 ɂ,kCDys܏5 ASILDy 1F,011-211-4303,Η
΂ɂ,kCDysT𐼂TڂPR|P,011-211-4303,Η
΂̗ ,kCَsZg17-1,0138-27-7288,Η
傤,kCϏqs咬PڂS|QO,0144-32-6226,Η
傤,kCϏqs咬PڂS|QO,0120-326226,Η
R,kCэLs622-1-30,0155-22-6727,{
,kCَsZgPV|P,0138-27-7288,Η
{ ԏ(v~Aze]TSUBAKI]Dy),kCDysLL41-1-1 v~Aze-TSUBAKI-Dy3F,011-814-8711,ȗ
ۂCK,kCDysV𐼂R,011-531-5581,Η
΂ɂ,kCDys55 ASILDy1F,011-211-4303,Η
