店名,電話,住所,アクセス,営業時間,定休日,お店のホームページ,支払い方法
クスリ仁科大曲店,秋田県大仙市大曲中通町４２,0187-62-0247,ドラッグストア
ハッピー・ドラッグ　鷹巣店,秋田県北秋田市米代町３９−２,0186-69-7766,ドラッグストア
永田薬店,秋田県湯沢市稲庭町字三嶋４４−２,0183-43-2229,ドラッグストア
株式会社薬王堂　横手平鹿店,秋田県横手市平鹿町浅舞字福田２２０−１,0182-24-3999,ドラッグストア
株式会社ツルハ　ツルハドラッグ　刈和野店,秋田県大仙市刈和野字沼田１２−１,0187-87-3588,ドラッグストア
株式会社薬王堂　湯沢倉内店,秋田県湯沢市倉内字川原田１７−２,0183-56-6812,ドラッグストア
ベストドラッグ井川店,秋田県南秋田郡井川町北川尻字新坂９０−１,018-874-2201,ドラッグストア
株式会社薬王堂　秋田六郷店,秋田県仙北郡美郷町野中字中明子１０６,0187-84-2010,ドラッグストア
くすりの高堂谷,秋田県大館市比内町扇田字南扇田２４−１,0186-55-0023,ドラッグストア
株式会社薬王堂由利　本荘・大内店,秋田県由利本荘市岩谷町字西越９４−３,0184-65-3707,ドラッグストア
株式会社薬王堂　十文字店,秋田県横手市十文字町佐賀会字下沖田６１−５,0182-42-5071,ドラッグストア
芳賀薬店,秋田県仙北市西木町桧木内字松葉６５−２,0187-48-2909,ドラッグストア
高橋薬店,秋田県仙北郡美郷町土崎字上野乙１−２２９,0187-85-3890,ドラッグストア
株式会社薬王堂　由利本荘・西目店,秋田県由利本荘市西目町沼田字新道下２−５３８,0184-74-6297,ドラッグストア
木内薬店,秋田県由利本荘市岩城内道川字烏森１５０−２３,0184-73-2021,ドラッグストア
有限会社ヘルスドラッグ須藤,秋田県にかほ市平沢字清水５０−１０,0184-35-3809,ドラッグストア
スーパードラッグアサヒ角館店,秋田県仙北市角館町下菅沢２２−１,0187-55-5000,ドラッグストア
株式会社薬王堂　由利本荘矢島店,秋田県由利本荘市矢島町城内字築舘１５９−１,0184-74-3701,ドラッグストア
ツルハドラッグ　鷹巣店,秋田県北秋田市栄字中綱２,0186-60-0028,ドラッグストア
クスリ仁科　６９５店,秋田県仙北郡美郷町六郷字米町６０,0187-84-0247,ドラッグストア
ツルハドラッグ　米内沢店,秋田県北秋田市米内沢字柳原４−４,0186-72-9268,ドラッグストア
ツルハドラッグ　天王西店,秋田県潟上市天王字上江川４７−２９０,018-872-2268,ドラッグストア
株式会社薬王堂　横手赤坂店,秋田県横手市赤坂字大道添３８,0182-36-7770,ドラッグストア
ツルハドラッグ　八竜店,秋田県山本郡三種町浜田字東浜田３３４,0185-72-1268,ドラッグストア
中村薬房,秋田県潟上市昭和大久保字町後７０,018-877-3409,ドラッグストア
ツルハドラッグ　琴丘店,秋田県山本郡三種町鹿渡字西小瀬川１５７,0185-72-2268,ドラッグストア
株式会社薬王堂　由利本荘薬師堂店,秋田県由利本荘市薬師堂字谷地４５,0184-74-6291,ドラッグストア
ハッピー・ドラッグ毛馬内店,秋田県鹿角市十和田毛馬内字南陣場４２−１,0186-30-3399,ドラッグストア
株式会社薬王堂　秋田井川店,秋田県南秋田郡井川町浜井川字荒田堰１６２,018-874-2511,ドラッグストア
株式会社薬王堂　能代落合店,秋田県能代市落合字下前田１９３,0185-54-5880,ドラッグストア
株式会社薬王堂　秋田外旭川店,秋田県秋田市外旭川字小谷地６１,018-868-9666,ドラッグストア
株式会社薬王堂　横手大雄店,秋田県横手市大雄字精兵村６−１,0182-52-3675,ドラッグストア
薬王堂　北秋田・鷹巣店,秋田県北秋田市鷹巣字西中岱４６−１,0186-67-6057,ドラッグストア
ツルハドラッグ　仁賀保店,秋田県にかほ市平沢字上町田１９−９,0184-32-3331,ドラッグストア
株式会社薬王堂　大仙太田店,秋田県大仙市太田町横沢字相野４２０,0187-73-5971,ドラッグストア
石川薬舗,秋田県秋田市河辺三内字外川原１４５−５,018-883-2046,ドラッグストア
株式会社薬王堂　潟上追分店,秋田県潟上市天王字長沼６４−１６８,018-838-5811,ドラッグストア
メガ土崎店,秋田県秋田市土崎港相染町字沼端７７−７６,018-880-2115,ドラッグストア
ハッピードラッグ　能代北店,秋田県能代市落合字上前田１６９,0185-74-6527,ドラッグストア
ツルハドラッグ　横手西店,秋田県横手市横手町字三ノ口４−１,0182-35-4268,ドラッグストア
石川薬舗,秋田県秋田市河辺三内字外川原１０２−３,018-853-6566,ドラッグストア
株式会社ツルハ　ツルハドラッグフレスポ横手店,秋田県横手市安田字向田１８６,0182-35-6632,ドラッグストア
株式会社薬王堂　湯沢雄勝店,秋田県湯沢市小野字新田８１,0183-52-3125,ドラッグストア
くすり和泉,秋田県横手市金沢本町字荒町１８−４,0182-37-2026,ドラッグストア
ツルハドラッグ　矢島店,秋田県由利本荘市矢島町元町字谷地１４８,0184-29-5022,ドラッグストア
健康堂薬店,秋田県鹿角市花輪字下中島９６,0186-23-2088,ドラッグストア
株式会社薬王堂秋田河辺店,秋田県秋田市河辺北野田高屋字上前田表４５−１,018-827-5826,ドラッグストア
和田薬店,秋田県大館市早口字上野２１−２,0186-54-2056,ドラッグストア
原田薬店,秋田県大館市川口字長里２５８,0186-49-6411,ドラッグストア
有限会社今野薬品　本店,秋田県由利本荘市岩谷町字川端１０２−１,0184-65-2571,ドラッグストア
株式会社薬王堂　大曲四ッ屋店,秋田県大仙市高関上郷字不動堂１６７−１,0187-63-7077,ドラッグストア
株式会社薬王堂　能代二ツ井店,秋田県能代市二ツ井町字道上中坪３２−１,0185-74-6570,ドラッグストア
ハッピー・ドラッグ　大館比内店,秋田県大館市比内町扇田字伊勢堂岱１８３−１,0186-59-4719,ドラッグストア
株式会社薬王堂　大仙高梨店,秋田県大仙市高梨字金堀２６７−１,0187-73-7866,ドラッグストア
くすりのすずき,秋田県にかほ市平沢字清水３−３２,0184-35-3212,ドラッグストア
コマツ薬店,秋田県由利本荘市東由利老方字畑田３８−１,0184-69-3102,ドラッグストア
ツルハドラッグ　雄物川店,秋田県横手市雄物川町沼館字沼館４５６−１,0182-56-2268,ドラッグストア
くすり健生堂,秋田県雄勝郡羽後町西馬音内字本町１０５,0183-62-0117,ドラッグストア
株式会社薬王堂　由利本荘・荒町店,秋田県由利本荘市荒町字真城２０−１,0184-74-6146,ドラッグストア
藤原薬舗,秋田県横手市山内土渕字二瀬８−５,0182-53-2161,ドラッグストア
宮城薬店,秋田県由利本荘市東由利蔵字新田５８−１,0184-69-2067,ドラッグストア
前田薬品,秋田県北秋田市小又字下川原１０１,0186-75-2818,ドラッグストア
薬王堂　大仙神岡店,秋田県大仙市神宮寺字大浦前３０−１,0187-73-7211,ドラッグストア
ツルハドラッグ　合川店,秋田県北秋田市李岱字豊田３６−１,0186-78-9268,ドラッグストア
有限会社千田薬舗,秋田県男鹿市角間崎字家ノ下１５４−７,0185-46-2025,ドラッグストア
株式会社ツルハ　ツルハドラッグ　秋田広面店,秋田県秋田市広面字樋ノ沖９３−１,018-884-3137,ドラッグストア
ツルハドラッグフレスポ本荘店,秋田県由利本荘市石脇字田頭１９５−２,0184-28-4168,ドラッグストア
有限会社豊田薬品商事,秋田県秋田市金足追分字海老穴２６７,018-873-2140,ドラッグストア
株式会社ツルハ　ツルハドラッグ　外旭川店,秋田県秋田市外旭川字小谷地３３−１,018-869-7051,ドラッグストア
クスリ津田屋,秋田県大仙市神宮寺字蓮沼１９−１７,0187-72-4029,ドラッグストア
ツルハドラッグ　大曲川目店,秋田県大仙市川目字町東７,0187-66-4268,ドラッグストア
ツルハドラッグ　中仙店,秋田県大仙市長野字柳田４６,0187-56-7268,ドラッグストア
ツルハドラッグ　男鹿船川店,秋田県男鹿市船川港比詰字大巻１４２−２,0185-22-1268,ドラッグストア
株式会社薬王堂　横手雄物川店,秋田県横手市雄物川町造山字広田表１５−１,0182-23-5122,ドラッグストア
ハッピー・ドラッグ花輪店,秋田県鹿角市花輪字上花輪２３７,0186-25-8668,ドラッグストア
株式会社薬王堂　大館・比内店,秋田県大館市比内町扇田字新長岡４４,0186-57-8901,ドラッグストア
菅原薬店,秋田県男鹿市船川港船川字化世沢１７５−３２,0185-24-2835,ドラッグストア
ツルハドラッグ　男鹿店,秋田県男鹿市脇本脇本字石館１６,0185-22-2057,ドラッグストア
ツルハドラッグ向能代店,秋田県能代市落合字下大野７８,0185-89-6755,ドラッグストア
株式会社薬王堂　大曲飯田店,秋田県大仙市飯田字屋舗通７５−１,0187-62-1733,ドラッグストア
タムラ泰生堂,秋田県鹿角市花輪字中花輪５３,0186-23-3133,ドラッグストア
サンドラッグ　横手店,秋田県横手市婦気大堤字下久保１５,0182-35-4300,ドラッグストア
ツルハドラッグ　能代北店,秋田県能代市落合字上前田１６１,0185-89-8268,ドラッグストア
杉本健康堂駅前店,秋田県鹿角市花輪字下中島９６,0186-23-2088,ドラッグストア
マツモトキヨシメルシティ潟上店,秋田県潟上市飯田川飯塚字上堤敷６９−１,018-854-8025,ドラッグストア
ツルハドラッグ　大館北店,秋田県大館市釈迦内字稲荷山下２５７,0186-48-5268,ドラッグストア
ツルハドラッグ　大内店,秋田県由利本荘市大内三川字三川３４−２,0184-62-0268,ドラッグストア
クスリきむらいとく鹿角ショッピングセンター店,秋田県鹿角市花輪字下タ町１６４−１,0120-870884,ドラッグストア
オノザキ薬店,秋田県雄勝郡羽後町貝沢字拾三本塚５,0183-62-2236,ドラッグストア
株式会社薬王堂　湯沢稲川店,秋田県湯沢市川連町字大舘疣橋５７,0183-42-5900,ドラッグストア
有限会社ヘルスドラッグ須藤　マックスバリュ　にかほ店,秋田県にかほ市平沢字天ケ町８２,0184-37-3736,ドラッグストア
中井万盛堂薬房,秋田県潟上市飯田川下虻川字屋敷１１３,018-877-3227,ドラッグストア
京極・薬店,秋田県由利本荘市岩城亀田大町字大町１０−１,0184-72-2041,ドラッグストア
ツルハドラッグ天王長沼店,秋田県潟上市天王字長沼９−２,018-870-4567,ドラッグストア
薬王堂　秋田・角館店,秋田県仙北市角館町小勝田中川原１３２,0187-42-8521,ドラッグストア
合資会社高橋薬舗　角館店,秋田県仙北市角館町中菅沢９２−６１,0187-53-2808,ドラッグストア
薬王堂　鹿角・花輪店,秋田県鹿角市花輪字鉄砲１８−１,0186-22-4181,ドラッグストア
ドラッグストアいまつ,秋田県大仙市大沢郷宿字宿６０−１,0187-78-1118,ドラッグストア
いまつ,秋田県大仙市大沢郷宿字宿６０−１,0187-78-1116,ドラッグストア
ドラッグストアいまつ,秋田県大仙市大沢郷宿字宿６０−１,0187-78-1116,ドラッグストア
スーパードラッグアサヒ能代店,秋田県能代市字東大瀬５−１,0185-52-8456,ドラッグストア
ツルハドラッグ　秋田中通店,秋田県秋田市中通２丁目２５４,018-889-2155,ドラッグストア
ツルハドラッグ　本荘南店,秋田県由利本荘市二番堰５４−１,0184-28-0333,ドラッグストア
ツルハドラッグ　秋田土崎店,秋田県秋田市土崎港北７丁目７７−１,018-880-3268,ドラッグストア
株式会社薬王堂　大館店,秋田県大館市字観音堂４２０,0186-42-3388,ドラッグストア
スーパードラッグアサヒ大館店,秋田県大館市有浦２丁目１−２０,0186-45-1851,ドラッグストア
株式会社ツルハ　ツルハドラッグ　八橋店,秋田県秋田市八橋新川向１−２５,018-883-0232,ドラッグストア
株式会社ツルハ　ツルハドラッグ　秋田御所野店,秋田県秋田市御所野元町１丁目１−１７,018-892-6180,ドラッグストア
株式会社薬王堂　横手店,秋田県横手市条里２丁目４−１２,0182-36-0020,ドラッグストア
ツルハドラッグ　秋田泉南店,秋田県秋田市泉南３丁目２３−２４,018-896-1268,ドラッグストア
ツルハドラッグ横手寿町店,秋田県横手市寿町１−３５,0182-35-6268,ドラッグストア
株式会社中井薬品　能代店,秋田県能代市字鳥小屋４５−２０,0185-74-7090,ドラッグストア
薬いとう,秋田県大館市字桂城１８−２,0186-42-6380,ドラッグストア
泉薬店,秋田県能代市大手町４−２２,0185-52-6445,ドラッグストア
マツモトキヨシ　イオンモール秋田店,秋田県秋田市御所野地蔵田１丁目１−１,018-826-1140,ドラッグストア
マツモトキヨシ　秋田駅ビルＡＬＳ店,秋田県秋田市中通７丁目２−１,018-834-8288,ドラッグストア
アルヴェいわま薬局,秋田県秋田市東通仲町4-1 秋田拠点センターアルヴェ 1F,018-884-0911,ドラッグストア
仁科,秋田県横手市平和町３−２６,0182-32-0247,ドラッグストア
スーパードラッグアサヒ湯沢店,秋田県湯沢市字万石２４２,0183-78-2280,ドラッグストア
株式会社ツルハ　ツルハドラッグ　秋田川尻店,秋田県秋田市川尻御休町５−２７,018-883-3268,ドラッグストア
ハッピー・ドラッグ　秋田泉北店,秋田県秋田市泉北１丁目１７−１,018-838-7556,ドラッグストア
ツルハドラッグ秋田楢山店,秋田県秋田市楢山川口境４−２１,018-884-3268,ドラッグストア
ツルハドラッグ大曲田町店,秋田県大仙市大曲田町１−２７,0187-66-0555,ドラッグストア
株式会社ツルハ　ツルハドラッグ　東通店,秋田県秋田市東通８丁目１−３１,018-887-3922,ドラッグストア
ヤングビーナス秋田販売,秋田県秋田市新屋田尻沢中町１１−２０,018-828-4958,ドラッグストア
株式会社池田,秋田県由利本荘市川口字八幡前261,0184-22-2228,ドラッグストア
ツルハドラッグ　横手平和町店,秋田県横手市平和町１５−３１,0182-35-2268,ドラッグストア
ハッピードラッグ　秋田新屋店,秋田県秋田市新屋鳥木町１−２,018-827-7765,ドラッグストア
株式会社薬王堂　能代寺向店,秋田県能代市字寺向９３−１,0185-74-6851,ドラッグストア
スーパードラッグアサヒＥｘｐｒｅｓｓ秋田勝平店,秋田県秋田市新屋松美町１１−３８,018-874-9571,ドラッグストア
あかつか薬品,秋田県秋田市泉中央２丁目２２−１,018-864-6038,ドラッグストア
沢藤薬舗,秋田県能代市上町６−２５,0185-52-5423,ドラッグストア
サンドラッグ　能代南店,秋田県能代市字寿域長根５２−３,0185-89-7830,ドラッグストア
和田薬局,秋田県秋田市土崎港中央6-15-12,018-846-3417,ドラッグストア
佐野薬局　みんなの薬局山王,秋田県秋田市山王中園町３−３,018-862-1711,ドラッグストア
ハッピー・ドラッグ能代南店,秋田県能代市字東大瀬５１−３,0185-89-5900,ドラッグストア
ツルハドラッグ　大館中道店,秋田県大館市中道２丁目２−５８,0186-59-5268,ドラッグストア
寺田薬店,秋田県大仙市福田町８−５,0187-62-0682,ドラッグストア
株式会社薬王堂　秋田茨島店,秋田県秋田市卸町５丁目６−１,018-823-0085,ドラッグストア
佐々木薬舗,秋田県秋田市旭南３丁目４−３,018-823-0624,ドラッグストア
薬王堂　湯沢田町店,秋田県湯沢市田町２丁目７２−９,0183-56-6280,ドラッグストア
ツルハドラッグ本荘中央店,秋田県由利本荘市岩渕下１８,0184-28-4268,ドラッグストア
ドラッグセイムス本荘大門店,秋田県由利本荘市裏尾崎町５０−４,0184-74-3237,ドラッグストア
高田屋薬店,秋田県湯沢市柳町２丁目２−６,0183-73-3442,ドラッグストア
薬のアイハラ馬喰町店,秋田県大館市字馬喰町４７,0186-49-7164,ドラッグストア
株式会社ツルハ　ツルハドラッグ　茨島店,秋田県秋田市茨島４丁目３−１８,018-896-5157,ドラッグストア
ハッピー・ドラッグ　大館片山店,秋田県大館市片山町２丁目２５−６,0186-59-7034,ドラッグストア
メガ仁井田店,秋田県秋田市仁井田本町５丁目９−２６,018-889-9110,ドラッグストア
合資会社幸坂薬店,秋田県大館市御成町２丁目１０−１７,0186-42-0413,ドラッグストア
株式会社薬王堂　羽後店,秋田県雄勝郡羽後町字南西馬音内２０１,0183-62-5411,ドラッグストア
サンドラッグ大館東台店,秋田県大館市東台２丁目１−１,0186-44-6200,ドラッグストア
株式会社薬王堂　大曲福田店,秋田県大仙市福田町２２−２１−４,0187-63-9600,ドラッグストア
大越薬舗,秋田県能代市字豊祥岱１−１２,0185-52-5016,ドラッグストア
ツルハドラッグ秋田仁井田店,秋田県秋田市仁井田新田２丁目５−１６,018-892-7268,ドラッグストア
ツルハドラッグ　湯沢大町店,秋田県湯沢市大町２丁目１−１０,0183-79-5268,ドラッグストア
ツルハドラッグ　湯沢大町店調剤薬局,秋田県湯沢市大町２丁目１−１０,0183-79-5056,ドラッグストア
メガ能代中央店,秋田県能代市字寿域長根３９−８,0185-89-1660,ドラッグストア
株式会社薬王堂　秋田東通店,秋田県秋田市東通７丁目７−１６,018-827-6221,ドラッグストア
下山支店,秋田県大仙市大曲上栄町８−１７,0187-63-2227,ドラッグストア
ツルハドラッグ　横手大森店,秋田県横手市大森町字大中島３５５,0182-26-8268,ドラッグストア
ツルハドラッグ　大館東店,秋田県大館市字大田面３１,0186-45-0268,ドラッグストア
ツルハドラッグ　羽後店,秋田県雄勝郡羽後町字南西馬音内２１３,0183-78-4268,ドラッグストア
ツルハドラッグ　大曲福田店,秋田県大仙市福田町２２−２３−６,0187-86-3268,ドラッグストア
株式会社薬王堂　男鹿店,秋田県男鹿市船越字内子２５９−１,0185-35-5010,ドラッグストア、市販薬（その他）
株式会社ツルハ　ツルハドラッグ　秋田将軍野店,秋田県秋田市将軍野東３丁目６−４１,018-880-5488,ドラッグストア
くすりのはたけやま,秋田県南秋田郡八郎潟町字昼根下９４−２,018-875-2534,ドラッグストア
思明堂,秋田県大館市十二所字町頭９２,0186-52-2857,漢方
ツルハドラッグ　美郷店,秋田県仙北郡美郷町土崎字上宿２４０,0187-87-6268,漢方
株式会社ツルハ　ツルハドラッグ　二ツ井店,秋田県能代市二ツ井町字三千苅９３−２,0185-71-0545,漢方
株式会社中井薬品　横手店,秋田県横手市横手町字大関越１７８−１,0182-32-3003,医療用品
クスリきむらいとく鹿角ショッピングセンター店,秋田県鹿角市花輪字下タ町１６４−１,0186-30-0789,漢方
株式会社大心中井薬品　大仙店,秋田県大仙市四ツ屋字上前村１５２,0187-66-8155,医療用品
佐藤薬店,秋田県湯沢市横堀字旭町２７,0183-52-2437,ドラッグストア
フクヒロ,秋田県北秋田市米内沢字柳原６１,0186-72-3208,ドラッグストア
よつや健康堂,秋田県大仙市四ツ屋字上古道１７９−１,0187-63-1341,漢方
株式会社大心中井薬品　横手店,秋田県横手市横手町字大関越１７８−１,0182-32-3003,医療用品
上大町薬局,秋田県大仙市大曲上大町５５１,0187-86-0838,ドラッグストア、市販薬（その他）
太海堂漢方,秋田県秋田市広面字谷地田５１−３,0120-973510,漢方
太海堂漢方,秋田県秋田市広面字谷地田５１−３,018-836-4970,漢方
株式会社ツルハ　ツルハドラッグ若竹町店,秋田県大仙市若竹町５３９−３,0187-86-3710,ドラッグストア、市販薬（その他）
有限会社ふれあい薬局　緑町店,秋田県能代市緑町５６,0185-89-5030,ドラッグストア、市販薬（その他）
わかば薬局,秋田県大館市字赤館９−５０,0186-45-1660,ドラッグストア、市販薬（その他）
キンネン薬局,秋田県横手市雄物川町今宿１０,0182-22-3235,ドラッグストア、市販薬（その他）
株式会社ツルハ　ツルハドラッグ田沢湖店,秋田県仙北市田沢湖生保内字街道ノ上７１−１,0187-43-9268,ドラッグストア、市販薬（その他）
やしま調剤薬局,秋田県由利本荘市矢島町七日町字曲り渕１２３−１,0184-27-5005,ドラッグストア、市販薬（その他）
サンドラッグ　鷹巣店,秋田県北秋田市栄字前綱５８−１,0186-60-0061,ドラッグストア、市販薬（その他）
飯田川調剤薬局,秋田県潟上市飯田川下虻川字屋敷１０１−７,018-854-8272,ドラッグストア、市販薬（その他）
飯田川調剤薬局,秋田県潟上市飯田川下虻川字屋敷１０１−７,018-854-8288,ドラッグストア、市販薬（その他）
あひる調剤薬局,秋田県男鹿市船越字本町３,0185-22-6533,ドラッグストア、市販薬（その他）
スター調剤薬局,秋田県能代市落合字上前田１５４−５,0185-55-1791,ドラッグストア、市販薬（その他）
ひらつか薬局,秋田県男鹿市船越字船越３０７,0185-35-2765,ドラッグストア、市販薬（その他）
佐野薬局下新城店,秋田県秋田市下新城長岡字毛無谷地２６４−３,018-893-3267,ドラッグストア、市販薬（その他）
大陽堂薬局,秋田県山本郡三種町鹿渡字東二本柳３５,0185-87-4800,ドラッグストア、市販薬（その他）
外旭川いわま薬局,秋田県秋田市外旭川字待合１３−６,018-893-6555,ドラッグストア、市販薬（その他）
ヒカリ薬局,秋田県大仙市角間川町字下中町３３−２,0187-86-5450,ドラッグストア、市販薬（その他）
わかみハート薬局,秋田県男鹿市払戸字渡部１０４−１,0185-22-7151,ドラッグストア、市販薬（その他）
西木調剤薬局,秋田県仙北市西木町門屋字屋敷田１７０,0187-52-5757,ドラッグストア、市販薬（その他）
ファーマックスかづの薬局,秋田県鹿角市花輪字向畑８９−１,0186-30-0033,ドラッグストア、市販薬（その他）
北欧の杜薬局,秋田県北秋田市下杉字上清水沢１６−２９１,0186-78-9001,ドラッグストア、市販薬（その他）
池田薬局さくらんぼ通り店,秋田県横手市十文字町字海道下８９−４,0182-55-2155,ドラッグストア、市販薬（その他）
日本調剤鹿角薬局,秋田県鹿角市花輪字小沼９７−３,0186-30-1193,ドラッグストア、市販薬（その他）
マリーナ調剤薬局,秋田県由利本荘市石脇字田尻野６−５０,0184-28-5522,ドラッグストア、市販薬（その他）
有限会社井上薬局,秋田県横手市十文字町仁井田字東４８−４,0182-42-0265,ドラッグストア、市販薬（その他）
赤玉薬局八竜店,秋田県山本郡三種町浜田字東浜田１３９−２,0185-85-4881,ドラッグストア、市販薬（その他）
クリス調剤薬局,秋田県鹿角市花輪字八正寺９−１２,0186-23-5121,ドラッグストア、市販薬（その他）
あにあい薬局,秋田県北秋田市阿仁水無字寺後３０,0186-84-8155,ドラッグストア、市販薬（その他）
日本調剤大館薬局,秋田県大館市軽井沢字下岱２０−１０１,0186-47-7700,ドラッグストア、市販薬（その他）
さいた薬局よこて町店調剤室,秋田県横手市横手町字四ノ口４２,0182-33-6662,ドラッグストア、市販薬（その他）
きりん薬局,秋田県南秋田郡八郎潟町川崎字貝保９９−２,018-855-4199,ドラッグストア、市販薬（その他）
横小路薬局,秋田県横手市平鹿町醍醐字石成４２−１１,0182-23-7070,ドラッグストア、市販薬（その他）
横手ファミリー調剤薬局,秋田県横手市横手町字大関越１６６−２,0182-35-8886,ドラッグストア、市販薬（その他）
清水堂薬局,秋田県仙北郡美郷町野中字宮崎８７−３,0187-84-0011,ドラッグストア、市販薬（その他）
冨岡薬局,秋田県大仙市太田町横沢字堀ノ内１,0187-88-1139,ドラッグストア、市販薬（その他）
すみれ調剤薬局小坂店,秋田県鹿角郡小坂町小坂鉱山字栗平２５−１,0186-29-5121,ドラッグストア、市販薬（その他）
池田薬局　能代おちあい店,秋田県能代市落合字上悪土２１６−３,0185-89-2600,ドラッグストア、市販薬（その他）
ヤナギ薬局,秋田県横手市雄物川町今宿字今宿６９,0182-22-4200,ドラッグストア、市販薬（その他）
松田薬局,秋田県大仙市協和境字野田８６−１,018-892-3051,ドラッグストア、市販薬（その他）
クオール薬局あさひが丘店,秋田県横手市赤坂字大沼下４１−１,0182-35-4600,ドラッグストア、市販薬（その他）
ドラッグストアマツダ,秋田県湯沢市上院内字小沢１０９,0183-52-2156,ドラッグストア、市販薬（その他）
つちだ調剤薬局,秋田県にかほ市平沢字坂ノ下１００−１,0184-35-4193,ドラッグストア、市販薬（その他）
アムール薬局　十文字店,秋田県横手市十文字町字本町１３−５,0182-23-5921,ドラッグストア、市販薬（その他）
薬局すばる,秋田県大仙市角間川町字町頭１８０−１９,0187-65-4141,ドラッグストア、市販薬（その他）
ツチヤ薬局扇田店,秋田県大館市比内町扇田字大谷地２５−１,0186-50-7155,ドラッグストア、市販薬（その他）
薬局エム,秋田県横手市増田町増田字本町５８−４,0182-55-1231,ドラッグストア、市販薬（その他）
かづの調剤薬局,秋田県鹿角市花輪字下中島１２０,0186-30-0085,ドラッグストア、市販薬（その他）
株式会社ノースファーマ,秋田県横手市前郷字八ツ口８２,0182-36-6204,ドラッグストア、市販薬（その他）
ヘルシークラブかづの厚生病院前薬局,秋田県鹿角市花輪字向畑９３−１,0186-30-0080,ドラッグストア、市販薬（その他）
橋本薬局,秋田県横手市雄物川町今宿字今宿５５,0120-562189,ドラッグストア、市販薬（その他）
橋本薬局,秋田県横手市雄物川町今宿字今宿５５,0182-22-4149,ドラッグストア、市販薬（その他）
平鹿調剤薬局東店,秋田県横手市前郷字八ツ口８４−１,0182-33-2277,ドラッグストア、市販薬（その他）
あさまい薬局　横手店,秋田県横手市横手町字四ノ口４８−４,0182-38-8561,ドラッグストア、市販薬（その他）
アイン薬局　角館店,秋田県仙北市角館町西田９９−１,0187-55-5887,ドラッグストア、市販薬（その他）
佐野薬局　東通店,秋田県秋田市広面字野添５４,018-853-1660,ドラッグストア、市販薬（その他）
こまち調剤薬局太田店,秋田県大仙市太田町横沢字久保関北７１８−１,0187-86-9070,ドラッグストア、市販薬（その他）
きむら薬局,秋田県雄勝郡羽後町西馬音内字本町３０−２,0183-62-3989,ドラッグストア、市販薬（その他）
きむら薬局,秋田県雄勝郡羽後町西馬音内字本町３０−２,0183-62-1237,ドラッグストア、市販薬（その他）
前郷調剤薬局,秋田県由利本荘市前郷字家岸８１−１,0184-53-2827,ドラッグストア、市販薬（その他）
佐野薬局　城東店,秋田県秋田市広面字鍋沼９３−６,018-853-0038,ドラッグストア、市販薬（その他）
リリィ薬局　横手店,秋田県横手市婦気大堤字谷地添５−３,0182-23-5911,ドラッグストア、市販薬（その他）
ファミリー薬局鹿角店,秋田県鹿角市花輪字下中島８１−６,0186-30-1850,ドラッグストア、市販薬（その他）
ハト薬局,秋田県由利本荘市矢島町七日町字七日町４４−２,0184-56-2140,ドラッグストア、市販薬（その他）
株式会社池田　池田薬局マカベ調剤店,秋田県由利本荘市川口字家後１５０−１,0184-22-0611,ドラッグストア、市販薬（その他）
池田薬局　平鹿店,秋田県横手市横手町字四ノ口５１,0182-35-4550,ドラッグストア、市販薬（その他）
ツルハドラッグ秋田広面北店調剤,秋田県秋田市広面字蓮沼９４−１,018-884-3255,ドラッグストア、市販薬（その他）
ツルハドラッグ　秋田広面北店,秋田県秋田市広面字蓮沼９４−１,018-884-0268,ドラッグストア、市販薬（その他）
佐野薬局　追分佐野薬局,秋田県秋田市下新城中野字琵琶沼２２６−１,018-873-7002,ドラッグストア、市販薬（その他）
ひろおもて調剤薬局,秋田県秋田市広面字谷地沖２７−３,018-825-5240,ドラッグストア、市販薬（その他）
おいかた調剤薬局,秋田県由利本荘市東由利老方字老方１３−７,0184-62-4122,ドラッグストア、市販薬（その他）
ツルハドラッグ　毛馬内店,秋田県鹿角市十和田毛馬内字南陣場３０−１,0186-35-5775,ドラッグストア、市販薬（その他）
日本調剤湖東薬局,秋田県南秋田郡八郎潟町川崎字貝保３７−７,018-855-4193,ドラッグストア、市販薬（その他）
飯島調剤薬局,秋田県秋田市飯島字薬師田３６０−２,018-857-5757,ドラッグストア、市販薬（その他）
さくら薬局能代店,秋田県能代市落合字上悪土１６３,0185-89-1851,ドラッグストア、市販薬（その他）
クローバー調剤薬局,秋田県由利本荘市川口字高花１０６−４,0184-27-1120,ドラッグストア、市販薬（その他）
調剤薬局ふらっと,秋田県男鹿市船越字内子１−２５０,0185-35-4455,ドラッグストア、市販薬（その他）
武田薬局,秋田県にかほ市金浦字金浦９９−１,0184-38-3012,ドラッグストア、市販薬（その他）
泰心堂薬局,秋田県能代市二ツ井町字三千苅４０−１,0185-73-2703,ドラッグストア、市販薬（その他）
昭和堂薬局第三薬局,秋田県北秋田市栄字中綱１１７−２,0186-63-2727,ドラッグストア、市販薬（その他）
森吉薬局,秋田県北秋田市米内沢字林の腰１４−２５,0186-72-4301,ドラッグストア、市販薬（その他）
ツルハドラッグ　鹿角店,秋田県鹿角市花輪字下タ町２０２,0186-31-0010,ドラッグストア、市販薬（その他）
池田薬局　ほのぼの店,秋田県秋田市広面字蓮沼８７−１,018-884-0090,ドラッグストア、市販薬（その他）
有限会社北浦薬局,秋田県男鹿市北浦北浦字山王林４−２９,0185-33-3177,ドラッグストア、市販薬（その他）
羽後調剤薬局,秋田県雄勝郡羽後町西馬音内字大戸道４４−６,0183-78-4123,ドラッグストア、市販薬（その他）
南秋調剤薬局,秋田県潟上市昭和大久保字街道下９６−１０,018-854-8500,ドラッグストア、市販薬（その他）
小泉薬局河辺店,秋田県秋田市河辺北野田高屋字黒沼下堤下２０−１５,018-882-4660,ドラッグストア、市販薬（その他）
じんだい調剤薬局,秋田県仙北市田沢湖神代字野中清水２２５−５,0187-52-4614,ドラッグストア、市販薬（その他）
横手南薬局,秋田県横手市安田字ブンナ沢８０−６,0182-32-2422,ドラッグストア、市販薬（その他）
クオール薬局　石脇店,秋田県由利本荘市石脇字田尻３−１２９,0184-27-2589,ドラッグストア、市販薬（その他）
福田薬局,秋田県北秋田市米内沢字薬師下６３,0186-72-4117,ドラッグストア、市販薬（その他）
ツルハドラッグ　十文字店,秋田県横手市十文字町佐賀会字上沖田２７７,0182-47-7003,ドラッグストア、市販薬（その他）
たかなし薬局,秋田県大仙市高梨字田茂木８９,0187-62-6688,ドラッグストア、市販薬（その他）
金山薬局花輪店,秋田県鹿角市花輪字下花輪１−８,0186-22-0403,ドラッグストア、市販薬（その他）
金山薬局花輪店,秋田県鹿角市花輪字下花輪１−８,0186-23-5626,ドラッグストア、市販薬（その他）
みよし薬局・大曲,秋田県大仙市戸蒔字谷地添７０−３,0187-63-4440,ドラッグストア、市販薬（その他）
ならおか薬局,秋田県大仙市南外字落合２３,0187-74-2280,ドラッグストア、市販薬（その他）
黒沢薬局,秋田県鹿角市十和田毛馬内字古下タ３３−３,0186-35-3200,ドラッグストア、市販薬（その他）
花輪調剤薬局,秋田県鹿角市花輪字小沼９５−１,0186-30-0066,ドラッグストア、市販薬（その他）
オリーブ薬局,秋田県潟上市天王字追分西２−６６,018-874-8639,ドラッグストア、市販薬（その他）
渡部薬舗,秋田県北秋田市阿仁銀山字下新町１３５,0186-82-2061,ドラッグストア、市販薬（その他）
有限会社日の出調剤薬局,秋田県大仙市横堀字杉下１２０,0187-69-2300,ドラッグストア、市販薬（その他）
株式会社ツルハ　ツルハドラッグ　大館南店,秋田県大館市餌釣字前田１,0186-49-8900,ドラッグストア、市販薬（その他）
佐野薬局　角館店,秋田県仙北市角館町西下タ野１７−１,0187-49-6789,ドラッグストア、市販薬（その他）
イケダ調剤薬局,秋田県由利本荘市岩谷町字日渡１４７−１,0184-65-2047,ドラッグストア、市販薬（その他）
スダ薬局外旭川店,秋田県秋田市外旭川字梶ノ目５０９−３,018-868-4338,ドラッグストア、市販薬（その他）
石田薬局,秋田県横手市増田町増田字本町８０,0182-45-2100,ドラッグストア、市販薬（その他）
こあに薬局,秋田県北秋田郡上小阿仁村小沢田字向川原７０−１,0186-60-9393,ドラッグストア、市販薬（その他）
北秋調剤薬局,秋田県北秋田市下杉字上清水沢１６−２９１,0186-78-9933,ドラッグストア、市販薬（その他）
秋田みなみ会営薬局秋田県薬剤師会,秋田県秋田市上北手猿田字苗代沢２０７−３,018-889-6220,ドラッグストア、市販薬（その他）
大越調剤薬局　このうら店,秋田県にかほ市金浦字古賀の田４−５７,0184-74-3988,ドラッグストア、市販薬（その他）
クオール薬局　横手町店,秋田県横手市横手町字大関越１７５,0182-35-5289,ドラッグストア、市販薬（その他）
なごみ調剤薬局,秋田県秋田市広面字家ノ下３５−１,018-874-7016,ドラッグストア、市販薬（その他）
みなみ薬局,秋田県大館市柄沢字狐台５４−４２,0186-42-5685,ドラッグストア、市販薬（その他）
株式会社長谷川薬局,秋田県由利本荘市西目町沼田字弁天前４０−１５０,0184-33-3055,ドラッグストア、市販薬（その他）
内藤薬局,秋田県湯沢市川連町字大関下１２−１,0183-42-2588,ドラッグストア、市販薬（その他）
大森調剤薬局,秋田県横手市大森町袴形字西神成１１７−２,0120-134020,ドラッグストア、市販薬（その他）
大森調剤薬局,秋田県横手市大森町袴形字西神成１１７−２,0182-26-4020,ドラッグストア、市販薬（その他）
有限会社さくら薬局,秋田県仙北市角館町下新町３５,0187-54-4187,ドラッグストア、市販薬（その他）
有限会社谷六薬局,秋田県横手市平鹿町浅舞字浅舞６５,0182-24-0105,ドラッグストア、市販薬（その他）
株式会社池田　外商課,秋田県由利本荘市川口字八幡前２６１,0184-22-2227,ドラッグストア、市販薬（その他）
おおうち今野調剤薬局,秋田県由利本荘市大内三川字三川１１,0184-62-1011,ドラッグストア、市販薬（その他）
広小路薬局,秋田県大仙市刈和野字清光院後４２−２６,0187-75-2233,ドラッグストア、市販薬（その他）
橋本薬局,秋田県横手市雄物川町今宿字今宿５５,0182-22-4149,ドラッグストア、市販薬（その他）
平鹿調剤薬局東店,秋田県横手市前郷字八ツ口８４−１,0182-33-2277,ドラッグストア、市販薬（その他）
あさまい薬局　横手店,秋田県横手市横手町字四ノ口４８−４,0182-38-8561,ドラッグストア、市販薬（その他）
アイン薬局　角館店,秋田県仙北市角館町西田９９−１,0187-55-5887,ドラッグストア、市販薬（その他）
佐野薬局　東通店,秋田県秋田市広面字野添５４,018-853-1660,ドラッグストア、市販薬（その他）
こまち調剤薬局太田店,秋田県大仙市太田町横沢字久保関北７１８−１,0187-86-9070,ドラッグストア、市販薬（その他）
きむら薬局,秋田県雄勝郡羽後町西馬音内字本町３０−２,0183-62-3989,ドラッグストア、市販薬（その他）
きむら薬局,秋田県雄勝郡羽後町西馬音内字本町３０−２,0183-62-1237,ドラッグストア、市販薬（その他）
前郷調剤薬局,秋田県由利本荘市前郷字家岸８１−１,0184-53-2827,ドラッグストア、市販薬（その他）
佐野薬局　城東店,秋田県秋田市広面字鍋沼９３−６,018-853-0038,ドラッグストア、市販薬（その他）
リリィ薬局　横手店,秋田県横手市婦気大堤字谷地添５−３,0182-23-5911,ドラッグストア、市販薬（その他）
ファミリー薬局鹿角店,秋田県鹿角市花輪字下中島８１−６,0186-30-1850,ドラッグストア、市販薬（その他）
ハト薬局,秋田県由利本荘市矢島町七日町字七日町４４−２,0184-56-2140,ドラッグストア、市販薬（その他）
株式会社池田　池田薬局マカベ調剤店,秋田県由利本荘市川口字家後１５０−１,0184-22-0611,ドラッグストア、市販薬（その他）
有限会社ふれあい薬局　落合店,秋田県能代市落合字上悪土１６２,0185-55-3989,ドラッグストア、市販薬（その他）
金星堂薬局,秋田県秋田市南ケ丘2丁目9-1,018-892-7377,ドラッグストア、市販薬（その他）
有限会社あすなろ薬局,秋田県北秋田市鷹巣字西大柳岱２６−１,0186-63-1199,ドラッグストア、市販薬（その他）
とのがい調剤薬局,秋田県にかほ市平沢字中町６９,0184-35-3008,ドラッグストア、市販薬（その他）
ふなこし薬局,秋田県男鹿市船越字本町１３−１８,0185-35-4910,ドラッグストア、市販薬（その他）
佐野薬局赤沼店,秋田県秋田市広面字近藤堰添４８−１,018-853-7555,ドラッグストア、市販薬（その他）
クオール薬局　うごまち店,秋田県雄勝郡羽後町貝沢字稲荷９４−２,0183-78-4330,ドラッグストア、市販薬（その他）
朝日屋薬局,秋田県鹿角市花輪字上花輪１６８,0186-23-3031,ドラッグストア、市販薬（その他）
有限会社佐藤薬局,秋田県仙北市角館町中菅沢９２−３０,0187-55-4192,ドラッグストア、市販薬（その他）
有限会社至誠堂薬局,秋田県湯沢市小野字東堺８７−３,0183-78-6688,ドラッグストア、市販薬（その他）
雄和薬局,秋田県秋田市雄和妙法字上大部１３３−３,018-886-5027,ドラッグストア、市販薬（その他）
有限会社皆川薬局,秋田県山本郡八峰町峰浜水沢字稲荷堂後１２０−６,0185-76-2052,ドラッグストア、市販薬（その他）
二木薬局,秋田県潟上市昭和大久保字小橋４１,018-877-2333,ドラッグストア、市販薬（その他）
平鹿調剤薬局中央店,秋田県横手市横手町字四ノ口５６−１,0182-33-2272,ドラッグストア、市販薬（その他）
男鹿中央薬局,秋田県男鹿市船川港船川字海岸通り一号１０−４,0185-23-2152,ドラッグストア、市販薬（その他）
だけ調剤薬局,秋田県大仙市神宮寺字本郷下６３−７,0187-72-2558,ドラッグストア、市販薬（その他）
日本調剤鹿角薬局,秋田県鹿角市花輪字小沼９７−３,0186-30-1193,ドラッグストア、市販薬（その他）
マリーナ調剤薬局,秋田県由利本荘市石脇字田尻野６−５０,0184-28-5522,ドラッグストア、市販薬（その他）
有限会社井上薬局,秋田県横手市十文字町仁井田字東４８−４,0182-42-0265,ドラッグストア、市販薬（その他）
ツルハドラッグ　鹿角中央店,秋田県鹿角市花輪字下中島１,0186-30-1268,ドラッグストア、市販薬（その他）
ニシムラ薬局,秋田県鹿角市十和田大湯字川原ノ湯１１−１１,0186-37-2027,ドラッグストア、市販薬（その他）
合資会社高橋薬局プラザ店,秋田県仙北市角館町横町１０−２,0187-55-4403,ドラッグストア、市販薬（その他）
スーパードラッグアサヒ秋田広面店,秋田県秋田市広面字近藤堰越４３−１,018-887-3701,ドラッグストア、市販薬（その他）
ショーメードー薬局,秋田県大館市比内町扇田字中扇田２８,0186-55-0019,ドラッグストア、市販薬（その他）
松ケ崎調剤薬局,秋田県由利本荘市神沢字浜辺８６,0184-27-3233,ドラッグストア、市販薬（その他）
小番薬局,秋田県由利本荘市矢島町七日町字七日町８４,0184-56-2537,ドラッグストア、市販薬（その他）
みさと薬局,秋田県仙北郡美郷町六郷字八百刈１４９,0187-84-3071,ドラッグストア、市販薬（その他）
天王調剤薬局,秋田県潟上市天王字上江川４７,018-878-6028,ドラッグストア、市販薬（その他）
株式会社池田　池田薬局すみれ調剤薬局,秋田県由利本荘市中田代字板井沢１１２−８,0184-62-3077,ドラッグストア、市販薬（その他）
さくら薬局,秋田県秋田市広面字碇７９−３,018-831-2501,ドラッグストア、市販薬（その他）
つくしの薬局,秋田県大仙市長野字柳田６５,0187-56-4411,ドラッグストア、市販薬（その他）
みよし薬局・雄物川,秋田県横手市雄物川町今宿字鳴田１５８,0182-22-3434,ドラッグストア、市販薬（その他）
薬局エール　大学病院前店,秋田県秋田市広面字蓮沼６８−２,018-884-7311,ドラッグストア、市販薬（その他）
株式会社ツルハ　調剤薬局ツルハドラッグ　男鹿店調剤,秋田県男鹿市脇本脇本字石館１６,0185-22-2060,ドラッグストア、市販薬（その他）
天王保健調剤センター,秋田県潟上市天王字上江川４７,018-878-6028,ドラッグストア、市販薬（その他）
てらうち三千刈薬局,秋田県秋田市寺内字三千刈８６−１０,018-853-8885,ドラッグストア、市販薬（その他）
ツルハドラッグ　能代北店調剤薬局,秋田県能代市落合字上前田１６１,0185-89-9268,ドラッグストア、市販薬（その他）
みちかわ薬局,秋田県由利本荘市岩城内道川字井戸ノ沢２２−１,0184-62-6722,ドラッグストア、市販薬（その他）
西目調剤薬局,秋田県由利本荘市西目町沼田字新道下２−９０,0184-33-4880,ドラッグストア、市販薬（その他）
みよし薬局・大曲,秋田県大仙市戸蒔字谷地添７０−３,0187-63-4440,ドラッグストア、市販薬（その他）
ならおか薬局,秋田県大仙市南外字落合２３,0187-74-2280,ドラッグストア、市販薬（その他）
黒沢薬局,秋田県鹿角市十和田毛馬内字古下タ３３−３,0186-35-3200,ドラッグストア、市販薬（その他）
花輪調剤薬局,秋田県鹿角市花輪字小沼９５−１,0186-30-0066,ドラッグストア、市販薬（その他）
オリーブ薬局,秋田県潟上市天王字追分西２−６６,018-874-8639,ドラッグストア、市販薬（その他）
渡部薬舗,秋田県北秋田市阿仁銀山字下新町１３５,0186-82-2061,ドラッグストア、市販薬（その他）
有限会社日の出調剤薬局,秋田県大仙市横堀字杉下１２０,0187-69-2300,ドラッグストア、市販薬（その他）
株式会社ツルハ　ツルハドラッグ　大館南店,秋田県大館市餌釣字前田１,0186-49-8900,ドラッグストア、市販薬（その他）
佐野薬局　角館店,秋田県仙北市角館町西下タ野１７−１,0187-49-6789,ドラッグストア、市販薬（その他）
イケダ調剤薬局,秋田県由利本荘市岩谷町字日渡１４７−１,0184-65-2047,ドラッグストア、市販薬（その他）
スダ薬局外旭川店,秋田県秋田市外旭川字梶ノ目５０９−３,018-868-4338,ドラッグストア、市販薬（その他）
石田薬局,秋田県横手市増田町増田字本町８０,0182-45-2100,ドラッグストア、市販薬（その他）
こあに薬局,秋田県北秋田郡上小阿仁村小沢田字向川原７０−１,0186-60-9393,ドラッグストア、市販薬（その他）
北秋調剤薬局,秋田県北秋田市下杉字上清水沢１６−２９１,0186-78-9933,ドラッグストア、市販薬（その他）
にしせんぼく薬局,秋田県大仙市刈和野字清光院後３８−２,0187-87-3075,ドラッグストア、市販薬（その他）
トマト薬局,秋田県大館市比内町扇田字山崎４６−５,0186-45-4141,ドラッグストア、市販薬（その他）
谷忠薬局,秋田県横手市平鹿町浅舞字浅舞５０,0182-24-1043,ドラッグストア、市販薬（その他）
藤井薬局　手形店,秋田県秋田市手形字中谷地３２５,018-832-9383,ドラッグストア、市販薬（その他）
そうごう薬局鹿角店,秋田県鹿角市花輪字柳田,0186-30-0051,ドラッグストア、市販薬（その他）
株式会社池田　池田薬局かわぐち店,秋田県由利本荘市川口字八幡前２６１,0184-23-7071,ドラッグストア、市販薬（その他）
株式会社サルース,秋田県潟上市昭和大久保字街道下９６−１０,018-854-8500,ドラッグストア、市販薬（その他）
さかえ薬局病院前店,秋田県男鹿市船川港船川字海岸通り一号１０−４,0185-22-1155,ドラッグストア、市販薬（その他）
クオール薬局秋田飯島店,秋田県秋田市飯島字堀川８３−１,018-880-5189,ドラッグストア、市販薬（その他）
株式会社池田　池田薬局石脇調剤店,秋田県由利本荘市石脇字石脇４５,0184-24-2478,ドラッグストア、市販薬（その他）
赤玉薬局落合店,秋田県能代市落合字上悪土１６６,0185-89-1199,ドラッグストア、市販薬（その他）
昭和堂薬局第六薬局,秋田県北秋田市鷹巣字北中家下７７,0186-63-1185,ドラッグストア、市販薬（その他）
ふしみ薬局,秋田県由利本荘市鳥海町伏見字久保１３−６,0184-27-6222,ドラッグストア、市販薬（その他）
さかえ薬局,秋田県男鹿市船川港船川字栄町２４,0185-24-3530,ドラッグストア、市販薬（その他）
小池調剤薬局,秋田県横手市婦気大堤字婦気２２−２,0182-33-0457,ドラッグストア、市販薬（その他）
小池調剤薬局,秋田県横手市婦気大堤字婦気２２−２,0182-33-0456,ドラッグストア、市販薬（その他）
ナリタ薬局,秋田県鹿角市花輪字下中島１３２,0186-22-0028,ドラッグストア、市販薬（その他）
おいわけにし調剤薬局,秋田県潟上市天王字長沼４０−２２,018-870-4555,ドラッグストア、市販薬（その他）
そよ風薬局大館店,秋田県大館市軽井沢字下岱２０−３８,0186-47-7955,ドラッグストア、市販薬（その他）
クオール薬局　二ツ井店,秋田県能代市二ツ井町荷上場字鍋良子出口１０３−１,0185-88-8846,ドラッグストア、市販薬（その他）
佐々木薬局,秋田県大仙市長野字六日町９４,0187-56-3002,ドラッグストア、市販薬（その他）
新浜調剤薬局,秋田県男鹿市船川港船川字新浜町３１,0185-24-3212,ドラッグストア、市販薬（その他）
ひない調剤薬局,秋田県大館市比内町扇田字山崎６０−２,0186-45-4203,ドラッグストア、市販薬（その他）
株式会社池田　池田薬局わかば店,秋田県由利本荘市石脇字田尻野６−１１,0184-22-3912,ドラッグストア、市販薬（その他）
調剤薬局ぐっど,秋田県潟上市昭和大久保字虻川境１−９,018-877-5670,ドラッグストア、市販薬（その他）
ツルハドラッグ　雄勝こまち店,秋田県湯沢市横堀字中屋敷６−１,0183-78-6268,ドラッグストア、市販薬（その他）
アイ薬局,秋田県秋田市泉字登木２２７−２,018-853-9821,ドラッグストア、市販薬（その他）
みよし薬局・市立大曲病院前,秋田県大仙市飯田字堰東１５２−３,0187-66-3730,ドラッグストア、市販薬（その他）
ヤナギ薬局,秋田県横手市雄物川町今宿字今宿６９,0182-22-3013,ドラッグストア、市販薬（その他）
株式会社ツルハ　ツルハドラッグ　能代長崎店,秋田県能代市字長崎４１−１,0185-89-5170,漢方
株式会社中井薬品　能代店,秋田県能代市字仁井田白山９５−３,0185-58-3300,医療用品
株式会社中井薬品　大館店,秋田県大館市中神明町１０−２４,0186-49-2606,医療用品
くすりの衛生堂,秋田県北秋田市材木町８−２９,0186-63-0008,漢方
株式会社大心中井薬品大館店,秋田県大館市有浦２丁目２−１８,0186-49-2606,医療用品
株式会社中井薬品　秋田店,秋田県秋田市山王中島町４−４,018-883-5533,医療用品
三光丸大館出張所,秋田県大館市幸町１６−１６,0186-42-3978,医療用品
くすり石井,秋田県大館市清水１丁目１−１９,0186-42-1460,漢方
林薬局,秋田県仙北市田沢湖生保内字男坂１２８,0187-43-0459,ドラッグストア、市販薬（その他）
クオール薬局田沢湖店,秋田県仙北市田沢湖生保内字水尻５１,0187-43-9189,ドラッグストア、市販薬（その他）
ツルハドラッグ　秋田寺内店,秋田県秋田市寺内油田１丁目４−１０,018-880-6268,ドラッグストア、市販薬（その他）
おおたファミリー薬局,秋田県能代市栄町１１−２０,0185-89-7750,漢方
青山薬局,秋田県横手市十文字町腕越字西原８８−１０,0182-42-4003,漢方
ツルハドラッグ五城目店,秋田県南秋田郡五城目町西磯ノ目１丁目２−３,018-879-8880,ドラッグストア、市販薬（その他）
クスリタカハシ,秋田県大仙市戸蒔字錨７７−１,0187-62-4455,漢方
ツルハドラッグ　象潟店,秋田県にかほ市象潟町字武道島１４９−２,0184-32-5268,ドラッグストア、市販薬（その他）
株式会社池田,秋田県由利本荘市川口字八幡前２６１,0184-22-2228,ドラッグストア、市販薬（その他）
カネダイ薬局,秋田県仙北市角館町岩瀬町３５,0187-53-2043,漢方
ヤマリ薬局,秋田県仙北郡美郷町六郷字馬町２８,0187-84-1564,漢方
ぐっど,秋田県潟上市昭和大久保字虻川境１−９,018-877-5670,漢方
アイ薬局,秋田県秋田市泉字登木２２７−２,018-863-5851,ドラッグストア、市販薬（その他）
きりん薬局,秋田県横手市平鹿町浅舞字覚町後２４１−２,0182-24-3399,ドラッグストア、市販薬（その他）
いずみメイプル薬局,秋田県秋田市泉東町８−５８,018-874-8555,ドラッグストア、市販薬（その他）
西岡メディカル薬局秋田寺内店,秋田県秋田市寺内堂ノ沢３丁目６−５,018-880-6272,ドラッグストア、市販薬（その他）
薬局高橋屋,秋田県鹿角市十和田大湯字湯の岱２丁目１５,0186-37-4700,ドラッグストア、市販薬（その他）
河畔薬局秋田店,秋田県秋田市南通亀の町３−１８,018-836-7518,ドラッグストア、市販薬（その他）
河畔薬局秋田店,秋田県秋田市南通亀の町３−１８,018-836-7517,ドラッグストア、市販薬（その他）
卸町薬局,秋田県秋田市茨島４丁目４−２８,018-863-9500,ドラッグストア、市販薬（その他）
大住調剤薬局,秋田県秋田市大住４丁目１２−５１,018-874-7611,ドラッグストア、市販薬（その他）
株式会社さいた薬局　本店調剤室,秋田県横手市四日町２−１３,0182-33-4814,ドラッグストア、市販薬（その他）
中央薬局勝平店,秋田県秋田市新屋勝平町２−３２,018-864-5392,ドラッグストア、市販薬（その他）
佐野薬局大瀬店,秋田県能代市字大瀬儘下１２−８,0185-89-6650,ドラッグストア、市販薬（その他）
北秋調剤薬局鷹巣店,秋田県北秋田市花園町１０−１,0186-63-2510,ドラッグストア、市販薬（その他）
長尾薬局,秋田県秋田市将軍野南４丁目９−８,018-847-1218,ドラッグストア、市販薬（その他）
長尾薬局,秋田県秋田市将軍野南４丁目９−８,018-846-6583,ドラッグストア、市販薬（その他）
日本調剤本荘南薬局,秋田県由利本荘市小人町１１５−３,0184-28-0170,ドラッグストア、市販薬（その他）
株式会社舛屋薬局　ひがし店,秋田県秋田市土崎港東３丁目２−２３,018-880-5210,ドラッグストア、市販薬（その他）
有限会社青山薬局　ステーションビル,秋田県秋田市中通７丁目１−２,018-832-6472,ドラッグストア、市販薬（その他）
下山薬局　駅前店,秋田県大仙市大花町１４−２,0187-73-8315,ドラッグストア、市販薬（その他）
おのば薬局,秋田県秋田市御野場新町２丁目８−１５,018-892-7950,ドラッグストア、市販薬（その他）
有限会社亀の町薬局,秋田県秋田市南通亀の町４−１,018-834-0143,ドラッグストア、市販薬（その他）
加賀千代薬局,秋田県秋田市川尻上野町１−７３,018-862-1050,ドラッグストア、市販薬（その他）
石田薬局,秋田県横手市本町７−３０,0182-32-0069,ドラッグストア、市販薬（その他）
佐野薬局マルナカ店,秋田県秋田市中通２丁目１−３６,018-835-3770,ドラッグストア、市販薬（その他）
大曲ひまわり薬局,秋田県大仙市大曲日の出町２丁目４−４５,0187-88-8255,ドラッグストア、市販薬（その他）
昭和堂薬局第五薬局,秋田県北秋田市元町１１−９,0186-63-1188,ドラッグストア、市販薬（その他）
南秋調剤薬局土崎店,秋田県秋田市土崎港中央１丁目１７−３０,018-816-0401,ドラッグストア、市販薬（その他）
あおば調剤薬局羽後店,秋田県雄勝郡羽後町字南西馬音内１７１−３,0183-78-7123,ドラッグストア、市販薬（その他）
ホテヤ薬局調剤薬局,秋田県大館市幸町３−４４,0186-43-6400,ドラッグストア、市販薬（その他）
いちご調剤薬局,秋田県秋田市川元山下町７−２２,018-853-4321,ドラッグストア、市販薬（その他）
さくら調剤薬局　常盤木店,秋田県大館市常盤木町１７−１１,0186-57-8301,ドラッグストア、市販薬（その他）
アルヴェいわま薬局,秋田県秋田市東通仲町４−１,018-884-0911,ドラッグストア、市販薬（その他）
有限会社武田薬局　本部,秋田県能代市字西大瀬２３−２３,0185-52-1860,ドラッグストア、市販薬（その他）
下山薬局　ねむのき店,秋田県大仙市大曲通町１０−１,0187-62-0481,ドラッグストア、市販薬（その他）
こうめ調剤薬局,秋田県にかほ市象潟町字三丁目塩越１５０,0184-33-8720,ドラッグストア、市販薬（その他）
伊藤薬局,秋田県湯沢市前森３丁目１−４８,0183-73-2956,ドラッグストア、市販薬（その他）
スプリング調剤薬局,秋田県秋田市御所野地蔵田２丁目１−７,018-829-2786,ドラッグストア、市販薬（その他）
有限会社グリム薬局,秋田県秋田市中通５丁目７−４０,018-832-0385,ドラッグストア、市販薬（その他）
ぼんてん調剤薬局,秋田県由利本荘市東梵天１９２−４,0184-44-8398,ドラッグストア、市販薬（その他）
みわ薬局,秋田県秋田市八橋三和町１３−１６,018-823-5115,ドラッグストア、市販薬（その他）
みゆき調剤薬局,秋田県秋田市仁井田本町３丁目２６−３５,018-892-6789,ドラッグストア、市販薬（その他）
昭和堂薬局第七薬局,秋田県北秋田市住吉町１−４,0186-60-0115,ドラッグストア、市販薬（その他）
赤玉薬局,秋田県能代市中和１丁目６−４,0185-54-6074,ドラッグストア、市販薬（その他）
山ノ下薬局,秋田県秋田市川元山下町８−８,018-864-8309,ドラッグストア、市販薬（その他）
佐野薬局　四小前店,秋田県能代市字藤山１１２−２,0185-74-5121,ドラッグストア、市販薬（その他）
有限会社至誠堂薬局,秋田県秋田市仁井田新田３丁目１４−２２,018-889-6167,ドラッグストア、市販薬（その他）
ライナス薬局,秋田県山本郡八峰町八森字古屋敷１３−６,0185-70-4160,ドラッグストア、市販薬（その他）
調剤薬局ユニファー,秋田県能代市通町１−２０,0185-89-1701,ドラッグストア、市販薬（その他）
株式会社ツルハ　調剤薬局ツルハドラッグ　東通店,秋田県秋田市東通８丁目１−３１,018-884-3320,ドラッグストア、市販薬（その他）
半田薬局,秋田県秋田市将軍野東１丁目５−１８,018-846-5778,ドラッグストア、市販薬（その他）
下山薬局浜町調剤薬局,秋田県大仙市大曲浜町７−４１,0187-66-3207,ドラッグストア、市販薬（その他）
きく薬局,秋田県能代市花園町２６−１８,0185-52-0345,ドラッグストア、市販薬（その他）
くら薬局,秋田県横手市根岸町８−１,0182-35-5630,ドラッグストア、市販薬（その他）
五城目中央ドラッグ,秋田県南秋田郡五城目町字下タ町１９３,018-852-3217,ドラッグストア
池田薬局きさかた店,秋田県にかほ市象潟町字家ノ後６５−２６,0184-62-9090,ドラッグストア、市販薬（その他）
元町薬局,秋田県秋田市御所野元町４丁目１４−３１,018-893-5391,ドラッグストア、市販薬（その他）
ひかり薬局,秋田県由利本荘市中梵天８７−５,0184-74-3936,ドラッグストア、市販薬（その他）
しょうぐんの薬局,秋田県秋田市将軍野南１丁目１０−６０,018-846-7660,ドラッグストア、市販薬（その他）
本荘駅前調剤薬局,秋田県由利本荘市花畑町２丁目３２−３,0184-28-4550,ドラッグストア、市販薬（その他）
さわやか薬局新屋店,秋田県秋田市新屋表町４−１,018-888-8371,ドラッグストア、市販薬（その他）
有限会社カマヤ薬局,秋田県大館市常盤木町２−３,0186-42-0406,ドラッグストア、市販薬（その他）
日の出ファーマシー,秋田県大仙市大曲日の出町１丁目２６−１３,0187-63-5165,ドラッグストア、市販薬（その他）
大越調剤薬局あかぬま店,秋田県由利本荘市赤沼下４３７,0184-24-0541,ドラッグストア、市販薬（その他）
かりほ橋薬局,秋田県秋田市楢山登町５−２４,018-884-1515,ドラッグストア、市販薬（その他）
佐藤薬局えきまえ店,秋田県南秋田郡八郎潟町字中田６７−２１,018-854-4466,ドラッグストア、市販薬（その他）
みるく調剤薬局,秋田県秋田市八橋田五郎２丁目１３−１７,018-827-6433,ドラッグストア、市販薬（その他）
株式会社タカハシ薬局　樹海店,秋田県大館市字大田面３９６−１,0186-57-8920,ドラッグストア、市販薬（その他）
かんなり堂薬局　フォンテ店,秋田県秋田市中通２丁目８−１,018-827-3820,ドラッグストア、市販薬（その他）
スーパードラッグアサヒ秋田中央店,秋田県秋田市泉北４丁目３−２１,018-883-0081,ドラッグストア、市販薬（その他）
つちざき南薬局,秋田県秋田市土崎港南３丁目５−１０,018-845-7722,ドラッグストア、市販薬（その他）
赤玉薬局駅前店,秋田県能代市元町７−１７,0185-53-4616,ドラッグストア、市販薬（その他）
下山サカエ薬局,秋田県大仙市大曲上栄町８−１７,0187-62-5110,ドラッグストア、市販薬（その他）
やよい薬局,秋田県秋田市旭北栄町５−１８,018-864-8334,ドラッグストア、市販薬（その他）
佐野薬局中央店,秋田県秋田市川元山下町７−３５,018-824-6222,ドラッグストア、市販薬（その他）
さくら調剤薬局,秋田県にかほ市象潟町字狐森１０１−８,0184-43-4527,ドラッグストア、市販薬（その他）
やばせ薬局,秋田県秋田市寺内堂ノ沢１丁目４−１５,018-846-1233,ドラッグストア、市販薬（その他）
ひまわり調剤薬局,秋田県大館市字土飛山下２６−９,0186-42-4162,ドラッグストア、市販薬（その他）
泉さくら薬局,秋田県秋田市泉南２丁目１−２９,018-853-1450,ドラッグストア、市販薬（その他）
ホテヤ薬局　東台店,秋田県大館市赤館町９−５９,0186-49-9225,ドラッグストア、市販薬（その他）
みどりさわやか薬局,秋田県秋田市川元松丘町４−５７,018-866-7571,ドラッグストア、市販薬（その他）
なごや調剤薬局,秋田県秋田市泉南２丁目９−２７,018-863-9977,ドラッグストア、市販薬（その他）
ビタミンハウス,秋田県秋田市寺内字三千刈３５−７,018-862-6110,整体、マッサージ
佐野薬局勝平店,秋田県秋田市新屋豊町１０−４,018-883-5166,ドラッグストア、市販薬（その他）
サンドラッグ　八橋大畑店,秋田県秋田市八橋大畑１丁目６−３６,018-896-4301,ドラッグストア、市販薬（その他）
しょうぐんの薬局,秋田県秋田市将軍野南１丁目１０−６０,018-846-7660,ドラッグストア、市販薬（その他）
本荘駅前調剤薬局,秋田県由利本荘市花畑町２丁目３２−３,0184-28-4550,ドラッグストア、市販薬（その他）
さわやか薬局新屋店,秋田県秋田市新屋表町４−１,018-888-8371,ドラッグストア、市販薬（その他）
有限会社カマヤ薬局,秋田県大館市常盤木町２−３,0186-42-0406,ドラッグストア、市販薬（その他）
日の出ファーマシー,秋田県大仙市大曲日の出町１丁目２６−１３,0187-63-5165,ドラッグストア、市販薬（その他）
大越調剤薬局あかぬま店,秋田県由利本荘市赤沼下４３７,0184-24-0541,ドラッグストア、市販薬（その他）
かりほ橋薬局,秋田県秋田市楢山登町５−２４,018-884-1515,ドラッグストア、市販薬（その他）
佐藤薬局えきまえ店,秋田県南秋田郡八郎潟町字中田６７−２１,018-854-4466,ドラッグストア、市販薬（その他）
みるく調剤薬局,秋田県秋田市八橋田五郎２丁目１３−１７,018-827-6433,ドラッグストア、市販薬（その他）
株式会社タカハシ薬局　樹海店,秋田県大館市字大田面３９６−１,0186-57-8920,ドラッグストア、市販薬（その他）
かんなり堂薬局　フォンテ店,秋田県秋田市中通２丁目８−１,018-827-3820,ドラッグストア、市販薬（その他）
スーパードラッグアサヒ秋田中央店,秋田県秋田市泉北４丁目３−２１,018-883-0081,ドラッグストア、市販薬（その他）
つちざき南薬局,秋田県秋田市土崎港南３丁目５−１０,018-845-7722,ドラッグストア、市販薬（その他）
赤玉薬局駅前店,秋田県能代市元町７−１７,0185-53-4616,ドラッグストア、市販薬（その他）
下山サカエ薬局,秋田県大仙市大曲上栄町８−１７,0187-62-5110,ドラッグストア、市販薬（その他）
やよい薬局,秋田県秋田市旭北栄町５−１８,018-864-8334,ドラッグストア、市販薬（その他）
佐野薬局中央店,秋田県秋田市川元山下町７−３５,018-824-6222,ドラッグストア、市販薬（その他）
さくら調剤薬局,秋田県にかほ市象潟町字狐森１０１−８,0184-43-4527,ドラッグストア、市販薬（その他）
やばせ薬局,秋田県秋田市寺内堂ノ沢１丁目４−１５,018-846-1233,ドラッグストア、市販薬（その他）
ひまわり調剤薬局,秋田県大館市字土飛山下２６−９,0186-42-4162,ドラッグストア、市販薬（その他）
泉さくら薬局,秋田県秋田市泉南２丁目１−２９,018-853-1450,ドラッグストア、市販薬（その他）
ホテヤ薬局　東台店,秋田県大館市赤館町９−５９,0186-49-9225,ドラッグストア、市販薬（その他）
みどりさわやか薬局,秋田県秋田市川元松丘町４−５７,018-866-7571,ドラッグストア、市販薬（その他）
なごや調剤薬局,秋田県秋田市泉南２丁目９−２７,018-863-9977,ドラッグストア、市販薬（その他）
有限会社小町堂薬局,秋田県秋田市御野場２丁目１３−１１,018-839-0795,ドラッグストア、市販薬（その他）
ツルハドラッグ大館店,秋田県大館市片山町３丁目２７−７,0186-44-5116,ドラッグストア、市販薬（その他）
きりん薬局,秋田県能代市字彩霞長根３３−１１,0185-55-0004,ドラッグストア、市販薬（その他）
たんぽぽ薬局,秋田県秋田市新屋松美ガ丘東町２−１１,018-896-5025,ドラッグストア、市販薬（その他）
あおぞら薬局,秋田県北秋田市松葉町６−５０,0186-60-1187,ドラッグストア、市販薬（その他）
あおぞら薬局大館店,秋田県大館市清水５丁目１−７４,0186-45-1450,ドラッグストア、市販薬（その他）
下山薬局ワコウ薬局,秋田県大仙市大曲福住町２−４,0187-66-3060,ドラッグストア、市販薬（その他）
港中央薬局,秋田県秋田市新屋大川町１５−１,018-828-9060,ドラッグストア、市販薬（その他）
有限会社メディハーツ,秋田県秋田市土崎港中央６丁目８−７,018-880-2101,ドラッグストア、市販薬（その他）
株式会社池田　池田薬局中央店,秋田県由利本荘市岩渕下１０８−２,0184-25-8067,ドラッグストア、市販薬（その他）
池田薬局　東通り店,秋田県秋田市東通１丁目２５−１９,018-874-9322,ドラッグストア、市販薬（その他）
きむら薬局,秋田県秋田市茨島２丁目１５−３４,018-853-6206,ドラッグストア、市販薬（その他）
日本調剤　大曲南薬局,秋田県大仙市大曲上栄町７−１１,0187-66-0550,ドラッグストア、市販薬（その他）
中通よつば薬局,秋田県秋田市中通６丁目７−１７,018-887-3737,ドラッグストア、市販薬（その他）
株式会社みどり薬局・たっぺの坂上　夜間,秋田県能代市富町１６−１１,0185-54-1052,ドラッグストア、市販薬（その他）
ほどの薬局,秋田県秋田市保戸野八丁２−１０,018-865-2535,ドラッグストア、市販薬（その他）
山王たいよう薬局,秋田県秋田市山王５丁目１０−２８,018-863-3045,ドラッグストア、市販薬（その他）
ひなげし薬局,秋田県能代市字寿域長根５５−２１,0185-74-6439,ドラッグストア、市販薬（その他）
ホテヤ薬局本店,秋田県大館市字大町９３,0186-42-2425,ドラッグストア、市販薬（その他）
日本調剤大曲薬局,秋田県大仙市大曲通町８−３６,0187-66-3950,ドラッグストア、市販薬（その他）
みよし薬局・大曲厚生医療センター前,秋田県大仙市大曲福住町６−２０,0187-66-3150,ドラッグストア、市販薬（その他）
ポプラ薬局,秋田県秋田市中通４丁目１−４０,018-835-1535,ドラッグストア、市販薬（その他）
ツルハドラッグ　秋田御所野店調剤,秋田県秋田市御所野元町１丁目１−１７,018-892-6226,ドラッグストア、市販薬（その他）
有限会社緑ケ丘薬局,秋田県秋田市飯島緑丘町２−３２,018-845-3453,ドラッグストア、市販薬（その他）
コスモス薬局,秋田県秋田市仁井田新田１丁目１−４０,018-829-0555,ドラッグストア、市販薬（その他）
仙北調剤薬局,秋田県大仙市大曲通町８−３６,0187-63-5880,ドラッグストア、市販薬（その他）
みずほ薬局,秋田県大仙市朝日町１７−４,0187-63-0350,ドラッグストア、市販薬（その他）
オレンジ薬局,秋田県秋田市中通４丁目１−２,018-884-1717,ドラッグストア、市販薬（その他）
オレンジ薬局,秋田県由利本荘市岩渕下４０−１,0184-28-1201,ドラッグストア、市販薬（その他）
さいた薬局本店,秋田県横手市四日町２−１３,0182-32-1391,ドラッグストア、市販薬（その他）
さいた薬局本店,秋田県横手市四日町２−１３,0120-301391,ドラッグストア、市販薬（その他）
大越薬局,秋田県由利本荘市本荘１１７,0184-22-3903,ドラッグストア、市販薬（その他）
サン薬局,秋田県秋田市飯島飯田１丁目１−１,018-880-2833,ドラッグストア、市販薬（その他）
勝又薬局,秋田県秋田市横森３丁目１−４,018-834-3240,ドラッグストア、市販薬（その他）
おおしま薬局,秋田県湯沢市字大島町８９−２１,0183-55-8015,ドラッグストア、市販薬（その他）
あさひ薬局,秋田県横手市朝日が丘３丁目１−５０,0182-35-1661,ドラッグストア、市販薬（その他）
まえごう調剤薬局,秋田県横手市前郷一番町７−１６,0182-36-7850,ドラッグストア、市販薬（その他）
まえごう調剤薬局,秋田県横手市前郷一番町７−１６,0182-35-1655,ドラッグストア、市販薬（その他）
まえごう調剤薬局,秋田県横手市前郷一番町７−１６,0120-367850,ドラッグストア、市販薬（その他）
日本調剤羽後薬局,秋田県雄勝郡羽後町字南西馬音内１６９−３,0183-78-4200,ドラッグストア、市販薬（その他）
サンドラッグ　新国道店,秋田県秋田市高陽幸町１４−２９,018-883-3770,ドラッグストア、市販薬（その他）
アイリス薬局,秋田県秋田市牛島東５丁目９−３９,018-835-6040,ドラッグストア、市販薬（その他）
長尾薬局御野場店,秋田県秋田市御野場新町４丁目７−２５,018-839-8301,ドラッグストア、市販薬（その他）
しろがね調剤薬局,秋田県大仙市大曲福住町３−１９,0187-62-5466,ドラッグストア、市販薬（その他）
旭南いわま薬局,秋田県秋田市旭南１丁目１−６,018-893-5677,ドラッグストア、市販薬（その他）
ほの花調剤薬局いずみ店,秋田県秋田市泉北３丁目１７−１７,018-838-6206,ドラッグストア、市販薬（その他）
安濃大年堂薬局,秋田県能代市万町３−４,0185-52-4261,ドラッグストア、市販薬（その他）
株式会社アミック　薬局エール港北店,秋田県秋田市土崎港北６丁目１−４,018-857-1090,ドラッグストア、市販薬（その他）
こまち調剤薬局,秋田県大仙市大曲通町６−３０,0187-86-0363,ドラッグストア、市販薬（その他）
池田薬局大曲店,秋田県大仙市大曲福住町９−２２,0187-73-7500,ドラッグストア、市販薬（その他）
御野場ひかり薬局,秋田県秋田市仁井田新田２丁目１５−３０,018-889-9002,ドラッグストア、市販薬（その他）
あかね健康堂薬局,秋田県秋田市南通みその町１−４,018-893-5110,ドラッグストア、市販薬（その他）
こまち薬局　福田店,秋田県大仙市福田町２１−２３,0187-66-3332,ドラッグストア、市販薬（その他）
大町いわま薬局,秋田県秋田市大町３丁目４−４０,018-893-5777,ドラッグストア、市販薬（その他）
アイン薬局　由利本荘店,秋田県由利本荘市岩渕下６８−２,0184-28-0233,ドラッグストア、市販薬（その他）
さくら　いわま薬局,秋田県秋田市横森３丁目１１−６０,018-827-4600,ドラッグストア、市販薬（その他）
株式会社秋田ステーションビルトピコ２Ｆ　青山薬局,秋田県秋田市中通７丁目１−２,018-832-6472,ドラッグストア、市販薬（その他）
しらゆき調剤薬局,秋田県秋田市楢山川口境８−２２,018-853-4068,ドラッグストア、市販薬（その他）
セントラル薬局南通店,秋田県秋田市南通宮田１−８,018-887-5171,ドラッグストア、市販薬（その他）
有限会社むらた調剤薬局,秋田県横手市平城町３−３１,0182-33-2461,ドラッグストア、市販薬（その他）
株式会社池田　池田薬局開光堂店,秋田県由利本荘市裏尾崎町４−８,0184-24-2381,ドラッグストア、市販薬（その他）
ホテヤ薬局観音堂店,秋田県大館市字観音堂４３１−８,0186-44-6155,ドラッグストア、市販薬（その他）
和田薬局,秋田県秋田市土崎港中央６丁目１５−１２,018-846-3417,ドラッグストア、市販薬（その他）
米代薬局,秋田県北秋田市住吉町９−１４,0186-62-0120,ドラッグストア、市販薬（その他）
ねむの木調剤薬局,秋田県にかほ市象潟町字家ノ後５４−３,0184-43-2000,ドラッグストア、市販薬（その他）
佐野薬局　中通一丁目店,秋田県秋田市中通１丁目２−１６,018-884-1133,ドラッグストア、市販薬（その他）
株式会社アイセイ薬局　西東北営業所,秋田県能代市中和１丁目６−４,0185-89-1331,ドラッグストア、市販薬（その他）
佐野薬局　将軍野店,秋田県秋田市将軍野南５丁目１２−３１,018-847-1551,ドラッグストア、市販薬（その他）
雄勝調剤薬局,秋田県湯沢市山田３１,0183-72-3210,ドラッグストア、市販薬（その他）
湯沢ファミリー調剤薬局,秋田県湯沢市千石町４丁目１−１８,0183-79-5900,ドラッグストア、市販薬（その他）
佐野薬局　八橋大畑店,秋田県秋田市八橋大畑２丁目３−２,018-853-8603,ドラッグストア、市販薬（その他）
おやま薬局,秋田県大仙市大曲あけぼの町８−１１,0187-62-7122,ドラッグストア、市販薬（その他）
日吉薬局,秋田県秋田市新屋日吉町６−１９,018-828-4800,ドラッグストア、市販薬（その他）
由利調剤薬局　南店,秋田県由利本荘市一番堰１４５−５,0184-28-0303,ドラッグストア、市販薬（その他）
クオール薬局　湯沢店,秋田県湯沢市字中野１８０−５,0183-79-5033,ドラッグストア、市販薬（その他）
クオール薬局湯沢店,秋田県湯沢市字中野１８０−５,0183-79-5019,ドラッグストア、市販薬（その他）
下山薬局福住店,秋田県大仙市大曲福住町２−２６,0187-63-8008,ドラッグストア、市販薬（その他）
白崎薬局国道店,秋田県にかほ市象潟町字五丁目塩越１４７−１,0184-43-3007,ドラッグストア、市販薬（その他）
サンドラッグ　土崎自衛隊通り店,秋田県秋田市土崎港北２丁目１７−６４,018-880-0515,ドラッグストア、市販薬（その他）
ラベンダー薬局,秋田県秋田市泉南３丁目１８−１１,018-867-8338,ドラッグストア、市販薬（その他）
小泉薬局本店,秋田県秋田市南通亀の町１４−２０,018-832-3981,ドラッグストア、市販薬（その他）
おおがたむら調剤薬局,秋田県南秋田郡大潟村字中央１−５,0185-45-3172,ドラッグストア、市販薬（その他）
まえもりガーデン薬局,秋田県湯沢市前森３丁目５−４,0183-72-9898,ドラッグストア、市販薬（その他）
けいじょう公園　薬局,秋田県大館市字中城７−３,0186-59-6661,ドラッグストア、市販薬（その他）
ツチヤ薬局御成町店,秋田県大館市御成町２丁目５−７,0186-43-5337,ドラッグストア、市販薬（その他）
池田薬局能代店,秋田県能代市追分町４−８,0185-89-1312,ドラッグストア、市販薬（その他）
ツルハドラッグ　大曲福田店調剤,秋田県大仙市福田町２２−２３−６,0800-8003268,ドラッグストア、市販薬（その他）
ツルハドラッグ大曲福田店調剤,秋田県大仙市福田町２２−２３−６,0187-86-3306,ドラッグストア、市販薬（その他）
調剤薬局ほっと,秋田県秋田市土崎港中央５丁目６−２６,018-857-3214,ドラッグストア、市販薬（その他）
赤井ごしょの薬局,秋田県秋田市御所野元町５丁目３−４,018-892-7505,ドラッグストア、市販薬（その他）
シオン薬局,秋田県大館市有浦２丁目４−１８,0186-43-2866,ドラッグストア、市販薬（その他）
リリィ薬局　大館店,秋田県大館市清水１丁目３−３７,0186-44-6001,ドラッグストア、市販薬（その他）
株式会社ファーマックス　くぼた薬局,秋田県秋田市千秋久保田町６−１２,018-874-8881,ドラッグストア、市販薬（その他）
下山薬局　本社,秋田県大仙市大曲上大町１１−１１,0187-62-2225,ドラッグストア、市販薬（その他）
さくら薬局手形住吉店,秋田県秋田市手形住吉町２−３,018-874-7555,ドラッグストア、市販薬（その他）
佐野薬局五城目店,秋田県南秋田郡五城目町字石田六ケ村堰添９７−５,018-855-1121,ドラッグストア、市販薬（その他）
生々堂薬局,秋田県秋田市中通４丁目１−５１,018-832-4290,ドラッグストア、市販薬（その他）
有坂薬局,秋田県大仙市大花町１３−１９,0187-63-2777,ドラッグストア、市販薬（その他）
ファミリー薬局,秋田県由利本荘市東梵天１７３−１,0184-28-0800,ドラッグストア、市販薬（その他）
ハーモニー薬局,秋田県秋田市仁井田二ツ屋１丁目３−４４,018-831-3911,ドラッグストア、市販薬（その他）
くるみ薬局,秋田県秋田市仁井田新田２丁目１４−３４,018-892-7373,ドラッグストア、市販薬（その他）
白川薬局,秋田県秋田市大住２丁目１７−３,018-833-5329,ドラッグストア、市販薬（その他）
有限会社やまさ薬局,秋田県横手市鍛冶町１−３５,0120-322739,ドラッグストア、市販薬（その他）
やまさ薬局,秋田県横手市鍛冶町１−３５,0182-32-2739,ドラッグストア、市販薬（その他）
天真堂薬局,秋田県山本郡八峰町八森字中浜２３−２,0185-77-2518,ドラッグストア、市販薬（その他）
モモ薬局,秋田県大仙市大曲白金町６−３２,0120-032093,ドラッグストア、市販薬（その他）
佐野薬局　桜三丁目店,秋田県秋田市桜３丁目１−３４,018-874-8015,ドラッグストア、市販薬（その他）
佐野薬局　桜店,秋田県秋田市桜１丁目１−６,018-825-1310,ドラッグストア、市販薬（その他）
クオール薬局根岸町店,秋田県横手市根岸町８−３５,0182-35-5021,ドラッグストア、市販薬（その他）
株式会社ファーマックス　あきた薬局,秋田県秋田市飯島西袋１丁目１−５,018-874-8765,ドラッグストア、市販薬（その他）
条里調剤薬局,秋田県横手市条里１丁目１０−３,0182-38-8319,ドラッグストア、市販薬（その他）
条里調剤薬局,秋田県横手市条里１丁目１０−３,0182-38-8318,ドラッグストア、市販薬（その他）
さくら調剤薬局　常盤木店,秋田県大館市常盤木町１７−１１,0186-57-8301,ドラッグストア、市販薬（その他）
アルヴェいわま薬局,秋田県秋田市東通仲町４−１,018-884-0911,ドラッグストア、市販薬（その他）
有限会社武田薬局　本部,秋田県能代市字西大瀬２３−２３,0185-52-1860,ドラッグストア、市販薬（その他）
下山薬局　ねむのき店,秋田県大仙市大曲通町１０−１,0187-62-0481,ドラッグストア、市販薬（その他）
こうめ調剤薬局,秋田県にかほ市象潟町字三丁目塩越１５０,0184-33-8720,ドラッグストア、市販薬（その他）
伊藤薬局,秋田県湯沢市前森３丁目１−４８,0183-73-2956,ドラッグストア、市販薬（その他）
スプリング調剤薬局,秋田県秋田市御所野地蔵田２丁目１−７,018-829-2786,ドラッグストア、市販薬（その他）
有限会社グリム薬局,秋田県秋田市中通５丁目７−４０,018-832-0385,ドラッグストア、市販薬（その他）
ぼんてん調剤薬局,秋田県由利本荘市東梵天１９２−４,0184-44-8398,ドラッグストア、市販薬（その他）
みわ薬局,秋田県秋田市八橋三和町１３−１６,018-823-5115,ドラッグストア、市販薬（その他）
みゆき調剤薬局,秋田県秋田市仁井田本町３丁目２６−３５,018-892-6789,ドラッグストア、市販薬（その他）
昭和堂薬局第七薬局,秋田県北秋田市住吉町１−４,0186-60-0115,ドラッグストア、市販薬（その他）
赤玉薬局,秋田県能代市中和１丁目６−４,0185-54-6074,ドラッグストア、市販薬（その他）
山ノ下薬局,秋田県秋田市川元山下町８−８,018-864-8309,ドラッグストア、市販薬（その他）
佐野薬局　四小前店,秋田県能代市字藤山１１２−２,0185-74-5121,ドラッグストア、市販薬（その他）
有限会社至誠堂薬局,秋田県秋田市仁井田新田３丁目１４−２２,018-889-6167,ドラッグストア、市販薬（その他）
ライナス薬局,秋田県山本郡八峰町八森字古屋敷１３−６,0185-70-4160,ドラッグストア、市販薬（その他）
調剤薬局ユニファー,秋田県能代市通町１−２０,0185-89-1701,ドラッグストア、市販薬（その他）
株式会社ツルハ　調剤薬局ツルハドラッグ　東通店,秋田県秋田市東通８丁目１−３１,018-884-3320,ドラッグストア、市販薬（その他）
半田薬局,秋田県秋田市将軍野東１丁目５−１８,018-846-5778,ドラッグストア、市販薬（その他）
下山薬局浜町調剤薬局,秋田県大仙市大曲浜町７−４１,0187-66-3207,ドラッグストア、市販薬（その他）
きく薬局,秋田県能代市花園町２６−１８,0185-52-0345,ドラッグストア、市販薬（その他）
くら薬局,秋田県横手市根岸町８−１,0182-35-5630,ドラッグストア、市販薬（その他）
五城目中央ドラッグ,秋田県南秋田郡五城目町字下タ町１９３,018-852-3217,ドラッグストア
池田薬局きさかた店,秋田県にかほ市象潟町字家ノ後６５−２６,0184-62-9090,ドラッグストア、市販薬（その他）
元町薬局,秋田県秋田市御所野元町４丁目１４−３１,018-893-5391,ドラッグストア、市販薬（その他）
クオール薬局　湯沢表町店,秋田県湯沢市表町４丁目９−７,0183-78-0588,ドラッグストア、市販薬（その他）
みんなの薬局山王,秋田県秋田市山王中園町３−３,018-862-1711,ドラッグストア、市販薬（その他）
たいよう薬局,秋田県大仙市大曲須和町２丁目２−４９,0187-63-9200,ドラッグストア、市販薬（その他）
さくら薬局御野場店,秋田県秋田市仁井田新田２丁目１３−２２,018-892-6565,ドラッグストア、市販薬（その他）
斎藤薬局,秋田県由利本荘市御門６９−７,0184-23-0242,ドラッグストア、市販薬（その他）
すずらん薬局泉店,秋田県秋田市泉一ノ坪２４−５,018-869-7780,ドラッグストア、市販薬（その他）
すずらん薬局　飯島店,秋田県秋田市飯島飯田１丁目５−５,018-857-0770,ドラッグストア、市販薬（その他）
会営薬局のしろ,秋田県能代市緑町２−２０,0185-55-0990,ドラッグストア、市販薬（その他）
赤玉薬局川反町店,秋田県能代市川反町１−２５,0185-89-6110,ドラッグストア、市販薬（その他）
日本調剤本荘薬局,秋田県由利本荘市岩渕下９８−２,0184-28-1212,ドラッグストア、市販薬（その他）
あさの薬局,秋田県能代市東町１４−１,0185-54-6293,ドラッグストア、市販薬（その他）
やなぎ薬局,秋田県能代市景林町９−２３,0185-54-6507,ドラッグストア、市販薬（その他）
佐野薬局保戸野千代田町店,秋田県秋田市保戸野千代田町１４−７,018-874-8080,ドラッグストア、市販薬（その他）
有限会社上原調剤薬局,秋田県由利本荘市砂子下４９−６,0120-802728,ドラッグストア、市販薬（その他）
有限会社上原調剤薬局,秋田県由利本荘市砂子下４９−６,0184-22-2728,ドラッグストア、市販薬（その他）
佐野薬局八橋佐野薬局,秋田県秋田市八橋本町３丁目１−４５,018-883-4088,ドラッグストア、市販薬（その他）
池田薬局　佐竹通り店,秋田県湯沢市大町１丁目２９−１,0183-55-8562,ドラッグストア、市販薬（その他）
佐野薬局日の出町店,秋田県大仙市大曲日の出町２丁目７−６,0187-88-8400,ドラッグストア、市販薬（その他）
ぽんぽこ薬局,秋田県能代市字下瀬３２−５,0185-89-2313,ドラッグストア、市販薬（その他）
とざわ薬局,秋田県秋田市横森５丁目２０−２３,018-832-8099,ドラッグストア、市販薬（その他）
象潟調剤薬局,秋田県にかほ市象潟町字後田２７−１,0184-43-4655,ドラッグストア、市販薬（その他）
アイン薬局横手店,秋田県横手市清川町１３−３２,0182-35-2500,ドラッグストア、市販薬（その他）
中通きょうや薬局,秋田県秋田市中通５丁目５−１０,018-887-4551,ドラッグストア、市販薬（その他）
きょうや薬局,秋田県秋田市中通５丁目５−１０,018-887-4551,ドラッグストア、市販薬（その他）
有限会社かがや薬局,秋田県秋田市川元開和町１−５,018-865-7231,ドラッグストア、市販薬（その他）
株式会社池田　池田薬局たで沼店,秋田県由利本荘市一番堰１１７−１４,0184-44-8075,ドラッグストア、市販薬（その他）
池田薬局通町店,秋田県秋田市大町１丁目２−２６,018-853-4831,ドラッグストア、市販薬（その他）
あけぼの薬局,秋田県秋田市川元開和町１−１,018-866-8669,ドラッグストア、市販薬（その他）
あけぼの薬局,秋田県秋田市川元開和町１−１,018-864-8331,ドラッグストア、市販薬（その他）
アイン薬局保戸野店,秋田県秋田市保戸野中町１−２５,018-883-1300,ドラッグストア、市販薬（その他）
横手調剤薬局,秋田県横手市根岸町７−３７,0182-38-8338,ドラッグストア、市販薬（その他）
東通いわま薬局,秋田県秋田市東通１丁目５−１６,018-827-3300,ドラッグストア、市販薬（その他）
オオミ薬局,秋田県大仙市大曲須和町１丁目４−２２,0187-62-0322,ドラッグストア、市販薬（その他）
かりん薬局,秋田県秋田市飯島新町１丁目１−１,018-874-8678,ドラッグストア、市販薬（その他）
あおば調剤薬局,秋田県横手市大森町字菅生田２４５−２１８,0182-56-4117,ドラッグストア、市販薬（その他）
大曲調剤薬局,秋田県大仙市大曲上栄町１０−３２,0187-66-2688,ドラッグストア、市販薬（その他）
プライム薬局,秋田県秋田市中通２丁目６−４４,018-833-5334,ドラッグストア、市販薬（その他）
アクロス調剤薬局,秋田県横手市十文字町西原一番町４９,0182-47-7020,ドラッグストア、市販薬（その他）
赤井ごしょの薬局,秋田県秋田市御所野元町５丁目３−４,018-892-7505,ドラッグストア、市販薬（その他）
シオン薬局,秋田県大館市有浦２丁目４−１８,0186-43-2866,ドラッグストア、市販薬（その他）
リリィ薬局　大館店,秋田県大館市清水１丁目３−３７,0186-44-6001,ドラッグストア、市販薬（その他）
株式会社ファーマックス　くぼた薬局,秋田県秋田市千秋久保田町６−１２,018-874-8881,ドラッグストア、市販薬（その他）
下山薬局　本社,秋田県大仙市大曲上大町１１−１１,0187-62-2225,ドラッグストア、市販薬（その他）
さくら薬局手形住吉店,秋田県秋田市手形住吉町２−３,018-874-7555,ドラッグストア、市販薬（その他）
佐野薬局五城目店,秋田県南秋田郡五城目町字石田六ケ村堰添９７−５,018-855-1121,ドラッグストア、市販薬（その他）
生々堂薬局,秋田県秋田市中通４丁目１−５１,018-832-4290,ドラッグストア、市販薬（その他）
有坂薬局,秋田県大仙市大花町１３−１９,0187-63-2777,ドラッグストア、市販薬（その他）
ファミリー薬局,秋田県由利本荘市東梵天１７３−１,0184-28-0800,ドラッグストア、市販薬（その他）
ハーモニー薬局,秋田県秋田市仁井田二ツ屋１丁目３−４４,018-831-3911,ドラッグストア、市販薬（その他）
くるみ薬局,秋田県秋田市仁井田新田２丁目１４−３４,018-892-7373,ドラッグストア、市販薬（その他）
白川薬局,秋田県秋田市大住２丁目１７−３,018-833-5329,ドラッグストア、市販薬（その他）
有限会社やまさ薬局,秋田県横手市鍛冶町１−３５,0120-322739,ドラッグストア、市販薬（その他）
やまさ薬局,秋田県横手市鍛冶町１−３５,0182-32-2739,ドラッグストア、市販薬（その他）
天真堂薬局,秋田県山本郡八峰町八森字中浜２３−２,0185-77-2518,ドラッグストア、市販薬（その他）
モモ薬局,秋田県大仙市大曲白金町６−３２,0120-032093,ドラッグストア、市販薬（その他）
佐野薬局　桜三丁目店,秋田県秋田市桜３丁目１−３４,018-874-8015,ドラッグストア、市販薬（その他）
佐野薬局　桜店,秋田県秋田市桜１丁目１−６,018-825-1310,ドラッグストア、市販薬（その他）
クオール薬局根岸町店,秋田県横手市根岸町８−３５,0182-35-5021,ドラッグストア、市販薬（その他）
株式会社ファーマックス　あきた薬局,秋田県秋田市飯島西袋１丁目１−５,018-874-8765,ドラッグストア、市販薬（その他）
条里調剤薬局,秋田県横手市条里１丁目１０−３,0182-38-8319,ドラッグストア、市販薬（その他）
条里調剤薬局,秋田県横手市条里１丁目１０−３,0182-38-8318,ドラッグストア、市販薬（その他）
佐野薬局勝平店,秋田県秋田市新屋豊町１０−４,018-883-5166,ドラッグストア、市販薬（その他）
サンドラッグ　八橋大畑店,秋田県秋田市八橋大畑１丁目６−３６,018-896-4301,ドラッグストア、市販薬（その他）
たいよう薬局横手店,秋田県横手市条里３丁目１−１０,0182-35-6676,ドラッグストア、市販薬（その他）
河畔薬局,秋田県能代市万町６−１０,0185-52-3996,ドラッグストア、市販薬（その他）
薬局エール自衛隊通店,秋田県秋田市土崎港東４丁目４−６８,018-847-3991,ドラッグストア、市販薬（その他）
株式会社タカハシ薬局　豊町店,秋田県大館市豊町２−１７,0186-42-0525,ドラッグストア、市販薬（その他）
サン薬局,秋田県由利本荘市花畑町４丁目３２,0184-23-7338,ドラッグストア、市販薬（その他）
ハート薬局,秋田県由利本荘市表尾崎町１８−４,0184-28-1881,ドラッグストア、市販薬（その他）
株式会社薬王堂　秋田土崎店,秋田県秋田市土崎港北６丁目２−１２,018-847-2181,ドラッグストア、市販薬（その他）
アイン薬局中通店,秋田県秋田市南通築地２−３１,018-884-7213,ドラッグストア、市販薬（その他）
株式会社ファーマックス,秋田県秋田市大町３丁目５−８,018-895-7330,ドラッグストア、市販薬（その他）
中央薬局将軍野店,秋田県秋田市将軍野青山町３−１６,018-853-6877,ドラッグストア、市販薬（その他）
スパーク薬局,秋田県秋田市川元山下町７−３２,018-864-0622,ドラッグストア、市販薬（その他）
もなみ薬局,秋田県大館市常盤木町２１−１１,0186-57-8693,ドラッグストア、市販薬（その他）
ガルドドラッグ能代店,秋田県能代市字寺向７３,0185-89-2487,ドラッグストア、市販薬（その他）
株式会社池田　池田薬局コアラ調剤薬局,秋田県由利本荘市西梵天７５−４,0184-28-5055,ドラッグストア、市販薬（その他）
鎌田グリーン薬局,秋田県秋田市保戸野すわ町１０−３０,018-862-5400,ドラッグストア、市販薬（その他）
クオール薬局ことぶき店,秋田県横手市寿町１１−３５,0182-33-8325,ドラッグストア、市販薬（その他）
佐野薬局花園店,秋田県能代市中和１丁目１７−２１,0185-89-2525,ドラッグストア、市販薬（その他）
ワイズファーマシー,秋田県南秋田郡五城目町字石田六ケ村堰添５３,018-855-1102,ドラッグストア、市販薬（その他）
いわや薬局,秋田県南秋田郡五城目町字七倉１１５,018-852-2073,ドラッグストア、市販薬（その他）
池田薬局横手店,秋田県横手市条里１丁目１５−２６,0182-23-5191,ドラッグストア、市販薬（その他）
やまな薬局,秋田県大仙市幸町４−２３−５,0187-86-3330,ドラッグストア、市販薬（その他）
あらや調剤薬局,秋田県秋田市新屋元町２３−５,018-827-3047,ドラッグストア、市販薬（その他）
おおはな調剤薬局,秋田県大仙市大花町１１−６−１０,0187-73-6412,ドラッグストア、市販薬（その他）
すずらん薬局港北店,秋田県秋田市土崎港北３丁目１１−１７,018-816-0301,ドラッグストア、市販薬（その他）
メディック薬局,秋田県秋田市新屋勝平町４−１９,018-823-5570,ドラッグストア、市販薬（その他）
株式会社舛屋薬局,秋田県秋田市土崎港中央３丁目４−３５,018-845-4182,ドラッグストア、市販薬（その他）
株式会社舛屋薬局,秋田県秋田市土崎港中央３丁目４−３５,018-845-4181,ドラッグストア、市販薬（その他）
那波薬局本店,秋田県秋田市大町４丁目４−１９,018-862-3219,漢方
熊澤蕃山堂薬局,秋田県秋田市東通７丁目１−２２,018-835-0110,漢方
山王けやき薬品,秋田県秋田市山王５丁目１４−１,018-866-0770,漢方
高橋薬局,秋田県横手市駅前町１１−３０,0182-32-5189,漢方
那波薬局八橋店,秋田県秋田市八橋三和町１８−１２,018-863-1521,漢方
ヒロコージ薬局,秋田県秋田市千秋久保田町３−１８,018-832-4591,ドラッグストア、市販薬（その他）
相原薬局,秋田県大館市御成町３丁目７−６７,0186-42-0293,漢方
有限会社今薬局,秋田県秋田市千秋明徳町２−１９,018-833-2205,漢方
ネノヒ薬局,秋田県横手市大町６−１０,0182-32-2520,漢方
塚本薬局,秋田県能代市富町１０−１,0185-52-5144,漢方
あかぶね薬店,秋田県秋田市大町３丁目５−１６,018-862-4580,漢方
あきた漢方薬局,秋田県秋田市土崎港中央２丁目２−１１,018-845-0866,漢方
第一薬房,秋田県由利本荘市岩渕下３−３,0184-22-1561,漢方
成田漢方堂薬局,秋田県仙北市田沢湖生保内字石名坂３７−１,0187-43-0010,漢方
中通六丁目薬局,秋田県秋田市中通６丁目１−５５,018-834-6037,ドラッグストア、市販薬（その他）
ホテヤ薬局　事務所,秋田県大館市字大町９３,0186-42-2424,ドラッグストア、市販薬（その他）
有限会社栄薬品商会,秋田県秋田市山王２丁目１１−１２,018-862-4544,ドラッグストア
漢方クロセ薬局,秋田県大仙市大曲黒瀬町２−５−２,0187-63-4078,漢方
クローバー薬房,秋田県秋田市中通４丁目１７−３１,018-833-3211,漢方
藤井薬局,秋田県大仙市大曲中通町１−２４,0187-62-2458,漢方
株式会社山田相談薬局,秋田県秋田市大町１丁目６−２１,018-863-0063,漢方
株式会社薬王堂　横手増田店,秋田県横手市増田町増田字月山西２９−１,0182-45-4600,ドラッグストア
まこと調剤薬局,秋田県潟上市飯田川下虻川字道心谷地４８−５,018-853-6277,ドラッグストア、市販薬（その他）
すずらん薬局　厚生医療センター前店,秋田県秋田市飯島西袋１丁目１−４,018-857-5777,ドラッグストア、市販薬（その他）
あおば薬品,秋田県秋田市山王１丁目２−１８,018-863-1927,ドラッグストア、市販薬（その他）
株式会社池田　池田薬局大門店,秋田県由利本荘市給人町７−３,0184-74-9151,ドラッグストア、市販薬（その他）
佐野薬局　広面店,秋田県秋田市広面字堤敷２５−１,018-831-8001,ドラッグストア、市販薬（その他）
ツルハドラッグ　潟上昭和店,秋田県潟上市昭和乱橋字下畑９８,018-855-5268,ドラッグストア
下田薬局,秋田県横手市四日町１−２,0182-32-0583,漢方
