X,db,Z,W
,XkSԉY厚CCQS,0175-36-2214,
ӂ,X\acs\ԒSQS,0176-22-7722,ArAz[
䗿ȂC,XOOs厚{RS,0172-35-0081,{
قނ,XˎsԒPڂPRO,0178-27-2632,aH
zeX,XXs璬PڂPQR,017-775-4141,ze
M,XÌySʒ厚약PQPP,0174-35-2983,{
ނ炳,XOOs厚wOPTPQ,0172-88-7269,aH
ӂ,XOOs厚y蒬QPP,0172-37-8351,aH
Ж쌎 do쌎,Xˎs厚{b蒬R,0120-241-204,Η
Ж쌎َdo쌎,Xˎs厚{b蒬R,0120-241-204,Η
܂ق񗷊,XkSԉY厚CCPPR,0175-36-2330,
,XXsQڂSQO,017-781-9314,aH
R,XÌySʒ厚ʎcQTWQTQ,0174-35-2322,{
T[gze܏쌴,X܏쌴szQT,0173-34-8811,ze
zeT[g܏쌴,X܏쌴szQT,0173-34-8811,ze
ԗaH,X܏쌴scJTSUPS,0173-33-2858,HAH
v,Xˎs厚\ZPP,0178-20-0673,aH
̈,XOOs厚܏\ΒTV,0172-36-0500,aHȋj
AbvpXX{E,XXs{TڂPT,017-723-5632,{
XgK,XΎs厚RU,0172-52-2558,HAH
Ev,XÌyS厚قSQX,017-755-4854,{
v,XÌyS厚قSQX,017-755-4854,{
ÌyB,XXsQڂRPU,017-775-2005,aH
y,XXsPڂSPS,017-723-1007,y
{ER,XOOs厚咬PڂRPP,0172-55-8482,aHȋj
͂P,XXsQڂPVPT,017-773-0241,aH
S,XXs{QڂRPP,017-776-5820,aHȋj
,XXsPڂUS,017-722-7608,aHȋj
ЉCόze OY,XkSԉY厚CCVO,0175-36-2311,
OY,XkSԉY厚CCVO,0175-36-2311,
aHȂ,XXs{QڂPQU,017-775-7152,y
암ECt,XXs厚󒎎uJRP,017-752-4411,
ܕ,Xˎs厚QW,0178-33-0916,i
t,X\acsPUQV,0176-23-2143,Ȃ
A\x̐X 킫,XOOs厚S򎚎QWQX,0172-83-2215,
킫,XOOs厚S򎚎QWQX,0172-83-2215,
䓛,XXs{PڂQPT,017-777-4409,a
ő,XXsv{uPڂQR,017-777-4755,aHȋj
肭,Xˎs厚ZQR,0178-43-3501,Η
B肭,Xˎs厚ZQR,0178-43-3501,Η
ڂĂイE齏,Xˎs厚鏠HSR,0178-43-1961,aHȋj
ڂĂイH,Xˎs厚鏠HRQ,0178-43-1961,aHȋj
ڂĂイH,Xˎs厚鏠HSR,0178-43-1961,aHȋj
ڂĂイ齁E,Xˎs厚鏠HSR,0178-43-1961,aHȋj
ڂĂイdo,Xˎs厚鏠HSR,0178-43-1961,aHȋj
gB,Xˎs厚򒬂V,0178-22-2426,{
,Xˎs厚鏠HPW,0178-46-3322,ȗ
B,Xˎs厚鏠HPW,0178-46-3322,ȗ
B肭,XˎsZ23,0178-43-3501,Η
B g,Xˎs7,0178-22-2426,{
͂,Xˎs\O27,0178-72-4561,ArAz[
,XXs璬QڂRR,017-723-7559,aH
B ,Xˎs鏠H18,0178-46-3322,ȗ
VdoX,XΎs厚R`PRS,0172-52-3544,AAٓ
y,XXs{RڂRS,017-776-2912,aH
xm,XΎs܈QڂUR,0172-52-8851,{
͂,Xˎs厚\OQV,0178-72-4561,ArAz[
a,XOOs厚{XP,0172-37-0055,aHȋj
OO,Xˎs厚鏠HPW,0178-45-2812,ȗ
,Xˎs厚鏠HPW,0178-46-3322,ȗ
B,Xˎs厚鏠HPW,0178-46-3322,ȗ
fޗ] OO,Xˎs鏠H18 r1F,0178-45-2812,ArAz[
肭,Xˎs厚ZQR,0178-44-2329,ۂ
 ,XˎsԒ3 NCr 1F,0178-44-7793,ۂ
tW^,Xˎs厚ZQR,0178-44-2329,aH
d,XˎsQڂQPW,0178-31-5542,aH
,XOOs厚k[V,0172-35-4343,{
؂̂͂,XXs{TڂSQO,017-775-7265,{
y,XsؒRROSP,0172-44-4521,ۂ
,XXsPڂRPV,017-722-5488,aH
ނ炽,Xˎs厚ԒSTS,0178-46-1862,aH
uT,XOOs厚wOPڂSQO,0172-33-7898,{
B,XOˌS܌˒^mRUP,0178-62-3353,aH
I,XXs璬QڂPPP,017-777-7794,{
ۂ,XOOs厚{WTP,0172-37-8323,{
D_,Xˎs厚򒬂PO,0178-44-9281,{
R敗,XOOs厚k[PT,0172-37-1177,{
R,XkS˒eÓPPP,0176-62-6077,{
~R,XkS˒eÓPPP,0176-62-6077,{
Ђ,XOsPڂUQ,0176-53-3939,y
m,XÌySk厚kkPUW,0172-48-3151,h
,XkSӒnHTQV,0175-64-1805,{
M,XÌySʒ厚약PQPP,0174-35-2983,{
,XXs璬QڂRR,017-723-7559,aH
,Xˎs厚ԒR,0178-44-7793,ۂ
痈,XXsRڂTPU,017-776-3678,aH
{ʎ,XXs{TڂPOPR,017-723-9539,ArAz[
B ,Xˎs鏠H18,0178-46-3322,ȗ
v,XOsKPڂXS,0176-53-2310,aH
,XXsQڂSQO,017-781-9314,aH
ԔT,Xˎs厚鏠HPV,0178-43-1141,CN
V,XނscQRQ,0175-22-0881,CN
BR,XOˌSO˒厚SÊԖؕRXP,0179-22-2177,aH
RB,XOˌSO˒厚SÊԖؕRXP,0179-22-2177,aH
H,X܏쌴sTSP,0173-33-7063,ArAz[
ݗ,XˎsPڂPSP,0178-24-1021,aH
,X\acsOԒRXPR,0176-23-4552,aH
齊B,Xނs}PڂQSO,0120-440-140,i
,Xނs}PڂQSO,0120-440-140,i
R,XÌySʒ厚ʎcQTWQTQ,0174-35-2322,{
ΐ,XނscQR,0175-22-9230,
ԗaH,X܏쌴scJTSUPS,0173-33-2858,HAH
͂傤ޗǉ,XkÌyS厚򎚓QTTQ,0173-58-2816,HAH
邶,XXs{TڂTQ,017-723-1892,ArAz[
v,Xˎs厚\ZPP,0178-20-0673,aH
C̗,XXs{PڂPQ,017-773-7250,ArAz[
,XOOs厚Vb蒬UX,0172-33-9378,aHȋj
y,XXs{RڂRS,017-776-2912,aH
̌,XXs{PڂPX,017-777-6877,{
B݂,XkS点㖾WWT,0178-52-2105,aH
Ev,XÌyS厚قSQX,017-755-4854,{
v,XÌyS厚قSQX,017-755-4854,{
ؗ,XkSӒnԍTSP,0175-64-0005,ArAz[
q,XkS˒POR,0120-806-028,aH
iEHB܂,XkS˒POR,0120-806-028,aH
eym{X,XOOs厚{P,0172-36-3300,y
ÌyB,XXsQڂRPU,017-775-2005,aH
S,XXs{QڂRPP,017-776-5820,aHȋj
,XXsPڂUS,017-722-7608,aHȋj
{ER,XOOs厚咬PڂRPP,0172-55-8482,aHȋj
,XOOs厚y蒬PUU,0172-34-8570,ArAz[
xm,XΎs܈QڂUR,0172-52-8851,{
͂P,XXsQڂPVPT,017-773-0241,aH
,XXs{PڂQT,017-777-6411,aHȋj
,XނscSQ,0175-22-1291,[
,XÌyS厚PQP,017-755-3133,aH
,XOsQڂRV,0176-53-8167,aH
t,X\acsPUQV,0176-23-2143,Ȃ
Ȃ,XOOs厚xcPڂRPU,0172-34-9135,aHȋj
쒚~{X,XOOs厚SΒUOX,0172-35-4111,Ă
䓛,XXs{PڂQPT,017-777-4409,a
肭,Xˎs厚ZQR,0178-43-3501,Η
B肭,Xˎs厚ZQR,0178-43-3501,Η
Gy,XˎsԒPڂQP,0178-27-7736,a
ڂĂイE齏,Xˎs厚鏠HSR,0178-43-1961,aHȋj
ڂĂイH,Xˎs厚鏠HRQ,0178-43-1961,aHȋj
ڂĂイH,Xˎs厚鏠HSR,0178-43-1961,aHȋj
ڂĂイ齁E,Xˎs厚鏠HSR,0178-43-1961,aHȋj
ڂĂイdo,Xˎs厚鏠HSR,0178-43-1961,aHȋj
gB,Xˎs厚򒬂V,0178-22-2426,{
Oc,XXsQڂVRR,017-735-3314,y
,Xˎs厚鏠HPW,0178-46-3322,ȗ
B,Xˎs厚鏠HPW,0178-46-3322,ȗ
BVt,XÌyS˃򒬑厚{QOOQ,0173-72-2024,aH
Vt,XÌyS˃򒬑厚{QOOQ,0173-72-2024,aH
MnH,Xˎs厚LMnPO,0178-33-3824,aHȋj
[gsAMn,Xˎs厚LMnPO,0178-33-3824,aHȋj
B g,Xˎs7,0178-22-2426,{
