店名,電話,住所,アクセス,営業時間,定休日,お店のホームページ,支払い方法
みんゆう薬局弘前駅前店,青森県弘前市駅前町11-2,0172-88-7177,ドラッグストア
ハッピー・ドラッグ青森ドラッグ.O店,青森県青森市本町1丁目6-2,017-721-1132,ドラッグストア
ハッピー・ドラッグ ドラック・オー,青森県青森市本町１丁目６２,017-721-1132,ドラッグストア
ツルハドラッグ 弘前樹木店,青森県弘前市大字樹木４丁目３１,0172-31-1321,ドラッグストア
ツルハドラッグ弘前樹木店,青森県弘前市樹木4丁目3-1,0172-31-1321,ドラッグストア
ツルハドラッグ十八日町店,青森県八戸市十八日町27,0178-22-7231,ドラッグストア
メガ城東北店,青森県弘前市大字城東北4丁目4-10,0172-27-2700,ドラッグストア
ハッピー・ドラッグ 岩木店,青森県弘前市大字一町田字村元５１７２,0172-55-6158,ドラッグストア
ハッピー・ドラッグ弘前岩木店,青森県弘前市一町田字村元712-1,0172-55-6158,ドラッグストア
ハッピー・ドラッグ弘前大原店,青森県弘前市大原2丁目5-26,0172-55-5385,ドラッグストア
マツモトキヨシ弘前堅田店,青森県弘前市大字宮川1丁目2-13,0172-55-0720,ドラッグストア
マツモトキヨシ 弘前堅田店,青森県弘前市大字宮川１丁目２１３,0172-55-0720,ドラッグストア
ツルハドラッグ 弘前石渡店,青森県弘前市大字石渡４丁目１３４,0172-88-7418,ドラッグストア
ツルハドラッグ弘前石渡店,青森県弘前市石渡4丁目13-4,0172-88-7418,ドラッグストア
スーパードラッグアサヒさくら野弘前店,青森県弘前市城東北3丁目10-1,0172-88-5537,ドラッグストア
ハッピー・ドラッグ弘前城東中央店,青森県弘前市城東中央3丁目3-1,0172-40-2905,ドラッグストア
ツルハドラッグ弘前岩木店,青森県弘前市大字一町田字村元714,0172-82-2340,ドラッグストア
ツルハドラッグ 弘前岩木店,青森県弘前市大字一町田字村元７１２２,0172-82-2340,ドラッグストア
ツルハドラッグ弘前境関店,青森県弘前市大字境関1丁目2-2,0172-88-5865,ドラッグストア
ツルハドラッグ 弘前境関店,青森県弘前市大字境関１丁目２２,0172-88-5865,ドラッグストア
薬王堂 弘前相馬店,青森県弘前市大字湯口字一ノ細川５１１,0172-55-6757,ドラッグストア
薬王堂弘前相馬店,青森県弘前市湯口字一ノ細川51-1,0172-55-6757,ドラッグストア
ハッピー・ドラッグ弘前浜の町店,青森県弘前市大字浜の町西1丁目5-21,0172-26-6339,ドラッグストア
ハッピー・ドラッグ 浜の町店,青森県弘前市大字浜の町西１丁目５２１,0172-26-6339,ドラッグストア
ケードラッグ101,青森県弘前市大字樋の口２丁目９６,0172-35-7715,ドラッグストア
ケードラッグ101,青森県弘前市樋の口2-9-6,0172-35-7715,ドラッグストア
薬王堂弘前富田町店,青森県弘前市大字富田町162,0172-55-0371,ドラッグストア
薬王堂 弘前富田町店,青森県弘前市大字富田町１６２,0172-55-0371,ドラッグストア
ツルハドラッグ 青森本町店,青森県青森市本町４丁目９４,017-762-0558,ドラッグストア
ツルハドラッグ青森本町店,青森県青森市本町4丁目9-5,017-762-0558,ドラッグストア
ハッピー・ドラッグ弘前土手町店,青森県弘前市土手町89-1,0172-55-7765,ドラッグストア
ハッピー・ドラッグ 弘前土手町店,青森県弘前市大字土手町８９１,0172-55-7765,ドラッグストア
ツルハドラッグ 弘前駅前店,青森県弘前市大字駅前２丁目６１,0172-39-1268,ドラッグストア
ツルハドラッグ弘前駅前店,青森県弘前市大字駅前2丁目6-2,0172-39-1268,ドラッグストア
ツルハドラッグ弘前神田店,青森県弘前市大字神田5丁目6-2,0172-31-0268,ドラッグストア
ツルハドラッグ 弘前神田店,青森県弘前市大字神田５丁目６２,0172-31-0268,ドラッグストア
ドラッグ・ユー南大町店,青森県弘前市南大町1-10-1,0172-38-8731,ドラッグストア
ドラッグ・ユー南大町店,青森県弘前市大字南大町１丁目１０１,0172-38-8731,ドラッグストア
ツルハドラッグ城東店,青森県弘前市田園2丁目3-1,0172-29-1256,ドラッグストア
ツルハドラッグ 城東店,青森県弘前市大字田園２丁目３３,0172-29-1256,ドラッグストア
ツルハドラッグ 弘前西城北店,青森県弘前市大字西城北１丁目２４,0172-40-0737,ドラッグストア
ツルハドラッグ弘前西城北店,青森県弘前市大字西城北1丁目2-4,0172-40-0737,ドラッグストア
薬王堂弘前早稲田店,青森県弘前市早稲田1丁目4-5,0172-28-2887,ドラッグストア
薬王堂弘前早稲田店,青森県弘前市大字早稲田１丁目４５,0172-28-2887,ドラッグストア
ツルハドラッグ弘前アルカディア店,青森県弘前市扇町3丁目1-2,0172-29-1281,ドラッグストア
ツルハドラッグ 弘前アルカディア店,青森県弘前市大字扇町３丁目１２,0172-29-1281,ドラッグストア
ツルハドラッグ 弘前外崎店,青森県弘前市大字外崎３丁目５１,0172-29-2688,ドラッグストア
ツルハドラッグ弘前外崎店,青森県弘前市大字外崎3丁目5-1,0172-29-2688,ドラッグストア
マツモトキヨシ青森駅ビルラビナ店,青森県青森市柳川1-2-3,017-775-5272,ドラッグストア
ハッピー・ドラッグ弘前城東店,青森県弘前市田園3丁目5-12,0172-26-6575,ドラッグストア
くすりの回生堂,青森県青森市長島４丁目１２１,017-776-7136,ドラッグストア
森薬店,青森県青森市長島４丁目１２１,017-776-7136,ドラッグストア
メガ富田店,青森県弘前市大字富田3丁目7-8,0172-88-7750,ドラッグストア
メガ神田店,青森県弘前市大字神田３丁目２８,0172-31-0201,ドラッグストア
薬王堂弘前安原店,青森県弘前市大字泉野５丁目５１,0172-87-2861,ドラッグストア
薬王堂弘前安原店,青森県弘前市泉野5丁目5-1,0172-87-2861,ドラッグストア
薬王堂弘前石渡店,青森県弘前市石渡2丁目5-4,0172-55-7315,ドラッグストア
ハッピー・ドラッグ弘前堅田店,青森県弘前市青山1丁目11-2,0172-55-8266,ドラッグストア
菊池薬局本店,青森県弘前市土手町18,0172-32-7556,ドラッグストア
ツルハドラッグ 弘前浜の町店,青森県弘前市大字浜の町西２丁目２７,0172-39-4033,ドラッグストア
ツルハドラッグ弘前浜の町店,青森県弘前市浜の町西2丁目2-7,0172-39-4033,ドラッグストア
サンドラッグ弘前樹木店,青森県弘前市樹木5丁目9-1,0172-80-9903,ドラッグストア
有限会社じんま薬店,青森県弘前市大字品川町４５,0172-32-4937,ドラッグストア
スーパードラッグアサヒ南大町店,青森県弘前市取上1丁目1-1,0172-31-0860,ドラッグストア
スーパードラッグ・アサヒ 南大町店,青森県弘前市大字取上１丁目１１,0172-31-0860,ドラッグストア
調剤薬局ツルハドラッグ弘前豊原店,青森県弘前市大字豊原1丁目3-4,0172-31-1268,ドラッグストア
ツルハドラッグ 弘前豊原店,青森県弘前市大字豊原１丁目３４,0172-31-1268,ドラッグストア
ツルハドラッグ弘前堅田店,青森県弘前市大字堅田2丁目2-22,0172-39-1344,ドラッグストア
ツルハドラッグ 弘前堅田店,青森県弘前市大字堅田２丁目２２２,0172-39-1344,ドラッグストア
マツモトキヨシ弘前駅ビルアプリーズ店,青森県弘前市表町2-11,0172-32-3140,ドラッグストア
ハッピー・ドラッグ 桔梗野店,青森県弘前市大字桔梗野１丁目２２,0172-55-0877,ドラッグストア
ハッピー・ドラッグ弘前桔梗野店,青森県弘前市大字桔梗野1丁目2-2,0172-55-0877,ドラッグストア
薬王堂弘前若葉店,青森県弘前市大字清水１丁目２２,0172-32-1366,ドラッグストア
薬王堂弘前若葉店,青森県弘前市大字清水1丁目2-2,0172-32-1366,ドラッグストア
メガ弘前駅前店,青森県弘前市大字駅前2丁目8-16,0172-31-2505,ドラッグストア
ツルハドラッグ 安原店,青森県弘前市大字泉野１丁目４５,0172-89-1231,ドラッグストア
ツルハドラッグ安原店,青森県弘前市泉野1丁目4-5,0172-89-1231,ドラッグストア
ハッピー・ドラッグ 深浦店,青森県西津軽郡深浦町大字深浦字苗代沢２７１,0173-82-0215,ドラッグストア
ハッピー・ドラッグ青森深浦店,青森県西津軽郡深浦町深浦苗代沢27-1,0173-82-0215,ドラッグストア
薬王堂青森七戸店,青森県上北郡七戸町字笊田川久保１８,0176-62-3344,ドラッグストア
薬王堂青森七戸店,青森県上北郡七戸町字笊田川久保18,0176-62-3344,ドラッグストア
スーパードラッグアサヒ湊高台店,青森県八戸市湊高台1丁目3-2,0178-35-0200,ドラッグストア
スーパードラッグアサヒ三沢店,青森県三沢市大字三沢字堀口９４２４２,0176-51-8690,ドラッグストア
工藤薬店,青森県東津軽郡外ヶ浜町字三厩中浜５５,0174-37-2015,ドラッグストア
有限会社ダルマ薬品,青森県八戸市青葉２丁目１６１２,0178-43-6660,ドラッグストア
勘兵衛薬店,青森県青森市浪岡浪岡若松２５,0172-62-2139,ドラッグストア
平井勘兵衛薬店,青森県青森市浪岡大字浪岡字若松２５,0172-62-2139,ドラッグストア
ツルハドラッグむつ大平店,青森県むつ市大平町２１６,0175-28-3268,ドラッグストア
ツルハドラッグむつ大平店,青森県むつ市大平町21-6,0175-28-3268,ドラッグストア
ツルハドラッグ湊高台店,青森県八戸市湊高台３丁目７１,0178-31-2735,ドラッグストア
ツルハドラッグ湊高台店,青森県八戸市湊高台3丁目7-1,0178-31-2735,ドラッグストア
ハッピー・ドラッグ青森観光通店,青森県青森市緑3丁目11-8,017-764-6066,ドラッグストア
ツルハドラッグ 大間店,青森県下北郡大間町大字大間字上野５４,0175-37-5355,ドラッグストア
ツルハドラッグ大間店,青森県下北郡大間町大字大間字上野5-4,0175-37-5355,ドラッグストア
広場薬店,青森県三戸郡南部町大字平字虚空蔵５１０,0178-76-2414,ドラッグストア
サンドラッグ青森浜田店,青森県青森市大字浜田玉川196-10,017-762-1730,ドラッグストア
ハッピー・ドラッグ青森戸山店,青森県青森市蛍沢4丁目2-8,017-752-8377,ドラッグストア
ハッピードラッグ 戸山店,青森県青森市蛍沢４丁目２８,017-752-8377,ドラッグストア
スーパードラッグアサヒ下田店,青森県上北郡おいらせ町高田69-1,0178-50-6320,ドラッグストア
メガ小柳店,青森県青森市小柳5丁目19-8,017-743-2555,ドラッグストア
サンドラッグ十和田東店,青森県十和田市東一番町4-13,0176-21-3361,ドラッグストア
株式会社薬王堂 つがる柏店,青森県つがる市柏下古川花崎１４２,0173-25-3322,ドラッグストア
薬王堂つがる柏店,青森県つがる市柏下古川花崎142,0173-25-3322,ドラッグストア
メガ石江店,青森県青森市石江岡部84-1,017-761-1232,ドラッグストア
ツルハドラッグ青森新城店,青森県青森市大字新城字平岡175-38,017-763-1268,ドラッグストア
ツルハドラッグ 青森新城店,青森県青森市大字新城字平岡１７５３８,017-763-1268,ドラッグストア
ハッピー・ドラッグ八戸湊高台店,青森県八戸市湊高台5丁目1-18,0178-32-1055,ドラッグストア
ハッピードラッグ湊高台店,青森県八戸市湊高台５丁目１１８,0178-32-1055,ドラッグストア
ハッピー・ドラッグ青森久須志店,青森県青森市久須志3丁目18-7,017-762-7088,ドラッグストア
ハッピー・ドラッグ 久須志店,青森県青森市久須志３丁目１８６,017-762-7088,ドラッグストア
ツルハドラッグ福地南部店,青森県三戸郡南部町大字苫米地字白山堂1-2,0178-60-1268,ドラッグストア
ツルハドラッグ 福地南部店,青森県三戸郡南部町大字苫米地字白山堂１２,0178-60-1268,ドラッグストア
ハッピー・ドラッグ八戸湊中道店,青森県八戸市大字湊町中道55,0178-38-5227,ドラッグストア
ツルハドラッグ八戸田向店,青森県八戸市田向５丁目２９１,0178-71-8266,ドラッグストア
ツルハドラッグ八戸田向店,青森県八戸市田向5丁目29-1,0178-71-8266,ドラッグストア
薬王堂十和田三本木店,青森県十和田市大字三本木字本金崎229-2,0176-27-0131,ドラッグストア
薬王堂青森名川店,青森県三戸郡南部町大字斗賀字沼田68,0178-32-0655,ドラッグストア
スーパードラッグアサヒ柏店,青森県五所川原市小曲字枝村42-1,0173-38-1530,ドラッグストア
カツラ薬店,青森県青森市浪館前田２丁目３２５３,017-782-3329,ドラッグストア
スーパーシティアサヒビードルプラザ店,青森県三沢市松園町3丁目10-1,0176-52-5025,ドラッグストア
ハッピー・ドラッグ 平賀店,青森県平川市本町平野１２９,0172-88-8755,ドラッグストア
ハッピー・ドラッグ平川平賀店,青森県平川市本町平野12-9,0172-88-8755,ドラッグストア
薬王堂青森乙供店,青森県上北郡東北町字上笹橋37-8,0175-63-3552,ドラッグストア
薬王堂 青森・乙供店,青森県上北郡東北町字上笹橋３７８,0175-63-3552,ドラッグストア
ハッピー・ドラッグ 八戸旭ヶ丘店,青森県八戸市大字新井田字小久保尻１６１２７,0178-38-5036,ドラッグストア
ハッピー・ドラッグ八戸旭ヶ丘店,青森県八戸市新井田字小久保尻16-127,0178-38-5036,ドラッグストア
ハッピードラッグ 岡三沢店,青森県三沢市下久保１丁目１３,0176-27-6625,ドラッグストア
ハッピー・ドラッグ三沢岡三沢店,青森県三沢市下久保1丁目1-3,0176-27-6625,ドラッグストア
ハッピー・ドラッグ 鶴田店,青森県北津軽郡鶴田町大字鶴田字沖津４７１,0173-26-5131,ドラッグストア
ハッピー・ドラッグ青森鶴田店,青森県北津軽郡鶴田町鶴田沖津47-1,0173-26-5131,ドラッグストア
ハッピー・ドラッグ五所川原松島店,青森県五所川原市一ツ谷548-1,0173-23-5886,ドラッグストア
ハッピー・ドラッグ 五所川原松島店,青森県五所川原市字一ツ谷５４８１,0173-23-5886,ドラッグストア
ハッピードラッグ大町店,青森県八戸市小中野４丁目１４７,0178-71-2280,ドラッグストア
ハッピー・ドラッグ八戸小中野店,青森県八戸市小中野4丁目1-47,0178-71-2280,ドラッグストア
ハッピードラッグのぎわ店,青森県青森市大字羽白字沢田３０６１,017-763-2250,ドラッグストア
ハッピー・ドラッグ青森のぎわ店,青森県青森市羽白字沢田306-1,017-763-2250,ドラッグストア
薬マツモトキヨシ ラピア八戸店,青森県八戸市江陽２丁目１４１,0178-71-2116,ドラッグストア
マツモトキヨシラピア八戸店,青森県八戸市江陽2丁目14-1,0178-71-2116,ドラッグストア
ハッピー・ドラッグ三沢堀口店,青森県三沢市堀口3丁目1-5,0176-53-7742,ドラッグストア
ハッピードラッグ三沢店,青森県三沢市堀口３丁目１５,0176-53-7742,ドラッグストア
ハッピー・ドラッグ 大畑店,青森県むつ市大畑町中島３９１６,0175-45-3077,ドラッグストア
ハッピー・ドラッグむつ大畑店,青森県むつ市大畑町中島39-26,0175-45-3077,ドラッグストア
ハッピー・ドラッグ青森板柳店,青森県北津軽郡板柳町福野田実田23-1,0172-55-9123,ドラッグストア
ハッピー・ドラッグ 板柳店,青森県北津軽郡板柳町大字福野田字実田２３１,0172-55-9123,ドラッグストア
第一中央薬店,青森県上北郡七戸町字倉越１３２,0176-62-2033,ドラッグストア
薬王堂青森上北店,青森県上北郡東北町旭南2丁目324-1,0176-56-4388,ドラッグストア
薬王堂 青森・上北店,青森県上北郡東北町旭南２丁目３２４１,0176-56-4388,ドラッグストア
ハッピー・ドラッグ とまぶモール店,青森県むつ市金曲１丁目２４,0175-34-9160,ドラッグストア
ハッピー・ドラッグむつとまぶモール店,青森県むつ市金曲1丁目2-4,0175-34-9160,ドラッグストア
ハッピー・ドラッグ青森油川店,青森県青森市油川字浪返102-1,017-763-0107,ドラッグストア
株式会社薬王堂 八戸田向店,青森県八戸市田向２丁目１２３,0178-45-8900,ドラッグストア
薬王堂八戸田向店,青森県八戸市田向2丁目1-23,0178-45-8900,ドラッグストア
渡部薬店,青森県三戸郡田子町大字田子字田子１８,0179-32-2063,ドラッグストア
薬王堂青森中泊店,青森県北津軽郡中泊町大字中里字紅葉坂168-5,0173-23-0212,ドラッグストア
株式会社薬王堂 青森中泊店,青森県北津軽郡中泊町大字中里字紅葉坂１６８５,0173-23-0212,ドラッグストア
藤本薬店,青森県黒石市大字山形町１０１,0172-52-2772,ドラッグストア
薬王堂青森六戸店,青森県上北郡六戸町大字犬落瀬前谷地23,0176-55-3371,ドラッグストア
株式会社薬王堂 青森六戸店,青森県上北郡六戸町大字犬落瀬字前谷地２３,0176-55-3371,ドラッグストア
ハッピー・ドラッグ るいけ店,青森県八戸市南類家３丁目２１４,0178-38-7211,ドラッグストア
ハッピー・ドラッグ八戸類家店,青森県八戸市南類家3丁目2-14,0178-47-4040,ドラッグストア
株式会社薬王堂 八戸河原木店,青森県八戸市大字河原木字二階堀５１,0178-20-8588,ドラッグストア
薬王堂八戸河原木店,青森県八戸市大字河原木字二階堀5-1,0178-20-8588,ドラッグストア
ツルハドラッグ八戸諏訪店,青森県八戸市諏訪3丁目3-20,0178-71-4268,ドラッグストア
ツルハドラッグ 八戸諏訪店,青森県八戸市諏訪３丁目３１７,0178-71-4268,ドラッグストア
ツルハドラッグ 五所川原広田店,青森県五所川原市大字広田字柳沼４１２,0173-26-0980,ドラッグストア
ツルハドラッグ五所川原広田店,青森県五所川原市大字広田字柳沼41-2,0173-26-0980,ドラッグストア
薬王堂青森浪岡店,青森県青森市浪岡大字浪岡字若松113-1,0172-40-2160,ドラッグストア
株式会社薬王堂 青森浪岡店,青森県青森市浪岡大字浪岡字若松１１３１,0172-40-2160,ドラッグストア
ツルハドラッグ つがる柏店,青森県つがる市柏広須志野田３９４,0173-23-0602,ドラッグストア
ツルハドラッグつがる柏店,青森県つがる市柏広須志野田166-1,0173-23-0602,ドラッグストア
ツルハドラッグ七戸店,青森県上北郡七戸町字笊田川久保32-2,0176-27-1572,ドラッグストア
ツルハドラッグ 七戸店,青森県上北郡七戸町字笊田川久保２０５,0176-27-1572,ドラッグストア
くすりのキープス平賀店,青森県平川市柏木町藤山25-9,0172-88-6982,ドラッグストア
ハッピー・ドラッグ 三戸店,青森県三戸郡三戸町大字同心町字古間木平１１,0179-23-0131,ドラッグストア
ハッピー・ドラッグ青森三戸店,青森県三戸郡三戸町大字同心町字古間木平1-1,0179-23-0131,ドラッグストア
ハッピー・ドラッグ八戸下長店,青森県八戸市下長3丁目13-7,0178-32-7883,ドラッグストア
ハッピー・ドラッグ 下長店,青森県八戸市下長３丁目１３８,0178-32-7883,ドラッグストア
ハッピー・ドラッグ青森佃店,青森県青森市中佃3丁目7-13,017-765-6780,ドラッグストア
ハッピー・ドラッグ 佃店,青森県青森市中佃３丁目７１３,017-765-6780,ドラッグストア
薬王堂十和田稲吉店,青森県十和田市東十四番町43-8-2,0176-58-7718,ドラッグストア
いわや薬品 エルムの街店,青森県五所川原市大字唐笠柳字藤巻５１７,0173-33-6742,ドラッグストア
ハッピードラッグ類家中央店,青森県八戸市類家４丁目４１５,0178-72-1175,ドラッグストア
ハッピー・ドラッグ八戸類家中央店,青森県八戸市類家4丁目41-5,0178-72-1175,ドラッグストア
メガ 観光通店,青森県青森市青葉３丁目６６,017-762-1616,ドラッグストア
ツルハドラッグ 青森ガーラ店,青森県青森市三好２丁目３１６,017-718-0103,ドラッグストア
ツルハドラッグ青森ガーラ店,青森県青森市三好2丁目3-16,017-718-0103,ドラッグストア
スーパードラッグアサヒ青森佃店,青森県青森市佃３丁目５３３,017-743-7431,ドラッグストア
スーパードラッグアサヒ青森佃店,青森県青森市佃3丁目5-33,017-743-7431,ドラッグストア
スーパードラッグアサヒむつ店,青森県むつ市中央１丁目１４９,0175-28-2340,ドラッグストア
スーパードラッグアサヒむつ店,青森県むつ市中央1丁目149,0175-28-2340,ドラッグストア
小田切薬店,青森県平川市南田中村内９８２,0172-57-2118,ドラッグストア
ドラッグ・ユー東青森店,青森県青森市田屋敷字増田16-2,017-765-7106,ドラッグストア
ツルハドラッグ 十和田店,青森県十和田市西十二番町１５２６,0176-21-3268,ドラッグストア
さわい薬店,青森県上北郡東北町字上笹橋２１４８,0175-63-3526,ドラッグストア
さわい化粧品店,青森県上北郡東北町字上笹橋２１４８,0175-63-3526,ドラッグストア
ツルハドラッグ八戸江陽店,青森県八戸市江陽2丁目13-40,0178-72-1288,ドラッグストア
薬王堂五所川原石岡店,青森県五所川原市大字唐笠柳字藤巻592-2,0173-26-5799,ドラッグストア
薬王堂 五所川原石岡店,青森県五所川原市大字唐笠柳字藤巻５９２２,0173-26-5799,ドラッグストア
安田薬店,青森県東津軽郡外ヶ浜町字蟹田１１７,0174-22-2022,ドラッグストア
ハッピー・ドラッグ十和田元町西店,青森県十和田市元町西4丁目3-30,0176-58-0205,ドラッグストア
さわい化粧品店,青森県上北郡東北町字上笹橋２１４８,0175-63-3526,ドラッグストア
ツルハドラッグ八戸江陽店,青森県八戸市江陽2丁目13-40,0178-72-1288,ドラッグストア
薬王堂五所川原石岡店,青森県五所川原市大字唐笠柳字藤巻592-2,0173-26-5799,ドラッグストア
薬王堂 五所川原石岡店,青森県五所川原市大字唐笠柳字藤巻５９２２,0173-26-5799,ドラッグストア
安田薬店,青森県東津軽郡外ヶ浜町字蟹田１１７,0174-22-2022,ドラッグストア
ハッピー・ドラッグ十和田元町西店,青森県十和田市元町西4丁目3-30,0176-58-0205,ドラッグストア
大平薬品,青森県三沢市松園町２丁目１２２,0176-53-1576,ドラッグストア
川守田薬舗,青森県三戸郡南部町大字剣吉字荒町６９,0178-75-0104,ドラッグストア
能登薬店,青森県上北郡六ヶ所村大字泊字村ノ内４１,0175-77-3112,ドラッグストア
トマト薬店,青森県八戸市大字湊町字新井田道８５,0178-31-6060,ドラッグストア
メガ柏店,青森県つがる市柏上古川八重崎７６,0173-27-5050,ドラッグストア
薬王堂五戸下中崎店,青森県三戸郡五戸町字下中崎9-2,0178-32-7871,ドラッグストア
ツルハドラッグアクロス五所川原店,青森県五所川原市唐笠柳藤巻626,0173-38-3836,ドラッグストア
ツルハドラッグアクロス五所川原店,青森県五所川原市大字唐笠柳字藤巻６２６,0173-38-3836,ドラッグストア
ツルハドラッグ 青森南佃店,青森県青森市南佃１丁目４４１,017-765-4268,ドラッグストア
ツルハドラッグ青森南佃店,青森県青森市南佃1丁目44-1,017-765-4268,ドラッグストア
ツルハドラッグ板柳福野田店,青森県北津軽郡板柳町大字福野田字実田4-15,0172-40-2340,ドラッグストア
ツルハドラッグ 板柳福野田店,青森県北津軽郡板柳町大字福野田字実田３４,0172-40-2340,ドラッグストア
ハッピードラッグ 浪打店,青森県青森市佃１丁目２０３０,017-763-0251,ドラッグストア
ハッピー・ドラッグ青森浪打店,青森県青森市佃1丁目20-30,017-763-0251,ドラッグストア
ツルハドラッグ三戸店,青森県三戸郡三戸町川守田字下比良35,0179-20-1230,ドラッグストア
ツルハドラッグ 三戸店,青森県三戸郡三戸町大字川守田字下比良１８１,0179-20-1230,ドラッグストア
中央薬店,青森県平川市新館藤山１８１,0172-44-3045,ドラッグストア
ツルハドラッグ平内店,青森県東津軽郡平内町大字小湊外ノ沢40,017-758-1041,ドラッグストア
株式会社薬王堂 黒石西ケ丘店,青森県黒石市西ケ丘３０１１,0172-26-7152,ドラッグストア
薬王堂黒石西ケ丘店,青森県黒石市西ケ丘301-1,0172-26-7152,ドラッグストア
ツルハドラッグ 八戸売市店,青森県八戸市売市２丁目１３１５,0178-72-3268,ドラッグストア
ツルハドラッグ八戸売市店,青森県八戸市売市2丁目13-15,0178-72-3268,ドラッグストア
ツルハドラッグ 板柳店,青森県北津軽郡板柳町大字灰沼字東２６３,0172-79-2065,ドラッグストア
ツルハドラッグ板柳店,青森県北津軽郡板柳町灰沼字東267-1,0172-79-2065,ドラッグストア
ツルハドラッグ野辺地店,青森県上北郡野辺地町野辺地41-1,0175-65-2268,ドラッグストア
ツルハドラッグ 野辺地店,青森県上北郡野辺地町字野辺地４０１,0175-65-2268,ドラッグストア
ハッピー・ドラッグ八戸一番町店,青森県八戸市尻内町八百刈39-2,0178-70-1288,ドラッグストア
ハッピードラッグ一番町店,青森県八戸市大字尻内町字八百刈３９２,0178-70-1288,ドラッグストア
スーパードラッグアサヒ青森西バイパス店,青森県青森市三好２丁目２２２,017-761-6222,ドラッグストア
スーパードラッグアサヒ青森西バイパス店,青森県青森市三好2丁目2-22,017-761-6222,ドラッグストア
有限会社カタクラ,青森県上北郡野辺地町字鳴沢５３２,0175-64-7474,ドラッグストア
サンドラッグ十和田東店,青森県十和田市東一番町4-13,0176-21-3361,ドラッグストア
株式会社薬王堂 つがる柏店,青森県つがる市柏下古川花崎１４２,0173-25-3322,ドラッグストア
薬王堂つがる柏店,青森県つがる市柏下古川花崎142,0173-25-3322,ドラッグストア
メガ石江店,青森県青森市石江岡部84-1,017-761-1232,ドラッグストア
ツルハドラッグ青森新城店,青森県青森市大字新城字平岡175-38,017-763-1268,ドラッグストア
ツルハドラッグ 青森新城店,青森県青森市大字新城字平岡１７５３８,017-763-1268,ドラッグストア
ハッピー・ドラッグ野辺地店,青森県上北郡野辺地町字二本木２５５,0175-65-1455,ドラッグストア
ハッピー・ドラッグ青森野辺地店,青森県上北郡野辺地町字二本木25-5,0175-65-1455,ドラッグストア
ハッピードラッグ新城店,青森県青森市大字新城字平岡２５８２５８,017-763-3356,ドラッグストア
ハッピー・ドラッグ青森新城店,青森県青森市大字新城平岡258-258,017-763-3356,ドラッグストア
ハッピー・ドラッグ平川尾上店,青森県平川市尾上栄松48-1,0172-26-5687,ドラッグストア
柏木薬店,青森県三戸郡南部町大字剣吉字大坊１３１,0178-75-0015,ドラッグストア
薬王堂むつ柳町店,青森県むつ市柳町4丁目11-51,0175-34-0728,ドラッグストア
薬王堂南部町店,青森県三戸郡南部町大字沖田面字沖中８５１,0179-34-2227,ドラッグストア
薬王堂青森南部町店,青森県三戸郡南部町沖田面字沖中85-1,0179-34-2227,ドラッグストア
株式会社薬王堂 青森五戸店,青森県三戸郡五戸町字下モ沢向１３３,0178-62-3566,ドラッグストア
薬王堂青森五戸店,青森県三戸郡五戸町字下モ沢向13-3,0178-62-3566,ドラッグストア
スーパードラッグアサヒ板柳店,青森県北津軽郡板柳町灰沼字岩井42,0172-73-3377,ドラッグストア
ハッピー・ドラッグ 勝田店,青森県青森市勝田１丁目２０１,017-762-7231,ドラッグストア
ハッピー・ドラッグ青森勝田店,青森県青森市勝田1丁目20-1,017-762-7231,ドラッグストア
ツルハドラッグむつ柳町店,青森県むつ市大字田名部前田38-1,0175-33-8522,ドラッグストア
ツルハドラッグ むつ柳町店,青森県むつ市大字田名部字前田３８１,0175-33-8522,ドラッグストア
ハッピー・ドラッグ 西金崎店,青森県十和田市西二十三番町６０１９,0176-51-3031,ドラッグストア
ハッピー・ドラッグ十和田西金崎店,青森県十和田市西二十三番町60-19,0176-51-3031,ドラッグストア
ハッピー・ドラッグ 松園町店,青森県三沢市松園町３丁目１１,0176-50-1650,ドラッグストア
ハッピー・ドラッグ三沢松園町店,青森県三沢市松園町3丁目1-1,0176-50-1650,ドラッグストア
ハッピー・ドラッグ青森六戸店,青森県上北郡六戸町犬落瀬後田52-5,0176-58-5775,ドラッグストア
ハッピー・ドラッグ 広田店,青森県五所川原市大字姥萢字船橋２４２６,0173-26-5151,ドラッグストア
ハッピー・ドラッグ五所川原広田店,青森県五所川原市姥萢船橋242-6,0173-26-5151,ドラッグストア
株式会社薬王堂青森大鰐店,青森県南津軽郡大鰐町大字蔵館字湯ノ沢２１,0172-55-8370,ドラッグストア
薬王堂青森大鰐店,青森県南津軽郡大鰐町大字蔵館字湯ノ沢2-1,0172-55-8370,ドラッグストア
スーパードラッグアサヒ黒石富士見店,青森県黒石市富士見103-3,0172-55-5258,ドラッグストア
株式会社薬王堂 八戸尻内店,青森県八戸市大字尻内町字直田１１３,0178-23-5508,ドラッグストア
薬王堂八戸尻内店,青森県八戸市尻内町字直田11-3,0178-23-5508,ドラッグストア
ツルハドラッグ青森桜川店,青森県青森市桜川7丁目5-10,017-765-4453,ドラッグストア
ツルハドラッグ 青森桜川店,青森県青森市桜川７丁目６４９１,017-765-4453,ドラッグストア
なかじま薬店,青森県八戸市大字新井田字小久保尻１６４７,0178-25-1456,ドラッグストア
ハッピー・ドラッグ三沢堀口店,青森県三沢市堀口3丁目1-5,0176-53-7742,ドラッグストア
ハッピードラッグ三沢店,青森県三沢市堀口３丁目１５,0176-53-7742,ドラッグストア
ハッピー・ドラッグ 大畑店,青森県むつ市大畑町中島３９１６,0175-45-3077,ドラッグストア
ハッピー・ドラッグむつ大畑店,青森県むつ市大畑町中島39-26,0175-45-3077,ドラッグストア
ハッピー・ドラッグ青森板柳店,青森県北津軽郡板柳町福野田実田23-1,0172-55-9123,ドラッグストア
ハッピー・ドラッグ 板柳店,青森県北津軽郡板柳町大字福野田字実田２３１,0172-55-9123,ドラッグストア
第一中央薬店,青森県上北郡七戸町字倉越１３２,0176-62-2033,ドラッグストア
薬王堂青森上北店,青森県上北郡東北町旭南2丁目324-1,0176-56-4388,ドラッグストア
薬王堂 青森・上北店,青森県上北郡東北町旭南２丁目３２４１,0176-56-4388,ドラッグストア
ハッピー・ドラッグ とまぶモール店,青森県むつ市金曲１丁目２４,0175-34-9160,ドラッグストア
ハッピー・ドラッグむつとまぶモール店,青森県むつ市金曲1丁目2-4,0175-34-9160,ドラッグストア
ハッピー・ドラッグ青森油川店,青森県青森市油川字浪返102-1,017-763-0107,ドラッグストア
株式会社薬王堂 八戸田向店,青森県八戸市田向２丁目１２３,0178-45-8900,ドラッグストア
薬王堂八戸田向店,青森県八戸市田向2丁目1-23,0178-45-8900,ドラッグストア
渡部薬店,青森県三戸郡田子町大字田子字田子１８,0179-32-2063,ドラッグストア
薬王堂青森中泊店,青森県北津軽郡中泊町大字中里字紅葉坂168-5,0173-23-0212,ドラッグストア
株式会社薬王堂 青森中泊店,青森県北津軽郡中泊町大字中里字紅葉坂１６８５,0173-23-0212,ドラッグストア
藤本薬店,青森県黒石市大字山形町１０１,0172-52-2772,ドラッグストア
薬王堂青森六戸店,青森県上北郡六戸町大字犬落瀬前谷地23,0176-55-3371,ドラッグストア
株式会社薬王堂 青森六戸店,青森県上北郡六戸町大字犬落瀬字前谷地２３,0176-55-3371,ドラッグストア
ハッピー・ドラッグ るいけ店,青森県八戸市南類家３丁目２１４,0178-38-7211,ドラッグストア
ハッピー・ドラッグ八戸類家店,青森県八戸市南類家3丁目2-14,0178-47-4040,ドラッグストア
株式会社薬王堂 八戸河原木店,青森県八戸市大字河原木字二階堀５１,0178-20-8588,ドラッグストア
薬王堂八戸河原木店,青森県八戸市大字河原木字二階堀5-1,0178-20-8588,ドラッグストア
ツルハドラッグ八戸諏訪店,青森県八戸市諏訪3丁目3-20,0178-71-4268,ドラッグストア
ツルハドラッグ 八戸諏訪店,青森県八戸市諏訪３丁目３１７,0178-71-4268,ドラッグストア
メガ勝田店,青森県青森市勝田2丁目20-1,017-721-2400,ドラッグストア
くろいし駅前薬店,青森県黒石市ぐみの木１丁目２４０,0172-52-6350,ドラッグストア
薬王堂黒石富士見店,青森県黒石市富士見118,0172-52-2241,ドラッグストア
薬王堂黒石富士見店,青森県黒石市富士見１１８,0172-52-2241,ドラッグストア
薬王堂十和田東店,青森県十和田市東十三番町18-3,0176-25-8208,ドラッグストア
薬王堂十和田東店,青森県十和田市東十三番町１８３,0176-25-8208,ドラッグストア
薬王堂青森野辺地店,青森県上北郡野辺地町字上前田７１,0175-64-2003,ドラッグストア
薬王堂青森野辺地店,青森県上北郡野辺地町上前田7-1,0175-64-2003,ドラッグストア
薬王堂平川大光寺店,青森県平川市大光寺三村井70-3,0172-26-8891,ドラッグストア
薬王堂 平川大光寺店,青森県平川市大光寺三村井７０３,0172-26-8891,ドラッグストア
ハッピー・ドラッグ青森おいらせ店,青森県上北郡おいらせ町字牛込平80-1,0178-20-0277,ドラッグストア
ハッピー・ドラッグ おいらせ店,青森県上北郡おいらせ町牛込平７２１,0178-20-0277,ドラッグストア
ハッピー・ドラッグ青森藤崎店,青森県南津軽郡藤崎町葛野新岡元109,0172-40-2051,ドラッグストア
ハッピー・ドラッグ 根城店,青森県八戸市根城２丁目２６２７,0178-38-3266,ドラッグストア
薬王堂青森天間林店,青森県上北郡七戸町字森ノ上130-44,0176-51-0231,ドラッグストア
薬王堂 青森天間林店,青森県上北郡七戸町字森ノ上１３０４４,0176-51-0231,ドラッグストア
スーパードラッグアサヒエルム店,青森県五所川原市唐笠柳藤巻517-1,0173-33-6263,ドラッグストア
ハッピー・ドラッグ やえだ店,青森県青森市東造道３丁目１５１,017-736-5127,ドラッグストア
ハッピー・ドラッグ青森やえだ店,青森県青森市東造道3丁目15-1,017-736-5127,ドラッグストア
ツルハドラッグ 青森浜田店,青森県青森市大字浜田字玉川２５１２,017-762-3268,ドラッグストア
ツルハドラッグ青森浜田店,青森県青森市大字浜田字玉川251-2,017-762-3268,ドラッグストア
ツルハドラッグ 青森原別店,青森県青森市原別１丁目１６１３４,017-736-2680,ドラッグストア
ツルハドラッグ青森原別店,青森県青森市原別1丁目1-33,017-736-2680,ドラッグストア
サンドラッグ岡三沢店,青森県三沢市岡三沢2丁目1-5,0176-51-3521,ドラッグストア
ツルハドラッグ 八戸市民病院前店,青森県八戸市田向３丁目２１９,0178-73-2681,ドラッグストア
ツルハドラッグ八戸市民病院前店,青森県八戸市田向3丁目2-19,0178-73-2681,ドラッグストア
ハッピー・ドラッグ八戸田向店,青森県八戸市田向2丁目12-8,0178-73-8228,ドラッグストア
ハッピー・ドラッグ 三戸店,青森県三戸郡三戸町大字同心町字古間木平１１,0179-23-0131,ドラッグストア
ハッピー・ドラッグ青森三戸店,青森県三戸郡三戸町大字同心町字古間木平1-1,0179-23-0131,ドラッグストア
ハッピー・ドラッグ八戸下長店,青森県八戸市下長3丁目13-7,0178-32-7883,ドラッグストア
ハッピー・ドラッグ 下長店,青森県八戸市下長３丁目１３８,0178-32-7883,ドラッグストア
ハッピー・ドラッグ青森佃店,青森県青森市中佃3丁目7-13,017-765-6780,ドラッグストア
ハッピー・ドラッグ 佃店,青森県青森市中佃３丁目７１３,017-765-6780,ドラッグストア
薬王堂十和田稲吉店,青森県十和田市東十四番町43-8-2,0176-58-7718,ドラッグストア
いわや薬品 エルムの街店,青森県五所川原市大字唐笠柳字藤巻５１７,0173-33-6742,ドラッグストア
ハッピードラッグ類家中央店,青森県八戸市類家４丁目４１５,0178-72-1175,ドラッグストア
ハッピー・ドラッグ八戸類家中央店,青森県八戸市類家4丁目41-5,0178-72-1175,ドラッグストア
メガ 観光通店,青森県青森市青葉３丁目６６,017-762-1616,ドラッグストア
ツルハドラッグ 青森ガーラ店,青森県青森市三好２丁目３１６,017-718-0103,ドラッグストア
ツルハドラッグ青森ガーラ店,青森県青森市三好2丁目3-16,017-718-0103,ドラッグストア
スーパードラッグアサヒ青森佃店,青森県青森市佃３丁目５３３,017-743-7431,ドラッグストア
スーパードラッグアサヒ青森佃店,青森県青森市佃3丁目5-33,017-743-7431,ドラッグストア
スーパードラッグアサヒむつ店,青森県むつ市中央１丁目１４９,0175-28-2340,ドラッグストア
スーパードラッグアサヒむつ店,青森県むつ市中央1丁目149,0175-28-2340,ドラッグストア
小田切薬店,青森県平川市南田中村内９８２,0172-57-2118,ドラッグストア
ドラッグ・ユー東青森店,青森県青森市田屋敷字増田16-2,017-765-7106,ドラッグストア
ツルハドラッグ 十和田店,青森県十和田市西十二番町１５２６,0176-21-3268,ドラッグストア
さわい薬店,青森県上北郡東北町字上笹橋２１４８,0175-63-3526,ドラッグストア
さわい化粧品店,青森県上北郡東北町字上笹橋２１４８,0175-63-3526,ドラッグストア
ツルハドラッグ八戸江陽店,青森県八戸市江陽2丁目13-40,0178-72-1288,ドラッグストア
薬王堂五所川原石岡店,青森県五所川原市大字唐笠柳字藤巻592-2,0173-26-5799,ドラッグストア
薬王堂 五所川原石岡店,青森県五所川原市大字唐笠柳字藤巻５９２２,0173-26-5799,ドラッグストア
安田薬店,青森県東津軽郡外ヶ浜町字蟹田１１７,0174-22-2022,ドラッグストア
ハッピー・ドラッグ十和田元町西店,青森県十和田市元町西4丁目3-30,0176-58-0205,ドラッグストア
大平薬品,青森県三沢市松園町２丁目１２２,0176-53-1576,ドラッグストア
川守田薬舗,青森県三戸郡南部町大字剣吉字荒町６９,0178-75-0104,ドラッグストア
能登薬店,青森県上北郡六ヶ所村大字泊字村ノ内４１,0175-77-3112,ドラッグストア
トマト薬店,青森県八戸市大字湊町字新井田道８５,0178-31-6060,ドラッグストア
メガ柏店,青森県つがる市柏上古川八重崎７６,0173-27-5050,ドラッグストア
薬王堂五戸下中崎店,青森県三戸郡五戸町字下中崎9-2,0178-32-7871,ドラッグストア
ツルハドラッグアクロス五所川原店,青森県五所川原市唐笠柳藤巻626,0173-38-3836,ドラッグストア
ツルハドラッグアクロス五所川原店,青森県五所川原市大字唐笠柳字藤巻６２６,0173-38-3836,ドラッグストア
ハッピー・ドラッグ青森大間店,青森県下北郡大間町大字大間字奥戸上道17-1,0175-32-1377,ドラッグストア
ハッピー・ドラッグ大間店,青森県下北郡大間町大字大間字奥戸上道１７１,0175-32-1377,ドラッグストア
ハッピー・ドラッグ 三内店,青森県青森市大字三内字玉作２７２,017-782-8060,ドラッグストア
ハッピー・ドラッグ青森三内店,青森県青森市三内玉作2-72,017-782-8060,ドラッグストア
松井薬店,青森県平川市尾上栄松２９,0172-57-2220,ドラッグストア
ドラッグ・ユー筒井店,青森県青森市筒井字八ツ橋73-1,017-738-8586,ドラッグストア
ハッピー・ドラッグ 西大野店,青森県青森市西大野３丁目１３８,017-757-8139,ドラッグストア
スーパードラッグアサヒ藤崎店,青森県南津軽郡藤崎町西豊田3丁目1-25,0172-89-7111,ドラッグストア
スーパードラッグアサヒ藤崎店,青森県南津軽郡藤崎町大字西豊田３丁目１２５,0172-89-7111,ドラッグストア
ツルハドラッグ十和田南店,青森県十和田市東四番町4-30,0176-21-1268,ドラッグストア
ハッピードラッグ上北町店,青森県上北郡東北町旭北１丁目３１６,0176-58-2123,ドラッグストア
ハッピー・ドラッグ青森上北町店,青森県上北郡東北町旭北1丁目3-16,0176-58-2123,ドラッグストア
ツルハドラッグ十和田中央店,青森県十和田市稲生町13-39,0176-51-6552,ドラッグストア
ツルハドラッグ 十和田中央店,青森県十和田市稲生町１３５,0176-51-6552,ドラッグストア
薬王堂岡三沢店,青森県三沢市東岡三沢一丁目80-3,0176-51-3751,ドラッグストア
株式会社薬王堂 岡三沢店,青森県三沢市東岡三沢１丁目８０３,0176-51-3751,ドラッグストア
ハッピー・ドラッグつがる森田店,青森県つがる市森田町山田渕浪90,0173-26-6161,ドラッグストア
ハッピードラッグつがる 森田店,青森県つがる市森田町山田渕浪９０,0173-26-6161,ドラッグストア
小笠原薬店,青森県八戸市大字河原木字五反田１９１,0178-28-4439,ドラッグストア
大久保・薬舗,青森県八戸市長苗代３丁目２１１２,0178-28-4380,ドラッグストア
ツルハドラッグ 八戸大杉平店,青森県八戸市根城２丁目２６,0178-32-6740,ドラッグストア
ツルハドラッグ八戸大杉平店,青森県八戸市根城2丁目2-6,0178-32-6740,ドラッグストア
ツルハドラッグ むつ小川店,青森県むつ市小川町１丁目１０４１,0175-33-9268,ドラッグストア
ツルハドラッグむつ小川店,青森県むつ市小川町1丁目104-1,0175-33-9268,ドラッグストア
株式会社薬王堂 五所川原金木店,青森県五所川原市金木町玉水１７８８,0173-23-0336,ドラッグストア
薬王堂五所川原金木店,青森県五所川原市金木町玉水178-8,0173-23-0336,ドラッグストア
薬王堂つがる稲垣店,青森県つがる市稲垣町沼崎船橋1-80,0173-26-1320,ドラッグストア
株式会社薬王堂 つがる稲垣店,青森県つがる市稲垣町沼崎船橋１８０,0173-26-1320,ドラッグストア
調剤薬局ツルハドラッグむつ店,青森県むつ市小川町1丁目9-31,0175-28-2680,ドラッグストア
太田薬,青森県つがる市木造千代町５６２,0173-42-2018,ドラッグストア
ツルハドラッグ五所川原本町店,青森県五所川原市字本町25-2,0173-38-3555,ドラッグストア
ツルハドラッグ 五所川原本町店,青森県五所川原市字本町２５,0173-38-3555,ドラッグストア
みやした薬店,青森県むつ市昭和町１９１４,0175-22-2475,ドラッグストア
ツルハドラッグ 平賀店,青森県平川市小和森上松岡２１６,0172-43-1120,ドラッグストア
ツルハドラッグ平賀店,青森県平川市小和森上松岡216,0172-43-1120,ドラッグストア
ツルハドラッグ 大野店,青森県青森市金沢３丁目１２２１,017-718-5328,ドラッグストア
健康堂,青森県むつ市大湊新町３１０,0175-24-2536,ドラッグストア
メガ黒石店,青森県黒石市ちとせ3丁目2,0172-52-9887,ドラッグストア
薬王堂青森乙供店,青森県上北郡東北町字上笹橋37-8,0175-63-3552,ドラッグストア
薬王堂 青森・乙供店,青森県上北郡東北町字上笹橋３７８,0175-63-3552,ドラッグストア
ハッピー・ドラッグ 八戸旭ヶ丘店,青森県八戸市大字新井田字小久保尻１６１２７,0178-38-5036,ドラッグストア
ハッピー・ドラッグ八戸旭ヶ丘店,青森県八戸市新井田字小久保尻16-127,0178-38-5036,ドラッグストア
ハッピードラッグ 岡三沢店,青森県三沢市下久保１丁目１３,0176-27-6625,ドラッグストア
ハッピー・ドラッグ三沢岡三沢店,青森県三沢市下久保1丁目1-3,0176-27-6625,ドラッグストア
ハッピー・ドラッグ 鶴田店,青森県北津軽郡鶴田町大字鶴田字沖津４７１,0173-26-5131,ドラッグストア
ハッピー・ドラッグ青森鶴田店,青森県北津軽郡鶴田町鶴田沖津47-1,0173-26-5131,ドラッグストア
ハッピー・ドラッグ五所川原松島店,青森県五所川原市一ツ谷548-1,0173-23-5886,ドラッグストア
ハッピー・ドラッグ 五所川原松島店,青森県五所川原市字一ツ谷５４８１,0173-23-5886,ドラッグストア
ハッピードラッグ大町店,青森県八戸市小中野４丁目１４７,0178-71-2280,ドラッグストア
ハッピー・ドラッグ八戸小中野店,青森県八戸市小中野4丁目1-47,0178-71-2280,ドラッグストア
ハッピードラッグのぎわ店,青森県青森市大字羽白字沢田３０６１,017-763-2250,ドラッグストア
ハッピー・ドラッグ青森のぎわ店,青森県青森市羽白字沢田306-1,017-763-2250,ドラッグストア
薬マツモトキヨシ ラピア八戸店,青森県八戸市江陽２丁目１４１,0178-71-2116,ドラッグストア
マツモトキヨシラピア八戸店,青森県八戸市江陽2丁目14-1,0178-71-2116,ドラッグストア
ハッピー・ドラッグ青森松原店,青森県青森市松原3丁目13-21,017-723-0800,ドラッグストア
ハッピー・ドラッグ 松原店,青森県青森市松原３丁目１３２１,017-723-0800,ドラッグストア
ハッピー・ドラッグ青森浪岡店,青森県青森市浪岡大字浪岡若松124-1,0172-69-3955,ドラッグストア
ハッピー・ドラッグ奥野店,青森県青森市奥野２丁目２６１０,017-752-1235,ドラッグストア
ハッピー・ドラッグ青森奥野店,青森県青森市奥野2丁目26-10,017-752-1235,ドラッグストア
サンドラッグ八戸青葉店,青森県八戸市青葉2丁目16-5,0178-85-9889,ドラッグストア
薬王堂おいらせモール店,青森県上北郡おいらせ町緑ヶ丘１丁目５０２,0176-57-5122,ドラッグストア
薬王堂おいらせモール店,青森県上北郡おいらせ町緑ヶ丘1丁目50-2,0176-57-5122,ドラッグストア
株式会社薬王堂 八戸ニュータウン店,青森県八戸市西白山台４丁目６１,0178-23-3171,ドラッグストア
薬王堂八戸ニュータウン店,青森県八戸市西白山台4丁目6-1,0178-23-3171,ドラッグストア
ハッピー・ドラッグ青森八重田SC店,青森県青森市造道3-25-1,017-718-0612,ドラッグストア
ハッピー・ドラッグ 八重田SC店,青森県青森市造道３丁目２５１,017-718-0612,ドラッグストア
薬王堂八戸新井田店,青森県八戸市新井田西1丁目1-3,0178-25-0336,ドラッグストア
株式会社薬王堂 八戸新井田店,青森県八戸市新井田西１丁目１３,0178-25-0336,ドラッグストア
グリーン薬店,青森県むつ市若松町５４３,0175-23-3698,ドラッグストア
スーパードラッグアサヒ野辺地店,青森県上北郡野辺地町字二本木46-1,0175-64-1188,ドラッグストア
スーパードラッグアサヒ野辺地店,青森県上北郡野辺地町字二本木４６１,0175-64-1188,ドラッグストア
スーパードラッグアサヒ八戸店,青森県八戸市下長2丁目1-12,0178-28-8979,ドラッグストア
スーパードラッグアサヒ青森店,青森県青森市浜館2丁目4-8,017-744-6622,ドラッグストア
スーパードラッグアサヒ青森浜館店,青森県青森市浜館２丁目４８,017-744-6622,ドラッグストア
まごころ薬局,青森県八戸市類家１丁目３４,0178-72-4777,ドラッグストア
株式会社薬王堂 青森鶴田店,青森県北津軽郡鶴田町大字鶴田字早瀬１１９２,0173-23-0616,ドラッグストア
薬王堂青森鶴田店,青森県北津軽郡鶴田町大字鶴田字早瀬119-2,0173-23-0616,ドラッグストア
ササキ・ドラッグ,青森県三戸郡南部町大字上名久井字中町１７３,0178-76-3911,ドラッグストア
美生堂薬店,青森県むつ市川内町川内１３４,0175-42-2430,ドラッグストア
薬王堂平川柏木店,青森県平川市柏木町藤山13-10,0172-26-6731,ドラッグストア
薬王堂 平川柏木店,青森県平川市柏木町藤山１３１０,0172-26-6731,ドラッグストア
ツルハドラッグ三沢南町店,青森県三沢市南町2丁目31-161,0176-51-8268,ドラッグストア
ツルハドラッグ 三沢南町店,青森県三沢市南町２丁目３１１６１,0176-51-8268,ドラッグストア
ハッピードラッグ苫生店,青森県むつ市新町４４１１,0175-33-3411,ドラッグストア
ハッピー・ドラッグむつ苫生店,青森県むつ市新町44-11,0175-33-3411,ドラッグストア
ツルハドラッグ青森港町店,青森県青森市港町3丁目6-24,017-742-0268,ドラッグストア
ツルハドラッグ 青森港町店,青森県青森市港町３丁目６２４,017-742-0268,ドラッグストア
薬王堂 上北北店,青森県上北郡東北町上北北２丁目３３１９７,0176-27-5331,ドラッグストア
薬王堂上北北店,青森県上北郡東北町上北北2丁目33-197,0176-27-5331,ドラッグストア
株式会社薬王堂むつ中央店,青森県むつ市中央２丁目１９１１,0175-31-1355,ドラッグストア
薬王堂むつ中央店,青森県むつ市中央2丁目19-11,0175-31-1355,ドラッグストア
今薬店,青森県むつ市大湊浜町１３１０,0175-24-1041,ドラッグストア
メガ東青森店,青森県青森市東造道3丁目4-1,017-736-8808,ドラッグストア
ハッピー・ドラッグ青森沖館店,青森県青森市柳川2丁目4-22,017-761-6555,ドラッグストア
ハッピードラッグ沖館店,青森県青森市柳川２丁目４２２,017-761-6555,ドラッグストア
森田薬店,青森県つがる市森田町床舞緑野２１,0173-26-2046,ドラッグストア
ツルハドラッグ つがる木造店,青森県つがる市木造朝日１１１,,ドラッグストア
ツルハドラッグつがる木造店,青森県つがる市木造朝日11-1,0173-23-3123,ドラッグストア
薬王堂むつ大畑店,青森県むつ市大畑町松ノ木160-1,0175-33-2270,ドラッグストア
株式会社薬王堂 むつ大畑店,青森県むつ市大畑町松ノ木１６０１,0175-33-2270,ドラッグストア
薬局おきだて,青森県青森市緑3丁目9-2,017-776-2250,ドラッグストア
三浦薬店,青森県平川市高木原富５０２,0172-57-2285,ドラッグストア
ハッピー・ドラッグ青森平内店,青森県東津軽郡平内町小湊字新道27-1,017-718-4530,ドラッグストア
薬王堂 むつ大平店,青森県むつ市大平町６１,0175-33-4430,ドラッグストア
薬王堂むつ大平店,青森県むつ市大平町6-1,0175-33-4430,ドラッグストア
ハッピードラッグ階上店,青森県三戸郡階上町大字道仏字耳ケ吠３３４４,0178-80-1788,ドラッグストア
ハッピー・ドラッグ青森階上店,青森県三戸郡階上町道仏字耳ケ吠33-44,0178-80-1788,ドラッグストア
鈴木薬店,青森県上北郡六ヶ所村大字泊字村ノ内２１７６,0175-77-2036,ドラッグストア
ツルハドラッグ むつ旭町店,青森県むつ市旭町３１２,0175-31-0650,ドラッグストア
ツルハドラッグ 黒石一番町店,青森県黒石市一番町１８９,0172-55-0821,ドラッグストア
ツルハドラッグ黒石一番町店,青森県黒石市一番町189,0172-55-0821,ドラッグストア
ハッピー・ドラッグ青森鰺ヶ沢店,青森県西津軽郡鰺ヶ沢町大字舞戸町字下富田58-1,0173-82-1128,ドラッグストア
ハッピー・ドラッグ鯵ヶ沢店,青森県西津軽郡鰺ヶ沢町大字舞戸町字下富田５８１,0173-82-1128,ドラッグストア
ツルハドラッグ 青森富田店,青森県青森市富田３丁目２３５１４,017-761-6268,ドラッグストア
ツルハドラッグ青森富田店,青森県青森市富田3丁目9-1,017-761-6268,ドラッグストア
ツルハドラッグ五所川原店,青森県五所川原市唐笠柳藤巻517-7,0173-38-5191,ドラッグストア
ツルハドラッグ五所川原店,青森県五所川原市大字唐笠柳字藤巻５１７７,0173-38-5191,ドラッグストア
みますや,青森県上北郡おいらせ町上明堂１０５２,0178-52-3077,ドラッグストア
ツルハドラッグ 鰺ヶ沢店,青森県西津軽郡鰺ヶ沢町大字舞戸町字久富１７,0173-82-0226,ドラッグストア
ツルハドラッグ鰺ヶ沢店,青森県西津軽郡鰺ヶ沢町大字舞戸町久富17-8,0173-82-0226,ドラッグストア
ハッピー・ドラッグ八戸売市店,青森県八戸市根城9丁目5-3,0178-32-7736,ドラッグストア
スーパードラッグアサヒ類家店,青森県八戸市類家4丁目22-13,0178-45-7800,ドラッグストア
ハッピー・ドラッグ八戸吹上店,青森県八戸市吹上2丁目16-22,0178-38-0533,ドラッグストア
ハッピー・ドラッグ青森南佃店,青森県青森市南佃2丁目7-10,017-763-4415,ドラッグストア
ハッピードラッグ 南佃店,青森県青森市南佃２丁目７６,017-763-4415,ドラッグストア
ハッピードラック五戸店,青森県三戸郡五戸町字中道８１,0178-61-0255,ドラッグストア
ハッピー・ドラッグ青森五戸店,青森県三戸郡五戸町中道8-1,0178-61-0255,ドラッグストア
ハッピー・ドラッグ青森中里店,青森県北津軽郡中泊町大字中里字紅葉坂159-1,0173-26-5639,ドラッグストア
薬王堂むつ横迎町店,青森県むつ市横迎町1丁目11-45,0175-33-2860,ドラッグストア
薬王堂青森階上店,青森県三戸郡階上町大字道仏字耳ケ吠６２６９,0178-88-1266,ドラッグストア
薬王堂青森階上店,青森県三戸郡階上町大字道仏耳ケ吠6-269,0178-88-1266,ドラッグストア
ハッピー・ドラッグ青森蟹田店,青森県東津軽郡外ヶ浜町蟹田中師火箱沢29-3,0174-31-0260,ドラッグストア
ハッピー・ドラッグ 蟹田店,青森県東津軽郡外ヶ浜町字蟹田中師火箱沢２９３,0174-31-0260,ドラッグストア
スーパードラッグアサヒ黒石バイパス店,青森県黒石市追子野木1丁目571-1,0172-59-1267,ドラッグストア
沖館薬店,青森県青森市柳川2丁目4-19,017-781-7077,ドラッグストア
ハッピー・ドラッグ おいらせ青葉店,青森県上北郡おいらせ町青葉５丁目５０１４８６,0176-58-0550,ドラッグストア
ハッピー・ドラッグ青森おいらせ青葉店,青森県上北郡おいらせ町青葉5丁目50-1486,0176-58-0550,ドラッグストア
株式会社富士薬品 弘前営業所,青森県弘前市大字神田４丁目１６,0172-34-1606,ドラッグストア
江川医薬配置販売店,青森県弘前市大字富野町１８２３,0172-33-3881,ドラッグストア
株式会社富士薬品 弘前営業所,青森県弘前市大字神田４丁目１６,0172-34-1606,ドラッグストア
株式会社弘前保険企画,青森県弘前市大字稔町２３１４,0172-34-5917,ドラッグストア
丸五健康堂薬店,青森県弘前市大字和徳町３５,0172-32-1754,ドラッグストア
ボニー薬品株式会社,青森県弘前市大字城東１丁目１０１４,0120-558-062,ドラッグストア
有限会社五十嵐薬品商会 弘前店,青森県弘前市大字富田１丁目７１,0172-33-4898,ドラッグストア
株式会社大心中井薬品本社,青森県弘前市大字宮川１丁目２１０,0172-35-0005,ドラッグストア
株式会社中井薬品 本社,青森県弘前市大字宮川１丁目２１０,0172-35-0005,ドラッグストア
あかねドラック,青森県三戸郡南部町大字福田字あかね２１５８,0178-84-2677,ドラッグストア
マルト薬品,青森県東津軽郡平内町大字福館字雷電林１１４,017-755-4530,ドラッグストア
株式会社富士薬品 むつ営業所,青森県むつ市大字田名部字前田６１１,0175-23-6520,ドラッグストア
株式会社富士薬品 青森営業所,青森県青森市第二問屋町４丁目６１９,017-729-8385,ドラッグストア
株式会社大心中井薬品 むつ店,青森県むつ市大字田名部字赤川１７５,0175-22-7700,ドラッグストア
株式会社大心中井薬品 八戸店,青森県八戸市田向５丁目２１４,0178-71-8208,ドラッグストア
奥井薬品有限会社,青森県八戸市石堂１丁目３０１２,0178-28-5572,ドラッグストア
東北スパーク薬品株式会社,青森県五所川原市字鎌谷町５２４１９,0173-35-1745,ドラッグストア
株式会社大心中井薬品 五所川原店,青森県五所川原市大字七ツ館字虫流８５１,0173-28-2001,ドラッグストア
株式会社中井薬品 五所川原店,青森県五所川原市大字七ツ館字虫流８５１,0173-28-2001,ドラッグストア
スーパーシティアサヒ十和田店,青森県十和田市大字相坂字白上２４８１４,0176-21-5270,ドラッグストア
大町薬店,青森県三沢市大町２丁目２１９,0176-53-3377,ドラッグストア
北山漢方薬店,青森県平川市本町平野５０１１,0172-44-2309,ドラッグストア
株式会社中井薬品 青森店,青森県青森市大字大野字山下８２１４,017-739-5171,ドラッグストア
株式会社大心中井薬品 青森店,青森県青森市大字大野字山下８２１４,017-739-5171,ドラッグストア
株式会社富士薬品 八戸営業所,青森県八戸市八太郎６丁目３６,0178-29-3825,ドラッグストア
くすりのキリン堂,青森県青森市大字新城字平岡１８１,017-788-0038,漢方
スーパーシティアサヒビードルプラザ店,青森県三沢市松園町３丁目１０１,0176-52-5025,ドラッグストア
佐々木薬品,青森県八戸市湊高台６丁目４９,0178-31-0405,ドラッグストア
モチノキ薬品株式会社 青森営業所,青森県青森市大字浜館字見取２６１２,017-715-5440,ドラッグストア
大橋薬店,青森県五所川原市金木町朝日山４６７４,0173-53-2050,ドラッグストア
有限会社浪打薬店,青森県青森市花園２丁目３８６,017-741-6164,ドラッグストア
株式会社広田薬品 八戸営業所,青森県八戸市下長１丁目６２３,0178-28-7225,ドラッグストア
有限会社高島進盛堂薬品,青森県むつ市上川町７４,0175-22-8023,ドラッグストア
ドラッグ・ユー 東青森店,青森県青森市大字田屋敷字増田１６２,017-765-7106,ドラッグストア
サンロード青森1F コスメティックステーションオキダテ,青森県青森市緑３丁目９２,017-777-7677,ドラッグストア
コスメティックステーションオキダテ,青森県青森市緑３丁目９２,017-777-7677,ドラッグストア
いわや薬品 新町本店,青森県五所川原市字新町７４,0173-34-3939,ドラッグストア
ドラッグ・ユー筒井店,青森県青森市大字筒井字八ツ橋７３１,017-738-8586,ドラッグストア
株式会社ヨネザワ 本社,青森県下北郡大間町大字大間字中山２５８,0175-37-3000,ドラッグストア
株式会社ヨネザワ 配送部,青森県下北郡大間町大字大間字中山２５８,0175-37-3000,ドラッグストア
有限会社ナカエー,青森県八戸市長根１丁目６５,0178-43-9431,ドラッグストア
スーパードラッグアサヒ調剤薬局 富田店,青森県弘前市大字富田３丁目６６,0172-55-8510,ドラッグストア
マエダ調剤薬局浜の町店,青森県弘前市大字浜の町西２丁目１２,0172-37-2124,ドラッグストア
メガ調剤薬局 富田店,青森県弘前市大字富田３丁目７８,0172-88-7670,ドラッグストア
みやぞの薬局,青森県弘前市大字宮園５丁目３３１,0172-34-8907,ドラッグストア
株式会社SKG,青森県弘前市大字取上２丁目３１４,0172-34-8660,ドラッグストア
ツルハ 調剤薬局弘前外崎店,青森県弘前市大字外崎３丁目５１,0172-40-2399,薬局
M’s安原調剤薬局,青森県弘前市大字安原１丁目２１,0172-55-7657,ドラッグストア
さいとう調剤薬局大町店,青森県弘前市大字大町１丁目１４５,0172-31-2251,ドラッグストア
ミツワ薬局中央通り店,青森県弘前市大字徳田町６,0172-36-0808,ドラッグストア
そうごう薬局 桔梗野店,青森県弘前市大字桔梗野２丁目１３２３,0172-55-7266,薬局
ミツワ薬局田町店,青森県弘前市大字田町５丁目６８,0172-31-7221,ドラッグストア
あずまし薬局 早稲田ドライブスルー店,青森県弘前市大字早稲田２丁目７４,0172-88-5759,ドラッグストア
あおぞら薬局南城西店,青森県弘前市大字南城西２丁目５１５,0172-35-9413,ドラッグストア
テンダー2,青森県弘前市大字賀田２丁目４５,0172-82-4110,ドラッグストア
ヘルシークラブひまわり薬局,青森県青森市古川１丁目２１１４,017-777-0099,ドラッグストア
やぎはし調剤薬局,青森県弘前市大字東長町５９,0172-38-6170,ドラッグストア
すずらん調剤薬局 松原東店,青森県弘前市大字松原東２丁目５２６,0172-55-8841,ドラッグストア
フタバ薬局,青森県八戸市大字三日町３７,0178-22-0622,ドラッグストア
さいとう調剤薬局品川町店,青森県弘前市大字品川町３７３,0172-36-0765,ドラッグストア
有限会社斎藤調剤薬局,青森県弘前市大字品川町３７３,0172-36-0765,ドラッグストア
石舘薬局,青森県青森市新町１丁目１３１,017-723-2801,薬局
ニコニコ薬局,青森県八戸市大字本鍛冶町２６,0178-73-6628,ドラッグストア
アイン薬局弘前本町店,青森県弘前市大字本町４８１,0172-39-1571,薬局
サン調剤薬局 富野町店,青森県弘前市大字富野町１２６,0172-37-6677,ドラッグストア
すずらん調剤薬局 三岳店,青森県弘前市大字三岳町６３１,0172-55-7195,ドラッグストア
佐々木薬局,青森県青森市中央２丁目１３１４,017-734-1617,ドラッグストア
タイキ・ファーマシー 高田店,青森県弘前市大字高田５丁目２１５,0172-88-8448,ドラッグストア
弘前調剤センター,青森県弘前市大字北横町１９１,0172-37-6016,ドラッグストア
アサヒオリジナル調剤薬局,青森県弘前市大字宮川１丁目２２,0172-88-8694,ドラッグストア
りんごのき薬局 本町店,青森県弘前市大字本町５０１,0172-88-7431,ドラッグストア
ハッピードラッグ 弘前城東店,青森県弘前市大字田園３丁目５１２,0172-26-6575,ドラッグストア
ひまわり薬局弘大病院前,青森県弘前市大字本町５６９,0172-31-1588,ドラッグストア
なの花薬局 内丸店,青森県八戸市内丸３丁目５３７,0178-32-7571,薬局
あけぼの薬局 中央店,青森県青森市中央３丁目９８,017-777-2911,ドラッグストア
大開調剤薬局,青森県弘前市大字大開１丁目５１,0172-87-6776,ドラッグストア
ツルハ 調剤薬局弘前駅前店,青森県弘前市大字駅前２丁目６１,0172-31-5111,薬局
緑の森薬局山王町,青森県弘前市大字山王町３５,0172-37-3007,ドラッグストア
テック調剤薬局 松森町店,青森県弘前市大字松森町１０３,0172-55-5155,ドラッグストア
株式会社ファルマ,青森県弘前市大字北横町１９１,0172-37-6016,ドラッグストア
サカエ薬局笹森,青森県弘前市大字笹森町３７２１,0172-35-0544,ドラッグストア
メディカルサポート調剤薬局,青森県弘前市大字百石町３７４,0172-31-1086,ドラッグストア
株式会社KSCふくろう薬局,青森県弘前市大字代官町５７１,0172-31-1988,ドラッグストア
こがわ薬局,青森県弘前市大字本町５１,0172-36-3355,ドラッグストア
しまなか薬局,青森県青森市長島３丁目４９,017-732-2311,ドラッグストア
すずらん調剤薬局 桔梗野店,青森県弘前市大字桔梗野１丁目３４,0172-55-5533,ドラッグストア
サカエ薬局中央,青森県弘前市大字新鍛冶町２４,0172-35-0505,ドラッグストア
なないろ調剤薬局,青森県弘前市大字駅前町１３１,0172-31-2228,ドラッグストア
サン調剤薬局安原店,青森県弘前市大字安原２丁目１３５,0172-55-6652,ドラッグストア
サン調剤薬局 安原店,青森県弘前市大字安原２丁目１３５,0172-55-6652,ドラッグストア
磯木調剤薬局,青森県弘前市大字土手町１３３,0172-32-7226,ドラッグストア
そうごう薬局 弘前駅前店,青森県弘前市大字駅前町１１２,0172-88-7177,薬局
メガ調剤薬局 神田店,青森県弘前市大字神田３丁目２８,0172-31-0202,ドラッグストア
緑の森薬局 石川,青森県弘前市大字石川字春仕内９７５,0172-92-9023,ドラッグストア
ハッピー調剤薬局 桔梗野店,青森県弘前市大字桔梗野１丁目２２,0172-26-7023,薬局
キョウエイメディカル,青森県弘前市大字南城西１丁目３９,0172-33-3609,ドラッグストア
マエダ調剤薬局 中央店,青森県弘前市大字南川端町１３９,0172-88-8945,ドラッグストア
ツルハドラッグ 十八日町店,青森県八戸市大字十八日町２７,0178-22-7231,ドラッグストア
ふじの調剤薬局,青森県弘前市大字藤野２丁目６１,0172-31-6922,ドラッグストア
中央薬品株式会社 本社,青森県青森市長島２丁目１１４,017-777-1815,ドラッグストア
弘前市薬剤師 薬局・津軽,青森県弘前市大字大町３丁目１０５,0172-31-3636,ドラッグストア
ツルハ 調剤薬局弘前外崎店,青森県弘前市大字外崎３丁目５１,0172-40-2399,薬局
M’s安原調剤薬局,青森県弘前市大字安原１丁目２１,0172-55-7657,ドラッグストア
さいとう調剤薬局大町店,青森県弘前市大字大町１丁目１４５,0172-31-2251,ドラッグストア
磯木調剤薬局,青森県弘前市大字土手町１３３,0172-32-7226,ドラッグストア
そうごう薬局 弘前駅前店,青森県弘前市大字駅前町１１２,0172-88-7177,薬局
メガ調剤薬局 神田店,青森県弘前市大字神田３丁目２８,0172-31-0202,ドラッグストア
緑の森薬局 石川,青森県弘前市大字石川字春仕内９７５,0172-92-9023,ドラッグストア
ハッピー調剤薬局 桔梗野店,青森県弘前市大字桔梗野１丁目２２,0172-26-7023,薬局
キョウエイメディカル,青森県弘前市大字南城西１丁目３９,0172-33-3609,ドラッグストア
マエダ調剤薬局 中央店,青森県弘前市大字南川端町１３９,0172-88-8945,ドラッグストア
ツルハドラッグ 十八日町店,青森県八戸市大字十八日町２７,0178-22-7231,ドラッグストア
ふじの調剤薬局,青森県弘前市大字藤野２丁目６１,0172-31-6922,ドラッグストア
中央薬品株式会社 本社,青森県青森市長島２丁目１１４,017-777-1815,ドラッグストア
弘前市薬剤師 薬局・津軽,青森県弘前市大字大町３丁目１０５,0172-31-3636,ドラッグストア
ヘルシークラブアベイ,青森県青森市長島１丁目６６,017-721-3236,ドラッグストア
弘前駅前調剤薬局,青森県弘前市大字駅前３丁目３７,0172-37-5334,ドラッグストア
沖舘薬局長島店,青森県青森市長島２丁目８３,017-777-7748,ドラッグストア
磯木薬局東店,青森県弘前市大字城東４丁目６２２,0172-26-0188,ドラッグストア
アイセイ薬局 八戸中央店,青森県八戸市大字番町３５１,0178-22-0321,薬局
有限会社ケイエスメディカル,青森県青森市橋本２丁目１３５,017-752-8771,ドラッグストア
エンゼル薬局,青森県八戸市大字本徒士町９１０,0178-72-3200,ドラッグストア
中央調剤薬局住吉町支店,青森県弘前市大字住吉町１１１０,0172-31-7064,ドラッグストア
大町薬局グループ大町薬局,青森県弘前市大字駅前町８１,0172-32-3301,ドラッグストア
大町薬局,青森県弘前市大字駅前町８１,0172-32-3301,ドラッグストア
青山調剤薬局,青森県弘前市大字青山１丁目１０２,0172-32-3344,ドラッグストア
こずえ薬局,青森県弘前市大字城東中央４丁目２１８,0172-29-5005,ドラッグストア
こずえ薬局若葉店,青森県弘前市大字若葉２丁目７１６,0172-89-1282,ドラッグストア
テック調剤薬局橋本店,青森県青森市橋本３丁目１９７,017-718-7580,薬局
ミツワ薬局 代官町,青森県弘前市大字代官町８６１,0172-38-3666,ドラッグストア
テルス石渡薬局,青森県弘前市大字石渡３丁目１３３２,0172-31-2570,ドラッグストア
クオール薬局 弘前豊原店,青森県弘前市大字豊原１丁目５２９,0172-31-3210,薬局
有限会社七福薬局,青森県弘前市大字富田３丁目１１２０,0172-39-2236,ドラッグストア
すずらん調剤薬局 城東中央店,青森県弘前市大字城東中央３丁目９２０,0172-88-7180,ドラッグストア
すずらん調剤薬局 弘前駅前店,青森県弘前市大字駅前町６１１,0172-55-0123,ドラッグストア
メガ調剤薬局,青森県弘前市大字高田４丁目２１０,0172-29-2553,ドラッグストア
わせだ薬局,青森県弘前市大字早稲田２丁目２１３,0172-26-0080,ドラッグストア
藤代薬局,青森県弘前市大字藤代２丁目１３１,0172-38-2727,ドラッグストア
植田町薬局,青森県弘前市大字植田町１５２,0172-55-8633,ドラッグストア
弘大弘仁会薬局,青森県弘前市大字本町５６７,0172-34-7058,ドラッグストア
さいとう調剤薬局松原店,青森県弘前市大字松原西２丁目２１,0172-89-1234,ドラッグストア
ひまわり薬局城東店,青森県弘前市大字福村字新舘添１１,0172-29-2030,ドラッグストア
緑の森薬局城西,青森県弘前市大字南城西２丁目１２１４,0172-37-0011,ドラッグストア
ひまわり薬局のわき店,青森県青森市堤町１丁目１０１１,017-777-9274,ドラッグストア
ABC薬局,青森県弘前市大字青山３丁目８４,0172-35-3500,ドラッグストア
ツルハ 調剤薬局弘前アルカディア店,青森県弘前市大字扇町３丁目１２,0172-29-1202,薬局
緑の森薬局取上,青森県弘前市大字取上２丁目１７,0172-39-7088,ドラッグストア
サカエ薬局紺屋町,青森県弘前市大字紺屋町２７１,0172-33-7777,ドラッグストア
グリーン調剤薬局川先店,青森県弘前市大字川先２丁目３３５,0172-27-9620,ドラッグストア
マエダ調剤薬局中野店,青森県弘前市大字中野２丁目１１,0172-39-1041,ドラッグストア
ルナ調剤薬局,青森県弘前市大字元長町１１１２,0172-88-6682,ドラッグストア
ミツワ薬局中央通り店,青森県弘前市大字徳田町６,0172-36-0808,ドラッグストア
そうごう薬局 桔梗野店,青森県弘前市大字桔梗野２丁目１３２３,0172-55-7266,薬局
ミツワ薬局田町店,青森県弘前市大字田町５丁目６８,0172-31-7221,ドラッグストア
あずまし薬局 早稲田ドライブスルー店,青森県弘前市大字早稲田２丁目７４,0172-88-5759,ドラッグストア
あおぞら薬局南城西店,青森県弘前市大字南城西２丁目５１５,0172-35-9413,ドラッグストア
テンダー2,青森県弘前市大字賀田２丁目４５,0172-82-4110,ドラッグストア
ヘルシークラブひまわり薬局,青森県青森市古川１丁目２１１４,017-777-0099,ドラッグストア
やぎはし調剤薬局,青森県弘前市大字東長町５９,0172-38-6170,ドラッグストア
すずらん調剤薬局 松原東店,青森県弘前市大字松原東２丁目５２６,0172-55-8841,ドラッグストア
フタバ薬局,青森県八戸市大字三日町３７,0178-22-0622,ドラッグストア
さいとう調剤薬局品川町店,青森県弘前市大字品川町３７３,0172-36-0765,ドラッグストア
有限会社斎藤調剤薬局,青森県弘前市大字品川町３７３,0172-36-0765,ドラッグストア
石舘薬局,青森県青森市新町１丁目１３１,017-723-2801,薬局
ニコニコ薬局,青森県八戸市大字本鍛冶町２６,0178-73-6628,ドラッグストア
アイン薬局弘前本町店,青森県弘前市大字本町４８１,0172-39-1571,薬局
サン調剤薬局 富野町店,青森県弘前市大字富野町１２６,0172-37-6677,ドラッグストア
そうごう薬局 本部,青森県弘前市大字扇町１丁目１６,0172-40-4040,ドラッグストア
小沢薬店,青森県弘前市大字桜ケ丘４丁目１３,0172-88-0088,ドラッグストア
アップル調剤薬局岩木,青森県弘前市大字賀田１丁目３１６,0172-82-6120,ドラッグストア
さいとう調剤薬局北園店,青森県弘前市大字取上２丁目８５０,0172-38-3120,ドラッグストア
あおば薬局,青森県弘前市大字神田２丁目６２７,0172-39-2239,ドラッグストア
株式会社大学堂薬局,青森県八戸市大字三日町１３,0178-43-3731,ドラッグストア
株式会社菊池薬店 本部,青森県弘前市大字土手町１８,0172-32-7556,ドラッグストア
あおぞら薬局弘前店,青森県弘前市大字早稲田２丁目８８,0172-29-4317,ドラッグストア
ひまわり薬局 堤町店,青森県青森市堤町２丁目１５１２,017-777-2135,ドラッグストア
マエダ調剤薬局城西店,青森県弘前市大字南城西１丁目３７,0172-39-6005,ドラッグストア
株式会社八木橋薬局,青森県弘前市大字和徳町２３５,0172-35-2811,ドラッグストア
日本調剤弘前薬局,青森県弘前市大字本町５２,0172-31-3231,薬局
松田薬局,青森県弘前市大字南瓦ケ町２５,0172-35-6454,ドラッグストア
クオール薬局 弘前店,青森県弘前市大字五所字野沢３９２５,0172-84-1289,薬局
マエダ調剤薬局,青森県弘前市大字稔町２２,0172-38-5030,ドラッグストア
サカエ薬局弘前栄町,青森県弘前市大字栄町１丁目２１５,0172-35-5022,ドラッグストア
サクラヰ薬局本部,青森県青森市大字三内字玉作２７２,017-761-1611,ドラッグストア
おぶち薬局,青森県上北郡六ヶ所村大字尾駮字野附１３４１２,0175-73-8600,ドラッグストア
なの花薬局 浦町店,青森県青森市勝田１丁目１５６,017-718-3061,薬局
アーチ調剤薬局油川店,青森県青森市大字羽白字沢田３６１３,017-763-1253,ドラッグストア
今別薬局,青森県東津軽郡今別町大字今別字今別３４,0174-35-2160,ドラッグストア
ハッピー調剤薬局 八戸下長店,青森県八戸市下長３丁目１３８,0178-51-9118,薬局
有限会社誠和,青森県青森市岡造道２丁目１１１,017-741-0883,ドラッグストア
アサヒ,青森県北津軽郡板柳町大字灰沼字岩井４２,0172-73-3377,ドラッグストア
スーパードラッグアサヒ,青森県北津軽郡板柳町大字灰沼字岩井４２,0172-73-3377,ドラッグストア
ちょうみん薬局 田子店,青森県三戸郡田子町大字田子字前田２１９,0179-23-0175,ドラッグストア
ツルハドラッグ 黒石店,青森県黒石市錦町８６,0172-59-0327,ドラッグストア
サカエ薬局板柳,青森県北津軽郡板柳町大字福野田字実田４５３,0172-73-5335,ドラッグストア
乙供さくら薬局,青森県上北郡東北町字上笹橋２３１２,0175-65-5321,ドラッグストア
なの花薬局 売市店,青森県八戸市売市１丁目４６,0178-38-9173,薬局
上磯調剤薬局,青森県東津軽郡外ヶ浜町字下蟹田５６３,0174-31-1051,ドラッグストア
ほのぼの薬局,青森県三戸郡南部町大字苫米地字白山堂１８１,0178-84-4505,ドラッグストア
オーロラ薬局,青森県五所川原市大字稲実字米崎１１９１１,0173-38-5166,ドラッグストア
オーロラ薬局大野店,青森県青森市大字大野字山下１７１１８,017-752-0697,ドラッグストア
ハッピー調剤薬局 青森浜館店,青森県青森市浜館６丁目４２１,017-718-8177,薬局
ツルハ 調剤薬局むつ小川店,青森県むつ市小川町１丁目１０４１,0175-33-3855,薬局
にいだ調剤薬局,青森県八戸市大字新井田字館下２３２,0178-30-1323,ドラッグストア
青森県薬剤師会ファックスコーナー,青森県青森市東造道２丁目１１,017-726-1003,ドラッグストア
有限会社テック,青森県青森市大字浪館字泉川２２６,017-718-1150,ドラッグストア
ひまわり薬局筒井店,青森県青森市筒井３丁目１４２０,017-738-8828,ドラッグストア
有限会社メイプル調剤薬局,青森県十和田市東三番町１０６７,0176-24-2721,ドラッグストア
くるみ薬局 湊高台店,青森県八戸市湊高台５丁目１３２７,0178-20-7551,ドラッグストア
八戸 調剤薬局センター,青森県八戸市小中野２丁目１７,0178-44-1830,ドラッグストア
くるみ薬局,青森県八戸市新井田西３丁目１５１８,0178-30-1031,ドラッグストア
りんどう薬局,青森県八戸市吹上３丁目５２,0178-73-1334,ドラッグストア
ツルハ調剤薬局十和田店,青森県十和田市西十二番町１５２６,0176-21-3268,薬局
中央調剤薬局金沢支店,青森県青森市大字浪館字志田３１１,017-761-5350,ドラッグストア
ツルハ 調剤薬局黒石店,青森県黒石市錦町８６,0172-59-2740,薬局
吉永薬局,青森県八戸市大字田面木字下田面木３９１,0178-27-2651,ドラッグストア
福地薬局,青森県東津軽郡平内町大字小湊字小湊１１１,017-755-2010,ドラッグストア
ふよう調剤薬局,青森県三戸郡南部町大字苫米地字町中２２,0178-84-3113,ドラッグストア
ドレミ薬局,青森県五所川原市字柳町４９,0173-38-5771,ドラッグストア
天馬調剤薬局,青森県むつ市中央２丁目５５,0175-29-0220,ドラッグストア
M’s 浪岡駅前調剤薬局,青森県青森市浪岡大字浪岡字細田９１８,0172-88-8535,ドラッグストア
共創未来 羽白薬局,青森県青森市大字羽白字沢田５１１,017-787-0860,薬局
いろは薬局,青森県八戸市新井田西２丁目７１４,0178-25-8477,ドラッグストア
テック調剤薬局泉川店,青森県青森市大字浪館字泉川２１１,017-729-0555,ドラッグストア
よこはま薬局,青森県上北郡横浜町字寺下８１２,0175-78-6009,ドラッグストア
テックイースト薬局,青森県青森市浜館３丁目３２５,017-743-3988,ドラッグストア
有限会社サワカミ薬局 東店,青森県十和田市東十二番町１４２７,0176-20-2377,ドラッグストア
タムラ薬局,青森県三沢市緑町３丁目１１８,0176-57-0239,ドラッグストア
よつば薬局 三内店,青森県青森市里見２丁目１２３０,017-752-0825,ドラッグストア
ひらかわ調剤薬局,青森県平川市大光寺三村井２８７,0172-44-1750,ドラッグストア
ハッピー調剤薬局剣吉店,青森県三戸郡南部町大字剣吉字堰合１５４,0178-75-0745,ドラッグストア
共創未来 南郷薬局,青森県八戸市南郷大字島守字梨子ノ久保２５１０,0178-60-8150,薬局
ツルハドラッグ 平内店,青森県東津軽郡平内町大字小湊字外ノ沢４０,017-758-1041,ドラッグストア
サン調剤薬局八重田店,青森県青森市はまなす２丁目６１０,017-726-3377,ドラッグストア
なのはな調剤薬局,青森県青森市松原１丁目５６,017-775-6550,ドラッグストア
サカエ薬局県病前,青森県青森市東造道２丁目６２７,0120-435-670,ドラッグストア
二ツ家調剤薬局,青森県八戸市大字沢里字二ツ屋１９２,0178-45-5184,ドラッグストア
中央調剤薬局松原支店,青森県青森市松原３丁目９２４,017-774-7064,ドラッグストア
中央調剤薬局緑支店,青森県青森市緑１丁目１９１９,017-773-7064,ドラッグストア
田村調剤薬局,青森県八戸市湊高台２丁目１２６,0178-35-4890,ドラッグストア
有限会社吉田薬局,青森県十和田市東三番町３２,0176-23-2462,ドラッグストア
みなと薬局,青森県八戸市大字湊町字大沢２３３,0178-33-1070,ドラッグストア
なの花薬局 一番町店,青森県八戸市一番町２丁目３７,0178-20-0071,薬局
とわだ調剤薬局,青森県十和田市東四番町９１０,0176-25-2662,ドラッグストア
三本木薬局,青森県十和田市西十二番町１７３,0176-21-2288,ドラッグストア
花園薬局,青森県青森市花園２丁目４３２５,017-741-7350,ドラッグストア
アイン薬局東通村店,青森県下北郡東通村大字砂子又字里１２０６,0175-28-5270,薬局
テック調剤薬局ヒルズ店,青森県青森市大字雲谷字山吹９４２５,017-718-3123,ドラッグストア
平賀中央薬局,青森県平川市本町北柳田１２６１２,0172-43-0066,ドラッグストア
株式会社青森調剤センター 薬局マーチ,青森県五所川原市中央５丁目１５,0173-33-1678,ドラッグストア
あおいもり薬局,青森県上北郡おいらせ町住吉４丁目５０２１１０,0176-58-7311,ドラッグストア
なの花薬局 白山台店,青森県八戸市東白山台２丁目３５６,0178-51-6671,薬局
サン調剤薬局八ツ橋店,青森県青森市大字筒井字八ツ橋１３８２１６,017-728-3200,ドラッグストア
サクラヰ薬局本部,青森県青森市大字三内字玉作２７２,017-761-1611,ドラッグストア
おぶち薬局,青森県上北郡六ヶ所村大字尾駮字野附１３４１２,0175-73-8600,ドラッグストア
なの花薬局 浦町店,青森県青森市勝田１丁目１５６,017-718-3061,薬局
アーチ調剤薬局油川店,青森県青森市大字羽白字沢田３６１３,017-763-1253,ドラッグストア
今別薬局,青森県東津軽郡今別町大字今別字今別３４,0174-35-2160,ドラッグストア
ハッピー調剤薬局 八戸下長店,青森県八戸市下長３丁目１３８,0178-51-9118,薬局
有限会社誠和,青森県青森市岡造道２丁目１１１,017-741-0883,ドラッグストア
アサヒ,青森県北津軽郡板柳町大字灰沼字岩井４２,0172-73-3377,ドラッグストア
スーパードラッグアサヒ,青森県北津軽郡板柳町大字灰沼字岩井４２,0172-73-3377,ドラッグストア
ちょうみん薬局 田子店,青森県三戸郡田子町大字田子字前田２１９,0179-23-0175,ドラッグストア
ツルハドラッグ 黒石店,青森県黒石市錦町８６,0172-59-0327,ドラッグストア
サカエ薬局板柳,青森県北津軽郡板柳町大字福野田字実田４５３,0172-73-5335,ドラッグストア
乙供さくら薬局,青森県上北郡東北町字上笹橋２３１２,0175-65-5321,ドラッグストア
なの花薬局 売市店,青森県八戸市売市１丁目４６,0178-38-9173,薬局
上磯調剤薬局,青森県東津軽郡外ヶ浜町字下蟹田５６３,0174-31-1051,ドラッグストア
ほのぼの薬局,青森県三戸郡南部町大字苫米地字白山堂１８１,0178-84-4505,ドラッグストア
オーロラ薬局,青森県五所川原市大字稲実字米崎１１９１１,0173-38-5166,ドラッグストア
オーロラ薬局大野店,青森県青森市大字大野字山下１７１１８,017-752-0697,ドラッグストア
すずらん調剤薬局 三内店,青森県青森市大字三内字沢部１４３８,017-763-5525,ドラッグストア
みさわ調剤薬局,青森県三沢市桜町３丁目１０１０,0176-50-1810,ドラッグストア
ツルハ 調剤薬局十和田中央店,青森県十和田市稲生町１３５,0176-51-6553,薬局
平内薬局,青森県東津軽郡平内町大字小湊字愛宕７０６,017-755-5454,ドラッグストア
たむら薬局 美保野店,青森県八戸市大字大久保字大山７５３,0178-25-7711,ドラッグストア
あい薬局東三番町,青森県十和田市東三番町９７０,0176-20-1570,ドラッグストア
ハッピー調剤薬局 八戸城下店,青森県八戸市城下４丁目４１９,0178-32-6620,薬局
オーロラ調剤薬局,青森県青森市沖館３丁目１０１２,017-761-1150,ドラッグストア
サカエ薬局五所川原,青森県五所川原市字弥生町３,0173-35-6338,ドラッグストア
村林薬局,青森県青森市浪岡大字浪岡字細田１４４３,0172-62-3079,ドラッグストア
ふれあい薬局 平川店,青森県平川市柏木町藤山２４８,0172-55-5190,ドラッグストア
こかぐち薬局,青森県八戸市柏崎５丁目４１８,0178-22-2785,ドラッグストア
ミント薬局,青森県八戸市大字湊町字上田屋前２９２３,0178-32-2828,ドラッグストア
ひらの薬局,青森県南津軽郡藤崎町大字葛野字前田６１５,0172-89-7100,ドラッグストア
アップル 調剤薬局五所川原,青森県五所川原市中央４丁目６１,0173-38-4778,ドラッグストア
たむら薬局白銀店,青森県八戸市大字白銀町字堀ノ外９４,0178-32-1616,ドラッグストア
スマイル薬局 野辺地店,青森県上北郡野辺地町字野辺地６８１,0175-73-8867,ドラッグストア
かさい薬局,青森県北津軽郡板柳町大字福野田字実田５３８,0172-73-3008,ドラッグストア
なの花薬局 津軽新城店,青森県青森市大字新城字山田４８８２,017-763-5771,薬局
有限会社ケンコー薬局,青森県五所川原市字上平井町８３,0173-35-4247,ドラッグストア
有限会社芙蓉商事,青森県三戸郡南部町大字苫米地字町中２２,0178-84-2316,ドラッグストア
カド薬局,青森県青森市大字浅虫字蛍谷６５,017-752-2037,ドラッグストア
合名会社二川原薬局,青森県南津軽郡大鰐町大字大鰐字大鰐３９１,0172-49-1235,ドラッグストア
仙真堂薬局 青森労災病院前店,青森県八戸市大字白銀町字南ケ丘２６,0178-51-6151,ドラッグストア
八戸東薬局,青森県八戸市湊高台１丁目１８６,0178-32-2011,ドラッグストア
共創未来 五所川原薬局,青森県五所川原市字一ツ谷５１６１３,0173-38-5131,薬局
サカエ薬局藤崎,青森県南津軽郡藤崎町大字藤崎字武元１３,0172-75-6668,ドラッグストア
有限会社こいけ薬局,青森県八戸市小中野２丁目９１７,0178-22-3970,ドラッグストア
スマイル薬局,青森県青森市大字筒井字八ツ橋３１１１７,017-764-2738,ドラッグストア
ひがし調剤薬局,青森県十和田市大字三本木字里ノ沢１６０４,0176-25-1234,ドラッグストア
ハッピー調剤薬局 西大野店,青森県青森市西大野３丁目１３８,017-764-6855,ドラッグストア
スーパードラッグアサヒ湊高台店,青森県八戸市湊高台１丁目３２,0178-35-0200,ドラッグストア
ゆりの木薬局ぬかづか店,青森県八戸市大字糠塚字下道７２７,0178-46-2428,ドラッグストア
有限会社造道調剤薬局,青森県青森市岡造道２丁目１１１,017-741-4636,ドラッグストア
すずらん調剤薬局 鯵ヶ沢店,青森県西津軽郡鰺ヶ沢町大字七ツ石町２６,0173-82-0126,ドラッグストア
大学堂薬局 柏崎,青森県八戸市柏崎４丁目１４４７,0178-43-5508,ドラッグストア
宮野薬局,青森県三沢市中央町１丁目８４,0176-52-4075,ドラッグストア
すずらん調剤薬局 浜田店,青森県青森市浜田２丁目１５１９,017-729-0006,ドラッグストア
たなぶ調剤薬局,青森県むつ市柳町１丁目９５０,0175-33-8032,ドラッグストア
えびな調剤薬局本店,青森県五所川原市字川端町１１５,0173-34-3333,ドラッグストア
ハッピードラッグ 青森観光通店,青森県青森市緑３丁目１１８,017-764-6066,ドラッグストア
サカエ薬局 布屋,青森県五所川原市字弥生町４１,0173-38-5212,ドラッグストア
ひまわり薬局 新青森駅前店,青森県青森市石江３丁目２４,017-762-0210,ドラッグストア
ひまわり調剤薬局,青森県むつ市緑ヶ丘６１５,0175-23-1231,ドラッグストア
スーパードラッグアサヒ下田店,青森県上北郡おいらせ町高田６９１,0178-50-6320,ドラッグストア
ファインファーマシー,青森県八戸市下長４丁目１１,0178-28-5795,ドラッグストア
つるた調剤薬局,青森県北津軽郡鶴田町大字鶴田字早瀬２４１,0173-23-1102,ドラッグストア
みどり薬局,青森県八戸市根城４丁目１３５,0178-45-1566,ドラッグストア
そうごう薬局 黒石病院前店,青森県黒石市北美町１丁目７４１,0172-59-0711,薬局
そうごう薬局黒石病院前店,青森県黒石市北美町１丁目７４１,0172-59-0711,薬局
東メディカル調剤薬局,青森県八戸市湊高台６丁目６２１,0178-32-4848,ドラッグストア
ツルハ調剤薬局大野店,青森県青森市金沢３丁目１２２１,017-721-4339,薬局
カド薬局くぐりざか店,青森県青森市大字久栗坂字山辺８９１４,017-737-5101,ドラッグストア
こうよう薬局,青森県八戸市江陽１丁目１８３,0178-46-3721,ドラッグストア
クローバー調剤薬局旭町店,青森県黒石市旭町９２,0172-53-6383,ドラッグストア
株式会社桜井薬品,青森県三沢市中央町３丁目６６,0176-53-2141,ドラッグストア
株式会社すばる薬局,青森県八戸市小中野４丁目１５２,0178-43-8233,ドラッグストア
黒石薬局,青森県黒石市ちとせ３丁目３,0172-53-6226,ドラッグストア
天馬薬局,青森県上北郡七戸町字道ノ上６３３,0176-69-1011,ドラッグストア
カブセンター 西青森店,青森県青森市大字石江字三好１３０１,017-761-2130,スーパー
平成薬局黒石病院前,青森県黒石市北美町１丁目６１,0172-53-7223,ドラッグストア
オレンジ薬局,青森県青森市松原３丁目１１４,017-773-2400,ドラッグストア
オレンジ薬局,青森県上北郡東北町大字上野字南谷地２３８２,0176-58-1037,ドラッグストア
テック調剤薬局金沢店,青森県青森市金沢４丁目４１１,017-735-7533,ドラッグストア
有限会社佐々木薬局,青森県むつ市緑町１８５５,0175-22-1646,ドラッグストア
すずらん調剤薬局勝田店,青森県青森市奥野１丁目１１７,017-721-2151,ドラッグストア
落合薬局,青森県十和田市穂並町１１,0176-27-5311,ドラッグストア
サン調剤薬局本部,青森県青森市大字横内字若草１３２,017-764-3131,ドラッグストア
ファイン調剤薬局蔵館店,青森県南津軽郡大鰐町大字蔵館字道添１１１,0172-49-2622,ドラッグストア
五所川原調剤薬局,青森県五所川原市字鎌谷町１４０,0173-39-2355,ドラッグストア
うみねこ薬局,青森県八戸市柏崎４丁目１５３９,0178-71-3061,ドラッグストア
かわぎし薬局,青森県むつ市脇野沢本村１６２,0175-44-2615,ドラッグストア
サカエ薬局・西北,青森県五所川原市字川端町１１８,0173-38-6800,ドラッグストア
ツルハドラッグ 八戸江陽店,青森県八戸市江陽２丁目１３４０,0178-72-1288,ドラッグストア
中央調剤薬局桜川支店,青森県青森市桜川４丁目２２１４,017-741-5557,ドラッグストア
中央調剤薬局 篠田支店,青森県青森市篠田２丁目１９２,017-761-1227,ドラッグストア
有限会社サワカミ薬局おいらせ青葉店,青森県上北郡おいらせ町上久保６３１７３,0176-58-6521,ドラッグストア
なんぶ中央薬局,青森県三戸郡南部町大字沖田面字千刈５２,0179-34-3570,ドラッグストア
マリン調剤薬局,青森県青森市大字油川字浪岸１２３,017-763-1331,ドラッグストア
有限会社サワカミ薬局 堀口店,青森県三沢市下久保２丁目１２２,0176-51-6831,ドラッグストア
毛内薬局,青森県つがる市車力町花林４０２,0173-56-2128,ドラッグストア
やはば薬局,青森県三戸郡三戸町大字八日町１４,0179-23-3874,ドラッグストア
まちい調剤薬局,青森県平川市町居山元９６１,0172-40-0705,ドラッグストア
つくし薬局,青森県八戸市南類家５丁目１１０,0178-72-3396,ドラッグストア
公済会薬局お薬相談専用,青森県むつ市小川町１丁目１５,0120-884-721,ドラッグストア
ベイ薬局,青森県青森市沖館５丁目５２５,017-761-1211,ドラッグストア
つくだ調剤薬局,青森県青森市中佃１丁目１３１,017-743-7700,ドラッグストア
みはな薬局,青森県八戸市湊高台５丁目２０２１,0178-32-3137,ドラッグストア
サン調剤薬局東バイパス店,青森県青森市大字平新田字森越２３９,017-737-0033,ドラッグストア
アイン薬局野辺地店,青森県上北郡野辺地町字鳴沢１８３,0175-65-1645,薬局
岡三沢薬局,青森県三沢市緑町１丁目３９,0176-27-6677,ドラッグストア
なの花薬局 柏崎店,青森県八戸市柏崎３丁目７１７,0178-20-8762,薬局
有限会社篠田薬局,青森県青森市篠田３丁目１３２４,017-782-9132,ドラッグストア
マエダ調剤薬局大鰐店,青森県南津軽郡大鰐町大字蔵館字山下２１７,0172-48-5911,ドラッグストア
薬王堂 五戸下中崎店,青森県三戸郡五戸町字下中崎９２,0178-32-7871,ドラッグストア
いろは薬局,青森県むつ市横迎町２丁目１８,0175-22-0118,ドラッグストア
沖舘薬局新町店,青森県むつ市新町１３５１,0175-33-9570,ドラッグストア
三八五薬品株式会社 柏崎店,青森県八戸市柏崎１丁目９１０,0178-43-4447,ドラッグストア
サン調剤薬局虹ケ丘店,青森県青森市虹ケ丘１丁目３１５,017-744-5511,ドラッグストア
ツルハ 調剤薬局八戸江陽店,青森県八戸市江陽２丁目１３４０,0178-73-5113,薬局
かつた調剤薬局奥野店,青森県青森市奥野１丁目５１３,017-774-4072,ドラッグストア
ワカバ調剤薬局七戸店,青森県上北郡七戸町字影津内９８２５,0176-62-3973,ドラッグストア
ノア調剤薬局,青森県五所川原市金木町沢部４６８１,0173-54-1007,ドラッグストア
ツルハ 調剤薬局八戸市民病院前店,青森県八戸市田向３丁目２１９,0178-73-2220,薬局
谷地薬局,青森県八戸市大字河原木字神才１７４,0178-28-9358,ドラッグストア
八戸南薬局,青森県八戸市大字新井田字横町４７,0178-30-1312,ドラッグストア
なの花薬局 五戸東店,青森県三戸郡五戸町字鍜冶屋窪上ミ３４１,0178-61-1196,薬局
いろは薬局 小中野店,青森県八戸市小中野２丁目１７４,0178-20-7774,ドラッグストア
金子薬局,青森県三戸郡五戸町字新町１７,0178-62-2019,ドラッグストア
うぐいす薬局,青森県三戸郡階上町大字道仏字天当平１１８９,0178-80-1133,ドラッグストア
有限会社柏崎調剤薬局,青森県八戸市柏崎１丁目８３２,0178-43-8500,ドラッグストア
スーパードラッグアサヒ八戸店,青森県八戸市下長２丁目１１２,0178-28-8979,ドラッグストア
ハッピー調剤薬局 八戸田向店,青森県八戸市田向２丁目１２８,0178-73-8338,ドラッグストア
まえたい薬局,青森県三沢市大字三沢字前平４７２５７,0176-27-6531,ドラッグストア
ハッピー調剤薬局 勝田店,青森県青森市勝田１丁目２０１,017-763-0820,薬局
ハッピー調剤薬局 新城店,青森県青森市大字新城字平岡２５８２５８,017-764-6962,ドラッグストア
七福薬局むつ,青森県むつ市中央２丁目５１９,0175-34-9490,ドラッグストア
平安堂薬局 イオン藤崎店,青森県南津軽郡藤崎町大字西豊田１丁目７１,0172-75-3004,ドラッグストア
共創未来 まつばら薬局,青森県青森市松原３丁目１２８,017-735-0086,薬局
共創未来まつもり薬局,青森県青森市松森２丁目１１１９,017-752-1691,薬局
なの花薬局 五戸店,青森県三戸郡五戸町字正場沢３４,0178-62-7551,薬局
中央調剤薬局浪館支店,青森県青森市浪館前田４丁目７４０,017-782-7121,ドラッグストア
つくだ調剤薬局浜館店,青森県青森市浜館４丁目１４５,017-765-1655,ドラッグストア
カトウ調剤薬局,青森県三沢市堀口２丁目１３,0176-53-6904,ドラッグストア
クローバー調剤薬局 尾上店,青森県平川市尾上栄松２０５,0172-88-8750,ドラッグストア
ポニー薬局,青森県上北郡七戸町字影津内９８９,0176-60-8680,ドラッグストア
フロンティア薬局浪岡店,青森県青森市浪岡大字浪岡字平野１９１１９,0172-69-1313,薬局
川村薬局,青森県八戸市一番町１丁目１３,0178-27-1485,ドラッグストア
みちのく調剤薬局,青森県五所川原市大字姥萢字船橋２４５２,0173-26-5580,ドラッグストア
サンケア薬局 八戸駅前店,青森県八戸市大字尻内町字八百刈２５１,0178-23-4193,ドラッグストア
大久保薬局,青森県八戸市大字糠塚字大杉平４５,0178-43-9716,ドラッグストア
ハッピー調剤薬局 広田店,青森県五所川原市大字姥萢字船橋２４２６,0173-26-5005,薬局
オバラ薬局,青森県上北郡六戸町大字犬落瀬字明土１３,0176-55-2003,ドラッグストア
中央薬局,青森県上北郡野辺地町字野辺地１２１２,0175-64-3347,ドラッグストア
スーパードラッグアサヒ調剤薬局板柳店,青森県北津軽郡板柳町大字福野田字常盤５４１,0172-79-1132,ドラッグストア
はれやか薬局,青森県青森市西大野１丁目１５２１,017-762-1175,ドラッグストア
一真堂薬局売市店,青森県八戸市売市３丁目１３０,0178-43-3646,ドラッグストア
一真堂薬局本店,青森県八戸市大字売市字観音下４１２,0178-45-5656,ドラッグストア
碇ヶ関調剤薬局,青森県平川市碇ヶ関鯨森５５２７,0172-49-5133,ドラッグストア
有限会社つがる調剤薬局,青森県五所川原市字柳町１４,0173-35-1916,ドラッグストア
スーパードラッグアサヒ柏店,青森県五所川原市大字小曲字枝村４２１,0173-38-1530,ドラッグストア
すずらん調剤薬局 篠田店,青森県青森市篠田２丁目２０１９,017-763-4030,ドラッグストア
たっこ調剤薬局,青森県三戸郡田子町大字田子字上野ノ下タ９２８,0179-23-0320,ドラッグストア
有限会社みちのくファーマシィー,青森県上北郡七戸町字荒熊内６６１５６,0176-60-1232,ドラッグストア
木下調剤薬局,青森県十和田市東一番町２１８,0176-20-1611,ドラッグストア
アイン薬局 白銀店,青森県八戸市大字白銀町字南ケ丘１１１２,0178-32-1666,薬局
さくら調剤薬局,青森県青森市勝田１丁目１７１９,017-721-1561,ドラッグストア
ファルマ一ツ谷薬局,青森県五所川原市字一ツ谷５０８９,0173-39-2277,ドラッグストア
ショップしもやま,青森県北津軽郡中泊町大字高根字小金石７２９,0173-57-3677,ドラッグストア
下山薬店,青森県北津軽郡中泊町大字高根字小金石７２９,0173-57-3677,ドラッグストア
公済会薬局,青森県むつ市小川町１丁目１５,0175-22-4721,ドラッグストア
株式会社青森調剤センター,青森県青森市東造道２丁目６４０,017-736-7388,ドラッグストア
メイプル調剤薬局,青森県黒石市寿町２０,0172-53-8830,ドラッグストア
なの花薬局 十和田店,青森県十和田市西十一番町４０３７,0176-58-0161,薬局
きづくり調剤薬局,青森県つがる市木造千年７１,0173-26-7305,ドラッグストア
ベル薬局,青森県八戸市下長１丁目６２９,0178-29-2914,ドラッグストア
サンケア薬局 南類家店,青森県八戸市南類家２丁目１７３０,0178-80-7456,ドラッグストア
有限会社ほてい堂薬局,青森県十和田市稲生町１５１３,0176-23-2206,ドラッグストア
桜井第一薬局,青森県三沢市中央町３丁目６４,0176-53-3175,ドラッグストア
プリン薬局小柳,青森県青森市はまなす１丁目１７２３,017-737-3515,ドラッグストア
有限会社ウエダ調剤薬局,青森県南津軽郡大鰐町大字大鰐字大鰐１１０１,0172-48-2147,ドラッグストア
かにた調剤薬局,青森県東津軽郡外ヶ浜町字蟹田１３９１,0174-31-1031,ドラッグストア
ハッピー調剤薬局 八戸小中野店,青森県八戸市小中野４丁目１４７,0178-20-7282,ドラッグストア
会営休日夜間薬局,青森県八戸市田向３丁目６４４,0178-20-9970,ドラッグストア
マルチ薬局,青森県平川市本町北柳田１２２０,0172-44-2711,ドラッグストア
ふよう調剤薬局,青森県三戸郡南部町大字苫米地字町中２２,0178-84-3113,ドラッグストア
ドレミ薬局,青森県五所川原市字柳町４９,0173-38-5771,ドラッグストア
天馬調剤薬局,青森県むつ市中央２丁目５５,0175-29-0220,ドラッグストア
M’s 浪岡駅前調剤薬局,青森県青森市浪岡大字浪岡字細田９１８,0172-88-8535,ドラッグストア
共創未来 羽白薬局,青森県青森市大字羽白字沢田５１１,017-787-0860,薬局
いろは薬局,青森県八戸市新井田西２丁目７１４,0178-25-8477,ドラッグストア
テック調剤薬局泉川店,青森県青森市大字浪館字泉川２１１,017-729-0555,ドラッグストア
よこはま薬局,青森県上北郡横浜町字寺下８１２,0175-78-6009,ドラッグストア
テックイースト薬局,青森県青森市浜館３丁目３２５,017-743-3988,ドラッグストア
有限会社サワカミ薬局 東店,青森県十和田市東十二番町１４２７,0176-20-2377,ドラッグストア
タムラ薬局,青森県三沢市緑町３丁目１１８,0176-57-0239,ドラッグストア
よつば薬局 三内店,青森県青森市里見２丁目１２３０,017-752-0825,ドラッグストア
ひらかわ調剤薬局,青森県平川市大光寺三村井２８７,0172-44-1750,ドラッグストア
ハッピー調剤薬局剣吉店,青森県三戸郡南部町大字剣吉字堰合１５４,0178-75-0745,ドラッグストア
共創未来 南郷薬局,青森県八戸市南郷大字島守字梨子ノ久保２５１０,0178-60-8150,薬局
ツルハドラッグ 平内店,青森県東津軽郡平内町大字小湊字外ノ沢４０,017-758-1041,ドラッグストア
サン調剤薬局八重田店,青森県青森市はまなす２丁目６１０,017-726-3377,ドラッグストア
なのはな調剤薬局,青森県青森市松原１丁目５６,017-775-6550,ドラッグストア
サカエ薬局県病前,青森県青森市東造道２丁目６２７,0120-435-670,ドラッグストア
二ツ家調剤薬局,青森県八戸市大字沢里字二ツ屋１９２,0178-45-5184,ドラッグストア
中央調剤薬局松原支店,青森県青森市松原３丁目９２４,017-774-7064,ドラッグストア
中央調剤薬局緑支店,青森県青森市緑１丁目１９１９,017-773-7064,ドラッグストア
田村調剤薬局,青森県八戸市湊高台２丁目１２６,0178-35-4890,ドラッグストア
有限会社吉田薬局,青森県十和田市東三番町３２,0176-23-2462,ドラッグストア
みなと薬局,青森県八戸市大字湊町字大沢２３３,0178-33-1070,ドラッグストア
なの花薬局 一番町店,青森県八戸市一番町２丁目３７,0178-20-0071,薬局
とわだ調剤薬局,青森県十和田市東四番町９１０,0176-25-2662,ドラッグストア
三本木薬局,青森県十和田市西十二番町１７３,0176-21-2288,ドラッグストア
花園薬局,青森県青森市花園２丁目４３２５,017-741-7350,ドラッグストア
アイン薬局東通村店,青森県下北郡東通村大字砂子又字里１２０６,0175-28-5270,薬局
テック調剤薬局ヒルズ店,青森県青森市大字雲谷字山吹９４２５,017-718-3123,ドラッグストア
平賀中央薬局,青森県平川市本町北柳田１２６１２,0172-43-0066,ドラッグストア
株式会社青森調剤センター 薬局マーチ,青森県五所川原市中央５丁目１５,0173-33-1678,ドラッグストア
あおいもり薬局,青森県上北郡おいらせ町住吉４丁目５０２１１０,0176-58-7311,ドラッグストア
なの花薬局 白山台店,青森県八戸市東白山台２丁目３５６,0178-51-6671,薬局
サン調剤薬局八ツ橋店,青森県青森市大字筒井字八ツ橋１３８２１６,017-728-3200,ドラッグストア
有限会社ケンコー薬局,青森県五所川原市字上平井町８３,0173-35-4247,ドラッグストア
有限会社芙蓉商事,青森県三戸郡南部町大字苫米地字町中２２,0178-84-2316,ドラッグストア
カド薬局,青森県青森市大字浅虫字蛍谷６５,017-752-2037,ドラッグストア
合名会社二川原薬局,青森県南津軽郡大鰐町大字大鰐字大鰐３９１,0172-49-1235,ドラッグストア
仙真堂薬局 青森労災病院前店,青森県八戸市大字白銀町字南ケ丘２６,0178-51-6151,ドラッグストア
八戸東薬局,青森県八戸市湊高台１丁目１８６,0178-32-2011,ドラッグストア
共創未来 五所川原薬局,青森県五所川原市字一ツ谷５１６１３,0173-38-5131,薬局
サカエ薬局藤崎,青森県南津軽郡藤崎町大字藤崎字武元１３,0172-75-6668,ドラッグストア
有限会社こいけ薬局,青森県八戸市小中野２丁目９１７,0178-22-3970,ドラッグストア
スマイル薬局,青森県青森市大字筒井字八ツ橋３１１１７,017-764-2738,ドラッグストア
ひがし調剤薬局,青森県十和田市大字三本木字里ノ沢１６０４,0176-25-1234,ドラッグストア
ダルマ薬品,青森県三沢市中央町２丁目１４１０,0176-53-3455,ドラッグストア
三戸薬局,青森県三戸郡三戸町大字川守田字沖中１０６,0179-20-1616,ドラッグストア
アイセイ薬局 田向店,青森県八戸市田向３丁目２１８,0178-73-7272,薬局
テックファーマシー沖館,青森県青森市沖館１丁目９２５,017-761-5888,ドラッグストア
クローバー調剤薬局ときわ店,青森県南津軽郡藤崎町大字常盤字富田２１２５,0172-65-4333,ドラッグストア
さいとう調剤薬局造道店,青森県青森市東造道１丁目４４,017-736-8566,ドラッグストア
中央調剤薬局十和田市立中央病院前支店,青森県十和田市西十二番町１１１７,0176-21-1340,ドラッグストア
すずらん調剤薬局 沖館店,青森県青森市沖館３丁目１１８,017-763-0690,ドラッグストア
薬局たまーち,青森県五所川原市字田町１１４１,0173-26-7670,ドラッグストア
フロンティア薬局三戸店,青森県三戸郡三戸町大字川守田字沖中１６５,0179-20-1661,薬局
有限会社沖舘薬局,青森県青森市柳川２丁目４１９,017-781-7077,ドラッグストア
いとうメリー薬局,青森県青森市西大野１丁目１６５,017-718-3080,ドラッグストア
サカエ薬局 24,青森県五所川原市字布屋町４１６,0120-358-570,ドラッグストア
サカエ薬局なんぶ,青森県三戸郡南部町大字沖田面字千刈３５２,0179-20-6770,ドラッグストア
いちい薬局 五所川原・芭蕉店,青森県五所川原市字芭蕉１５１３,0173-26-7381,ドラッグストア
みしま薬局,青森県八戸市白銀１丁目１０３,0178-35-0101,ドラッグストア
高野薬局,青森県むつ市川内町川内５５,0175-42-2286,ドラッグストア
ひまわり薬局石江店,青森県青森市大字石江字岡部７６１,017-761-1185,ドラッグストア
ファインファーマシー,青森県八戸市下長４丁目１１,0178-28-5795,ドラッグストア
つるた調剤薬局,青森県北津軽郡鶴田町大字鶴田字早瀬２４１,0173-23-1102,ドラッグストア
みどり薬局,青森県八戸市根城４丁目１３５,0178-45-1566,ドラッグストア
そうごう薬局 黒石病院前店,青森県黒石市北美町１丁目７４１,0172-59-0711,薬局
そうごう薬局黒石病院前店,青森県黒石市北美町１丁目７４１,0172-59-0711,薬局
東メディカル調剤薬局,青森県八戸市湊高台６丁目６２１,0178-32-4848,ドラッグストア
ツルハ調剤薬局大野店,青森県青森市金沢３丁目１２２１,017-721-4339,薬局
カド薬局くぐりざか店,青森県青森市大字久栗坂字山辺８９１４,017-737-5101,ドラッグストア
こうよう薬局,青森県八戸市江陽１丁目１８３,0178-46-3721,ドラッグストア
クローバー調剤薬局旭町店,青森県黒石市旭町９２,0172-53-6383,ドラッグストア
株式会社桜井薬品,青森県三沢市中央町３丁目６６,0176-53-2141,ドラッグストア
株式会社すばる薬局,青森県八戸市小中野４丁目１５２,0178-43-8233,ドラッグストア
黒石薬局,青森県黒石市ちとせ３丁目３,0172-53-6226,ドラッグストア
マルチ調剤薬局柏木店,青森県平川市柏木町藤山２０３,0172-55-5126,ドラッグストア
株式会社いちい薬局十和田店,青森県十和田市大字三本木字北平１１０３３,0176-20-2226,ドラッグストア
ひなた薬局,青森県五所川原市字錦町１９１,0173-26-6106,ドラッグストア
サカエ薬局板病前,青森県北津軽郡板柳町大字福野田字常盤５４７,0172-72-0909,ドラッグストア
みんな野薬局西バイパス店,青森県青森市富田３丁目１６５,017-761-5766,ドラッグストア
大久保薬局,青森県八戸市大字糠塚字大杉平４５,0178-43-9716,ドラッグストア
ハッピー調剤薬局 広田店,青森県五所川原市大字姥萢字船橋２４２６,0173-26-5005,薬局
オバラ薬局,青森県上北郡六戸町大字犬落瀬字明土１３,0176-55-2003,ドラッグストア
中央薬局,青森県上北郡野辺地町字野辺地１２１２,0175-64-3347,ドラッグストア
スーパードラッグアサヒ調剤薬局板柳店,青森県北津軽郡板柳町大字福野田字常盤５４１,0172-79-1132,ドラッグストア
はれやか薬局,青森県青森市西大野１丁目１５２１,017-762-1175,ドラッグストア
一真堂薬局売市店,青森県八戸市売市３丁目１３０,0178-43-3646,ドラッグストア
一真堂薬局本店,青森県八戸市大字売市字観音下４１２,0178-45-5656,ドラッグストア
碇ヶ関調剤薬局,青森県平川市碇ヶ関鯨森５５２７,0172-49-5133,ドラッグストア
有限会社つがる調剤薬局,青森県五所川原市字柳町１４,0173-35-1916,ドラッグストア
スーパードラッグアサヒ柏店,青森県五所川原市大字小曲字枝村４２１,0173-38-1530,ドラッグストア
すずらん調剤薬局 篠田店,青森県青森市篠田２丁目２０１９,017-763-4030,ドラッグストア
たっこ調剤薬局,青森県三戸郡田子町大字田子字上野ノ下タ９２８,0179-23-0320,ドラッグストア
有限会社みちのくファーマシィー,青森県上北郡七戸町字荒熊内６６１５６,0176-60-1232,ドラッグストア
木下調剤薬局,青森県十和田市東一番町２１８,0176-20-1611,ドラッグストア
アイン薬局 白銀店,青森県八戸市大字白銀町字南ケ丘１１１２,0178-32-1666,薬局
さくら調剤薬局,青森県青森市勝田１丁目１７１９,017-721-1561,ドラッグストア
ファルマ一ツ谷薬局,青森県五所川原市字一ツ谷５０８９,0173-39-2277,ドラッグストア
ショップしもやま,青森県北津軽郡中泊町大字高根字小金石７２９,0173-57-3677,ドラッグストア
下山薬店,青森県北津軽郡中泊町大字高根字小金石７２９,0173-57-3677,ドラッグストア
公済会薬局,青森県むつ市小川町１丁目１５,0175-22-4721,ドラッグストア
株式会社青森調剤センター,青森県青森市東造道２丁目６４０,017-736-7388,ドラッグストア
メイプル調剤薬局,青森県黒石市寿町２０,0172-53-8830,ドラッグストア
なの花薬局 十和田店,青森県十和田市西十一番町４０３７,0176-58-0161,薬局
きづくり調剤薬局,青森県つがる市木造千年７１,0173-26-7305,ドラッグストア
ベル薬局,青森県八戸市下長１丁目６２９,0178-29-2914,ドラッグストア
サンケア薬局 南類家店,青森県八戸市南類家２丁目１７３０,0178-80-7456,ドラッグストア
有限会社ほてい堂薬局,青森県十和田市稲生町１５１３,0176-23-2206,ドラッグストア
桜井第一薬局,青森県三沢市中央町３丁目６４,0176-53-3175,ドラッグストア
プリン薬局小柳,青森県青森市はまなす１丁目１７２３,017-737-3515,ドラッグストア
有限会社ウエダ調剤薬局,青森県南津軽郡大鰐町大字大鰐字大鰐１１０１,0172-48-2147,ドラッグストア
かにた調剤薬局,青森県東津軽郡外ヶ浜町字蟹田１３９１,0174-31-1031,ドラッグストア
ハッピー調剤薬局 八戸小中野店,青森県八戸市小中野４丁目１４７,0178-20-7282,ドラッグストア
会営休日夜間薬局,青森県八戸市田向３丁目６４４,0178-20-9970,ドラッグストア
マルチ薬局,青森県平川市本町北柳田１２２０,0172-44-2711,ドラッグストア
ワカバ調剤薬局木造店,青森県つがる市木造末広４５２５,0173-42-7070,ドラッグストア
鮫駅前薬局,青森県八戸市大字鮫町字持越沢２５８,0178-32-3030,薬局
あい薬局,青森県青森市浜田３丁目３１０,017-762-2310,ドラッグストア
みんな野薬局,青森県十和田市西三番町１２８４,0176-22-2297,ドラッグストア
薬局マーチ,青森県五所川原市中央５丁目１５,0173-33-1655,ドラッグストア
平成調剤薬局,青森県青森市篠田１丁目９８,017-781-5438,ドラッグストア
うとう調剤薬局八重田店,青森県青森市八重田２丁目１１３,017-736-8000,ドラッグストア
株式会社ワカバ ワカバ調剤薬局黒石駅前店,青森県黒石市一番町１８５,0172-53-3380,ドラッグストア
なの花薬局 八戸城下店,青森県八戸市城下４丁目１９３２,0178-51-9315,薬局
上磯調剤薬局三厩店,青森県東津軽郡外ヶ浜町字三厩新町６３,0174-31-7781,ドラッグストア
幸畑薬局,青森県青森市大字幸畑字松元９８,017-728-5332,ドラッグストア
タイキファーマシー尾上店,青森県平川市尾上栄松１３２９,0172-57-5596,ドラッグストア
緑の森薬局松島店,青森県五所川原市松島町２丁目８９１１,0173-34-1551,ドラッグストア
アサヒ薬局,青森県五所川原市字旭町６０３,0173-35-4183,ドラッグストア
スーパードラッグアサヒ 類家店,青森県八戸市類家４丁目２２１３,0178-45-7800,ドラッグストア
なの花薬局 おいらせ店,青森県上北郡おいらせ町上明堂９３,0178-50-1311,薬局
有限会社西川薬局,青森県青森市千刈２丁目１３２,017-782-0808,ドラッグストア
いざわ薬局,青森県むつ市桜木町１４２,0175-29-3130,ドラッグストア
アップル調剤薬局浪岡,青森県青森市浪岡大字浪岡字平野１９１４,0172-69-1141,ドラッグストア
八戸保険調剤薬局,青森県八戸市田向２丁目７７,0178-24-1023,ドラッグストア
青森調剤薬局,青森県青森市東造道２丁目６４０,017-736-7388,ドラッグストア
中央調剤薬局 つがる総合病院前支店,青森県五所川原市字川端町１１４,0173-26-7685,ドラッグストア
すこやか調剤薬局,青森県三沢市大町２丁目９２２,0176-51-9230,ドラッグストア
アイン薬局 つくだ店,青森県青森市南佃２丁目８４,017-763-5111,薬局
ワカバ調剤薬局平内店,青森県東津軽郡平内町大字小湊字愛宕７０２１,017-755-4211,ドラッグストア
スーパードラッグアサヒ黒石バイパス店,青森県黒石市追子野木１丁目５７１１,0172-59-1267,ドラッグストア
ファルマ浪岡薬局,青森県青森市浪岡大字浪岡字浅井１８８７,0172-62-1288,ドラッグストア
中央調剤薬局日赤病院前支店,青森県八戸市大字田面木字堤下９３,0178-70-1660,ドラッグストア
ツルハ 調剤薬局五所川原本町店,青森県五所川原市字本町２５,0173-38-3556,ドラッグストア
すずらん調剤薬局 平賀店,青森県平川市小和森種取３０５,0172-88-6450,ドラッグストア
山本薬局,青森県十和田市西二番町１３１２,0176-27-1300,ドラッグストア
ハッピー調剤薬局佃店,青森県青森市中佃２丁目７３３,017-744-1885,薬局
高橋薬局,青森県上北郡東北町上北南１丁目３１３６６,0176-56-2011,ドラッグストア
あけぼの薬局 大野店,青森県青森市東大野２丁目２１,017-739-6987,ドラッグストア
くすりの新岡,青森県北津軽郡鶴田町大字鶴田字生松１２０１,0173-22-2227,ドラッグストア
猪股薬局,青森県青森市浪岡大字浪岡字細田１８３,0172-62-4135,ドラッグストア
本宝薬局,青森県青森市小柳６丁目２３１６,017-742-5697,ドラッグストア
本宝薬局調剤部,青森県青森市小柳６丁目２３１６,017-742-5697,ドラッグストア
かわせみ薬局,青森県八戸市田向５丁目２１２４,0178-51-6200,ドラッグストア
有限会社サワカミ薬局 中央店,青森県三沢市中央町４丁目５１６,0176-50-1231,ドラッグストア
ハート薬局,青森県青森市栄町１丁目３５,017-765-3181,ドラッグストア
ハート薬局新井田店,青森県八戸市新井田西３丁目１６１４,0178-30-1162,ドラッグストア
フラワー薬局,青森県十和田市西二十二番町４２５,0176-25-8910,ドラッグストア
サカエ薬局田面木,青森県八戸市大字田面木字堤下１５３,0178-23-4840,ドラッグストア
ツルハドラッグ十和田南店,青森県十和田市東四番町４３０,0176-21-1268,ドラッグストア
藤井薬局,青森県三沢市東町４丁目５５,0176-52-3346,ドラッグストア
七戸調剤薬局株式会社,青森県上北郡七戸町字寺裏３２,0176-62-6850,ドラッグストア
スーパードラッグアサヒ調剤薬局板柳店,青森県北津軽郡板柳町大字福野田字常盤５４１,0172-79-1132,ドラッグストア
はれやか薬局,青森県青森市西大野１丁目１５２１,017-762-1175,ドラッグストア
一真堂薬局売市店,青森県八戸市売市３丁目１３０,0178-43-3646,ドラッグストア
一真堂薬局本店,青森県八戸市大字売市字観音下４１２,0178-45-5656,ドラッグストア
碇ヶ関調剤薬局,青森県平川市碇ヶ関鯨森５５２７,0172-49-5133,ドラッグストア
有限会社つがる調剤薬局,青森県五所川原市字柳町１４,0173-35-1916,ドラッグストア
スーパードラッグアサヒ柏店,青森県五所川原市大字小曲字枝村４２１,0173-38-1530,ドラッグストア
すずらん調剤薬局 篠田店,青森県青森市篠田２丁目２０１９,017-763-4030,ドラッグストア
たっこ調剤薬局,青森県三戸郡田子町大字田子字上野ノ下タ９２８,0179-23-0320,ドラッグストア
有限会社みちのくファーマシィー,青森県上北郡七戸町字荒熊内６６１５６,0176-60-1232,ドラッグストア
木下調剤薬局,青森県十和田市東一番町２１８,0176-20-1611,ドラッグストア
アイン薬局 白銀店,青森県八戸市大字白銀町字南ケ丘１１１２,0178-32-1666,薬局
さくら調剤薬局,青森県青森市勝田１丁目１７１９,017-721-1561,ドラッグストア
ファルマ一ツ谷薬局,青森県五所川原市字一ツ谷５０８９,0173-39-2277,ドラッグストア
ショップしもやま,青森県北津軽郡中泊町大字高根字小金石７２９,0173-57-3677,ドラッグストア
下山薬店,青森県北津軽郡中泊町大字高根字小金石７２９,0173-57-3677,ドラッグストア
公済会薬局,青森県むつ市小川町１丁目１５,0175-22-4721,ドラッグストア
株式会社青森調剤センター,青森県青森市東造道２丁目６４０,017-736-7388,ドラッグストア
メイプル調剤薬局,青森県黒石市寿町２０,0172-53-8830,ドラッグストア
なの花薬局 十和田店,青森県十和田市西十一番町４０３７,0176-58-0161,薬局
きづくり調剤薬局,青森県つがる市木造千年７１,0173-26-7305,ドラッグストア
ベル薬局,青森県八戸市下長１丁目６２９,0178-29-2914,ドラッグストア
サンケア薬局 南類家店,青森県八戸市南類家２丁目１７３０,0178-80-7456,ドラッグストア
有限会社ほてい堂薬局,青森県十和田市稲生町１５１３,0176-23-2206,ドラッグストア
桜井第一薬局,青森県三沢市中央町３丁目６４,0176-53-3175,ドラッグストア
プリン薬局小柳,青森県青森市はまなす１丁目１７２３,017-737-3515,ドラッグストア
有限会社ウエダ調剤薬局,青森県南津軽郡大鰐町大字大鰐字大鰐１１０１,0172-48-2147,ドラッグストア
かにた調剤薬局,青森県東津軽郡外ヶ浜町字蟹田１３９１,0174-31-1031,ドラッグストア
ハッピー調剤薬局 八戸小中野店,青森県八戸市小中野４丁目１４７,0178-20-7282,ドラッグストア
会営休日夜間薬局,青森県八戸市田向３丁目６４４,0178-20-9970,ドラッグストア
マルチ薬局,青森県平川市本町北柳田１２２０,0172-44-2711,ドラッグストア
ファルマ弘前薬局,青森県弘前市大字扇町２丁目２１０,0172-28-8955,病院、診療所
テルス調剤薬局,青森県弘前市大字境関字西田２８１,0172-26-0600,病院、診療所
アップル調剤薬局,青森県弘前市大字石渡１丁目１２２,0172-36-2553,病院、診療所
ハート薬局,青森県八戸市大字大工町８,0178-45-7891,病院、診療所
ほてい堂薬局,青森県青森市古川１丁目１６１０,017-722-3335,ドラッグストア
メガ城 東北店,青森県弘前市大字城東北４丁目４１０,0172-27-2700,薬局
天狗薬局,青森県青森市古川１丁目１７２４,017-773-2480,漢方
株式会社南薬局,青森県青森市本町２丁目６１７,017-776-4177,漢方
株式会社南薬局 古川店,青森県青森市古川１丁目１４５,017-722-8477,漢方
ドラッグやぎはし さくら野弘前店,青森県弘前市大字城東北３丁目１０１,0172-26-1155,デパート、百貨店
さくら野弘前店1階 ドラッグやぎはし・さくら野弘前店,青森県弘前市大字城東北３丁目１０１,0172-26-1155,デパート、百貨店
くすりの厚生会,青森県弘前市大字駅前町１１５,0172-36-5571,漢方
メガ 弘前駅前店,青森県弘前市大字駅前２丁目８３,0172-31-2505,薬局
サンケア南部薬局,青森県三戸郡南部町大字下名久井字白山８７８,0178-60-7711,病院、診療所
ちびき薬剤センター,青森県上北郡東北町字板橋山１３０,0175-64-0876,病院、診療所
神薬店,青森県青森市浪岡大字浪岡字若松７６７,0172-62-9510,ドラッグストア
かなぎ調剤薬局,青森県五所川原市金木町菅原９１,0173-54-1111,病院、診療所
厚生薬局,青森県黒石市大字黒石字建石３７４,0172-59-2885,病院、診療所
株式会社南薬局 浪打店,青森県青森市浪打１丁目１７１１,017-743-3959,漢方
有限会社おき薬局,青森県むつ市柳町１丁目２２４,0175-22-8150,薬局
メガ 小柳店,青森県青森市小柳５丁目１９８,017-743-2555,薬局
株式会社薬王堂弘前石渡店,青森県弘前市大字石渡２丁目５４,0172-55-7315,ドラッグストア
金匱堂薬局,青森県むつ市柳町１丁目９５２,0175-22-3134,漢方
メガ石江店,青森県青森市大字石江字岡部８４１,017-761-1232,薬局
ほなみメディカル東一番町店,青森県十和田市東一番町４１４,0176-25-4343,ドラッグストア
漢方八綱堂薬局,青森県八戸市江陽５丁目９２８,0178-44-6240,漢方
株式会社サクラ薬局,青森県八戸市大字湊町字柳町１,0178-33-0390,漢方
メガ 勝田店,青森県青森市勝田２丁目２０１,017-721-2400,薬局
城東中央薬店,青森県弘前市大字城東中央２丁目２１,0172-26-3037,ドラッグストア
野宮商店,青森県つがる市富萢町藪分８１,0173-56-3014,ドラッグストア
メガ 東青森店,青森県青森市東造道３丁目４１,017-736-8808,薬局
薬局おきだて,青森県青森市緑３丁目９２,017-776-2250,ドラッグストア
サンロード青森 1F薬局おきだて,青森県青森市緑３丁目９２,017-776-2250,ドラッグストア
ハッピー・ドラッグ 湊中道店,青森県八戸市大字湊町字中道５５,0178-38-5227,ドラッグストア
古川長兵衛商店,青森県北津軽郡中泊町大字中里字亀山４７１２,0173-57-2635,ドラッグストア
宮薬店,青森県十和田市東二番町８５,0176-21-4088,ドラッグストア
メガ黒石店,青森県黒石市ちとせ３丁目２,0172-52-9887,薬局
ハッピードラッグ浪岡店,青森県青森市浪岡大字浪岡字若松１２４１,0172-69-3955,ドラッグストア
くすり明治,青森県八戸市城下１丁目３２６,0178-43-0434,ドラッグストア
明治薬店,青森県八戸市城下１丁目３２６,0178-43-0434,ドラッグストア
こめいち大間店,青森県下北郡大間町大字大間字山道２８１,0175-37-4329,ドラッグストア
マル大・辻薬局,青森県五所川原市字大町５０８９,0173-34-3005,ドラッグストア
細川薬局 大学通り店,青森県十和田市東十三番町１７,0176-22-9501,食品、食材
株式会社薬王堂 むつ横迎町店,青森県むつ市横迎町１丁目１１４５,0175-33-2860,ドラッグストア
細川薬局,青森県十和田市稲生町１５９,0176-23-2157,食品、食材
ほなみ薬局 本店,青森県十和田市穂並町１０３,0176-23-4546,食品、食材
薬局ミミ,青森県上北郡おいらせ町緑ヶ丘１丁目５０２０８２,0176-57-5820,ドラッグストア
ミドリ薬局,青森県青森市浪館前田１丁目９２８,017-781-2611,食品、食材
スーパーシティアサヒ十和田店,青森県十和田市相坂字白上248-14,0176-21-5270,ドラッグストア
スーパードラッグアサヒ三沢店,青森県三沢市三沢字堀口94-242,0176-51-8690,ドラッグストア
ハッピー・ドラッグ八戸根城店,青森県八戸市根城2丁目26-27,0178-38-3266,ドラッグストア
ハッピー・ドラッグ青森西大野店,青森県青森市西大野3丁目13-8,017-757-8139,ドラッグストア
スーパードラッグアサヒ鯵ヶ沢店,青森県西津軽郡鰺ヶ沢町大字舞戸町西禿18-1,0173-72-2339,ドラッグストア
